backend,extension_um,tip_radius_um,reference_opening_m,drive_factor_system_0,drive_factor_system_1,tau_signed_system_0_Pa,tau_signed_system_1_Pa,opening_stress_Pa,tau_over_opening_system_0,tau_over_opening_system_1,reliable,field_snapshot_hash,topology_fingerprint,source_commit,source_repository
PF,0.0,1.0,1e-05,0.8302901566190986,0.8300720666959953,574588980.1054219,-574438054.4735953,1384067851.191957,0.4151450953871855,-0.41503605042114816,True,68d955e47461ff394c7ff1187a2f3db5660547b58f3af651a95af2c79a0f74a3,9a73ac2dedb244ae21bd0570908201e341e20845473ed145a11912c35b1d4dac,9e884fb0b0845da621d2612bdf1042e481b8df49,/private/tmp/pf-v2-tensor-diagnostic
PF,0.0,2.0,1e-05,0.9231529482521859,0.922749011493723,726428312.3612237,-726110454.8509309,1573798228.5936763,0.46157652179488706,-0.46137455339479755,True,68d955e47461ff394c7ff1187a2f3db5660547b58f3af651a95af2c79a0f74a3,9a73ac2dedb244ae21bd0570908201e341e20845473ed145a11912c35b1d4dac,9e884fb0b0845da621d2612bdf1042e481b8df49,/private/tmp/pf-v2-tensor-diagnostic
PF,0.0,4.0,1e-05,1.0011720666443602,0.9999550605759084,893262030.8729713,-892176198.2289048,1784431884.1419628,0.5005862307277102,-0.4999777274535219,True,68d955e47461ff394c7ff1187a2f3db5660547b58f3af651a95af2c79a0f74a3,9a73ac2dedb244ae21bd0570908201e341e20845473ed145a11912c35b1d4dac,9e884fb0b0845da621d2612bdf1042e481b8df49,/private/tmp/pf-v2-tensor-diagnostic
PF,0.0,8.0,1e-05,0.9938493711236766,0.9919087462538233,962089937.9785553,-960211327.6831483,1936084989.9237785,0.49692546710794533,-0.4959551531469446,True,68d955e47461ff394c7ff1187a2f3db5660547b58f3af651a95af2c79a0f74a3,9a73ac2dedb244ae21bd0570908201e341e20845473ed145a11912c35b1d4dac,9e884fb0b0845da621d2612bdf1042e481b8df49,/private/tmp/pf-v2-tensor-diagnostic
PF,0.0,12.0,1e-05,0.9983496573439843,0.9944318332716042,997879619.926746,-993963640.4224435,1999051489.467114,0.49917654706970566,-0.4972176282900066,True,68d955e47461ff394c7ff1187a2f3db5660547b58f3af651a95af2c79a0f74a3,9a73ac2dedb244ae21bd0570908201e341e20845473ed145a11912c35b1d4dac,9e884fb0b0845da621d2612bdf1042e481b8df49,/private/tmp/pf-v2-tensor-diagnostic
PF,0.0,25.0,1e-05,1.042382701229575,1.034521434422681,1041359881.4067501,-1033506328.3306319,1998016834.5819733,0.5211967503890548,-0.517266076262497,True,68d955e47461ff394c7ff1187a2f3db5660547b58f3af651a95af2c79a0f74a3,9a73ac2dedb244ae21bd0570908201e341e20845473ed145a11912c35b1d4dac,9e884fb0b0845da621d2612bdf1042e481b8df49,/private/tmp/pf-v2-tensor-diagnostic
PF,0.0,50.0,1e-05,0.870387324047129,0.8724167820302293,865842258.8119916,-867861119.1925415,1989525594.496799,0.43520036193904044,-0.4362151065525977,True,68d955e47461ff394c7ff1187a2f3db5660547b58f3af651a95af2c79a0f74a3,9a73ac2dedb244ae21bd0570908201e341e20845473ed145a11912c35b1d4dac,9e884fb0b0845da621d2612bdf1042e481b8df49,/private/tmp/pf-v2-tensor-diagnostic
PF,0.0,100.0,1e-05,1.0353220007498776,0.9707114288823697,747029374.1625971,-700410066.322608,1443085742.151176,0.5176611148891381,-0.4853558218089815,True,68d955e47461ff394c7ff1187a2f3db5660547b58f3af651a95af2c79a0f74a3,9a73ac2dedb244ae21bd0570908201e341e20845473ed145a11912c35b1d4dac,9e884fb0b0845da621d2612bdf1042e481b8df49,/private/tmp/pf-v2-tensor-diagnostic
PF,0.0,150.0,1e-05,0.9660893310345773,0.9870015437823064,644966637.1318287,-658927747.246195,1335211078.0080714,0.48304470188640075,-0.4935008090475203,True,68d955e47461ff394c7ff1187a2f3db5660547b58f3af651a95af2c79a0f74a3,9a73ac2dedb244ae21bd0570908201e341e20845473ed145a11912c35b1d4dac,9e884fb0b0845da621d2612bdf1042e481b8df49,/private/tmp/pf-v2-tensor-diagnostic
PF,0.0,200.0,1e-05,0.9803961851170716,0.9941918903211261,621906492.5440859,-630657687.9953424,1268683445.4966457,0.4901983191722274,-0.49709617496306313,True,68d955e47461ff394c7ff1187a2f3db5660547b58f3af651a95af2c79a0f74a3,9a73ac2dedb244ae21bd0570908201e341e20845473ed145a11912c35b1d4dac,9e884fb0b0845da621d2612bdf1042e481b8df49,/private/tmp/pf-v2-tensor-diagnostic
PF,0.0,300.0,1e-05,0.9994366705305028,1.003737582163727,601181861.5783323,-603768949.0230758,1203032885.8546708,0.4997218851180736,-0.5018723562108945,True,68d955e47461ff394c7ff1187a2f3db5660547b58f3af651a95af2c79a0f74a3,9a73ac2dedb244ae21bd0570908201e341e20845473ed145a11912c35b1d4dac,9e884fb0b0845da621d2612bdf1042e481b8df49,/private/tmp/pf-v2-tensor-diagnostic
PF,0.0,400.0,1e-05,0.9986884607192952,1.0044994644790088,586032065.399582,-589441972.1615937,1173601815.987263,0.49934488632892693,-0.5022503920256296,True,68d955e47461ff394c7ff1187a2f3db5660547b58f3af651a95af2c79a0f74a3,9a73ac2dedb244ae21bd0570908201e341e20845473ed145a11912c35b1d4dac,9e884fb0b0845da621d2612bdf1042e481b8df49,/private/tmp/pf-v2-tensor-diagnostic
PF,0.0,600.0,1e-05,1.0101518867371182,1.0164658293731517,576384834.839411,-579987521.5553769,1141184367.7747836,0.5050759992123923,-0.5082329708794603,True,68d955e47461ff394c7ff1187a2f3db5660547b58f3af651a95af2c79a0f74a3,9a73ac2dedb244ae21bd0570908201e341e20845473ed145a11912c35b1d4dac,9e884fb0b0845da621d2612bdf1042e481b8df49,/private/tmp/pf-v2-tensor-diagnostic
PF,0.0,800.0,1e-05,1.0184961933371037,1.0205772725946678,570057013.9235586,-571221803.5762506,1119405592.523108,0.5092497462324326,-0.5102902892317458,True,68d955e47461ff394c7ff1187a2f3db5660547b58f3af651a95af2c79a0f74a3,9a73ac2dedb244ae21bd0570908201e341e20845473ed145a11912c35b1d4dac,9e884fb0b0845da621d2612bdf1042e481b8df49,/private/tmp/pf-v2-tensor-diagnostic
PF,0.0,1000.0,1e-05,1.0208121771180436,1.0121639106704665,566764626.2730722,-561963026.5165832,1110415536.068435,0.5104076878100727,-0.5060835410375143,True,68d955e47461ff394c7ff1187a2f3db5660547b58f3af651a95af2c79a0f74a3,9a73ac2dedb244ae21bd0570908201e341e20845473ed145a11912c35b1d4dac,9e884fb0b0845da621d2612bdf1042e481b8df49,/private/tmp/pf-v2-tensor-diagnostic
PF,25.0,1.0,1e-05,0.8989226752070784,0.8940999369434459,694487687.7555183,-690761747.3184406,1544268994.4003067,0.4497193754933945,-0.4473066219831004,True,d30512b820b816d0ad10bb5fabf2266641b368175991d882539a10b03e0e3119,82c2cc073e6a585581cfba547c17939ee0ea538877aa408cad818c656b6b7f1a,9e884fb0b0845da621d2612bdf1042e481b8df49,/private/tmp/pf-v2-tensor-diagnostic
PF,25.0,2.0,1e-05,0.5776904575828601,0.5579472039713278,445341631.9606041,-430121555.7620791,1541734560.7808254,0.288857526638734,-0.2789854795395131,True,d30512b820b816d0ad10bb5fabf2266641b368175991d882539a10b03e0e3119,82c2cc073e6a585581cfba547c17939ee0ea538877aa408cad818c656b6b7f1a,9e884fb0b0845da621d2612bdf1042e481b8df49,/private/tmp/pf-v2-tensor-diagnostic
PF,25.0,4.0,1e-05,0.3262184600616326,0.31545280402372705,524943619.6839901,-507619761.1637114,3218351636.791949,0.16310946687207045,-0.1577266310370319,True,d30512b820b816d0ad10bb5fabf2266641b368175991d882539a10b03e0e3119,82c2cc073e6a585581cfba547c17939ee0ea538877aa408cad818c656b6b7f1a,9e884fb0b0845da621d2612bdf1042e481b8df49,/private/tmp/pf-v2-tensor-diagnostic
PF,25.0,8.0,1e-05,0.5537769588001762,0.6769751387949249,836211036.080545,-1022242029.4245993,3020013639.5119185,0.2768898210061362,-0.3384892094692028,True,d30512b820b816d0ad10bb5fabf2266641b368175991d882539a10b03e0e3119,82c2cc073e6a585581cfba547c17939ee0ea538877aa408cad818c656b6b7f1a,9e884fb0b0845da621d2612bdf1042e481b8df49,/private/tmp/pf-v2-tensor-diagnostic
PF,25.0,12.0,1e-05,0.69749370789608,0.69654169554945,1004794340.9058051,-1003422892.5220603,2881125094.969833,0.3487506816903158,-0.3482746702924979,True,d30512b820b816d0ad10bb5fabf2266641b368175991d882539a10b03e0e3119,82c2cc073e6a585581cfba547c17939ee0ea538877aa408cad818c656b6b7f1a,9e884fb0b0845da621d2612bdf1042e481b8df49,/private/tmp/pf-v2-tensor-diagnostic
PF,25.0,25.0,1e-05,0.8439360041895814,0.8436491334935182,1102357670.893761,-1101982957.5140853,2612379356.183607,0.42197457589168125,-0.42183113830908486,True,d30512b820b816d0ad10bb5fabf2266641b368175991d882539a10b03e0e3119,82c2cc073e6a585581cfba547c17939ee0ea538877aa408cad818c656b6b7f1a,9e884fb0b0845da621d2612bdf1042e481b8df49,/private/tmp/pf-v2-tensor-diagnostic
PF,25.0,50.0,1e-05,0.5851574266325795,0.6037540017562181,757951012.7299314,-782039048.3708436,2590538008.110437,0.29258440152468096,-0.301882869860408,True,d30512b820b816d0ad10bb5fabf2266641b368175991d882539a10b03e0e3119,82c2cc073e6a585581cfba547c17939ee0ea538877aa408cad818c656b6b7f1a,9e884fb0b0845da621d2612bdf1042e481b8df49,/private/tmp/pf-v2-tensor-diagnostic
PF,25.0,100.0,1e-05,0.8693925047391159,0.9483348800780654,656064348.1555889,-715636150.0014572,1509160530.597153,0.4347213797699796,-0.47419484905180387,True,d30512b820b816d0ad10bb5fabf2266641b368175991d882539a10b03e0e3119,82c2cc073e6a585581cfba547c17939ee0ea538877aa408cad818c656b6b7f1a,9e884fb0b0845da621d2612bdf1042e481b8df49,/private/tmp/pf-v2-tensor-diagnostic
PF,25.0,150.0,1e-05,0.9315090330717668,0.9687140806683985,623771302.2220187,-648685114.2889332,1339261419.1158736,0.46575768802016815,-0.48436033848953025,True,d30512b820b816d0ad10bb5fabf2266641b368175991d882539a10b03e0e3119,82c2cc073e6a585581cfba547c17939ee0ea538877aa408cad818c656b6b7f1a,9e884fb0b0845da621d2612bdf1042e481b8df49,/private/tmp/pf-v2-tensor-diagnostic
PF,25.0,200.0,1e-05,0.984150144086215,0.9981614528130771,615756165.2248017,-624522662.6777326,1251339970.0933433,0.49207743694055384,-0.4990831249729412,True,d30512b820b816d0ad10bb5fabf2266641b368175991d882539a10b03e0e3119,82c2cc073e6a585581cfba547c17939ee0ea538877aa408cad818c656b6b7f1a,9e884fb0b0845da621d2612bdf1042e481b8df49,/private/tmp/pf-v2-tensor-diagnostic
PF,25.0,300.0,1e-05,0.979226657689817,0.9931191747321704,590919367.0687741,-599302877.988531,1206910198.043143,0.48961336810880995,-0.4965596271870328,True,d30512b820b816d0ad10bb5fabf2266641b368175991d882539a10b03e0e3119,82c2cc073e6a585581cfba547c17939ee0ea538877aa408cad818c656b6b7f1a,9e884fb0b0845da621d2612bdf1042e481b8df49,/private/tmp/pf-v2-tensor-diagnostic
PF,25.0,400.0,1e-05,0.9922795407420293,1.005781479631834,583539612.0418047,-591479830.3553627,1176159713.7272336,0.49613977186191477,-0.5028907413271038,True,d30512b820b816d0ad10bb5fabf2266641b368175991d882539a10b03e0e3119,82c2cc073e6a585581cfba547c17939ee0ea538877aa408cad818c656b6b7f1a,9e884fb0b0845da621d2612bdf1042e481b8df49,/private/tmp/pf-v2-tensor-diagnostic
PF,25.0,600.0,1e-05,1.011377887462108,1.0197992950402643,575517820.5782002,-580309966.2199674,1138083510.231169,0.5056903253622401,-0.5099010406557021,True,d30512b820b816d0ad10bb5fabf2266641b368175991d882539a10b03e0e3119,82c2cc073e6a585581cfba547c17939ee0ea538877aa408cad818c656b6b7f1a,9e884fb0b0845da621d2612bdf1042e481b8df49,/private/tmp/pf-v2-tensor-diagnostic
PF,25.0,800.0,1e-05,1.0179958327227197,1.0207213361443028,569696221.4668212,-571221482.1319047,1119245268.967418,0.509000339123529,-0.510363097320837,True,d30512b820b816d0ad10bb5fabf2266641b368175991d882539a10b03e0e3119,82c2cc073e6a585581cfba547c17939ee0ea538877aa408cad818c656b6b7f1a,9e884fb0b0845da621d2612bdf1042e481b8df49,/private/tmp/pf-v2-tensor-diagnostic
PF,25.0,1000.0,1e-05,1.0208352874931659,1.0129422698390782,566766978.6239163,-562384781.199082,1110394111.117443,0.5104196545617046,-0.5064731301871973,True,d30512b820b816d0ad10bb5fabf2266641b368175991d882539a10b03e0e3119,82c2cc073e6a585581cfba547c17939ee0ea538877aa408cad818c656b6b7f1a,9e884fb0b0845da621d2612bdf1042e481b8df49,/private/tmp/pf-v2-tensor-diagnostic
PF,100.0,1.0,1e-05,0.6981790002583642,0.35472960469655,114123702.83659457,-57983777.76866792,306849359.66553503,0.37192094179694263,-0.18896496258577852,True,2927e2d4634669d9ce26441eaaf512a7faa388e454a2585ec4c70376eb642e26,9bd60e2539934f43b615a66523768ff107b7f95d0b4dfad7444cd25cb590e1c8,9e884fb0b0845da621d2612bdf1042e481b8df49,/private/tmp/pf-v2-tensor-diagnostic
PF,100.0,2.0,1e-05,0.6981790002583642,0.35472960469655,114123702.83659457,-57983777.76866792,306849359.66553503,0.37192094179694263,-0.18896496258577852,True,2927e2d4634669d9ce26441eaaf512a7faa388e454a2585ec4c70376eb642e26,9bd60e2539934f43b615a66523768ff107b7f95d0b4dfad7444cd25cb590e1c8,9e884fb0b0845da621d2612bdf1042e481b8df49,/private/tmp/pf-v2-tensor-diagnostic
PF,100.0,4.0,1e-05,0.6981790002583642,0.35472960469655,114123702.83659457,-57983777.76866792,306849359.66553503,0.37192094179694263,-0.18896496258577852,True,2927e2d4634669d9ce26441eaaf512a7faa388e454a2585ec4c70376eb642e26,9bd60e2539934f43b615a66523768ff107b7f95d0b4dfad7444cd25cb590e1c8,9e884fb0b0845da621d2612bdf1042e481b8df49,/private/tmp/pf-v2-tensor-diagnostic
PF,100.0,8.0,1e-05,0.6981790002583642,0.35472960469655,114123702.83659457,-57983777.76866792,306849359.66553503,0.37192094179694263,-0.18896496258577852,True,2927e2d4634669d9ce26441eaaf512a7faa388e454a2585ec4c70376eb642e26,9bd60e2539934f43b615a66523768ff107b7f95d0b4dfad7444cd25cb590e1c8,9e884fb0b0845da621d2612bdf1042e481b8df49,/private/tmp/pf-v2-tensor-diagnostic
PF,100.0,12.0,1e-05,0.6981790002583642,0.35472960469655,114123702.83659457,-57983777.76866792,306849359.66553503,0.37192094179694263,-0.18896496258577852,True,2927e2d4634669d9ce26441eaaf512a7faa388e454a2585ec4c70376eb642e26,9bd60e2539934f43b615a66523768ff107b7f95d0b4dfad7444cd25cb590e1c8,9e884fb0b0845da621d2612bdf1042e481b8df49,/private/tmp/pf-v2-tensor-diagnostic
PF,100.0,25.0,1e-05,0.6981790002583642,0.7860370341116119,114123702.83659457,-128484896.94808328,306849359.66553503,0.37192094179694263,-0.41872304080455464,True,2927e2d4634669d9ce26441eaaf512a7faa388e454a2585ec4c70376eb642e26,9bd60e2539934f43b615a66523768ff107b7f95d0b4dfad7444cd25cb590e1c8,9e884fb0b0845da621d2612bdf1042e481b8df49,/private/tmp/pf-v2-tensor-diagnostic
PF,100.0,50.0,1e-05,0.6938258736183501,0.7248050348223679,324536359.3063202,-339026831.0137011,934715424.0903015,0.3472033850539811,-0.36270593410144497,True,2927e2d4634669d9ce26441eaaf512a7faa388e454a2585ec4c70376eb642e26,9bd60e2539934f43b615a66523768ff107b7f95d0b4dfad7444cd25cb590e1c8,9e884fb0b0845da621d2612bdf1042e481b8df49,/private/tmp/pf-v2-tensor-diagnostic
PF,100.0,100.0,1e-05,0.6689517047172462,0.37676827083306236,509525290.5718233,-286975818.016045,1522923496.1069653,0.33457050986101267,-0.18843744859780448,True,2927e2d4634669d9ce26441eaaf512a7faa388e454a2585ec4c70376eb642e26,9bd60e2539934f43b615a66523768ff107b7f95d0b4dfad7444cd25cb590e1c8,9e884fb0b0845da621d2612bdf1042e481b8df49,/private/tmp/pf-v2-tensor-diagnostic
PF,100.0,150.0,1e-05,0.6460332346365558,0.5735926391378006,553022687.203697,-491011492.3649434,1712055673.4821916,0.32301676620065206,-0.28679645175688895,True,2927e2d4634669d9ce26441eaaf512a7faa388e454a2585ec4c70376eb642e26,9bd60e2539934f43b615a66523768ff107b7f95d0b4dfad7444cd25cb590e1c8,9e884fb0b0845da621d2612bdf1042e481b8df49,/private/tmp/pf-v2-tensor-diagnostic
PF,100.0,200.0,1e-05,0.7470544437962325,0.695918093233002,599466982.8221996,-558433087.5830469,1604873423.07421,0.3735291358205014,-0.3479608295296848,True,2927e2d4634669d9ce26441eaaf512a7faa388e454a2585ec4c70376eb642e26,9bd60e2539934f43b615a66523768ff107b7f95d0b4dfad7444cd25cb590e1c8,9e884fb0b0845da621d2612bdf1042e481b8df49,/private/tmp/pf-v2-tensor-diagnostic
PF,100.0,300.0,1e-05,0.8665784677644005,0.8999752900301172,614717645.8436435,-638408075.1879154,1418719042.9825919,0.43329061443435235,-0.44998907877191924,True,2927e2d4634669d9ce26441eaaf512a7faa388e454a2585ec4c70376eb642e26,9bd60e2539934f43b615a66523768ff107b7f95d0b4dfad7444cd25cb590e1c8,9e884fb0b0845da621d2612bdf1042e481b8df49,/private/tmp/pf-v2-tensor-diagnostic
PF,100.0,400.0,1e-05,0.9446752376998905,0.9509525636173504,617202790.2382393,-621304075.9678457,1306695808.2066336,0.4723385399738256,-0.4754772090533837,True,2927e2d4634669d9ce26441eaaf512a7faa388e454a2585ec4c70376eb642e26,9bd60e2539934f43b615a66523768ff107b7f95d0b4dfad7444cd25cb590e1c8,9e884fb0b0845da621d2612bdf1042e481b8df49,/private/tmp/pf-v2-tensor-diagnostic
PF,100.0,600.0,1e-05,0.9907049950773852,0.992975063220653,596589901.9820745,-597956908.0412081,1204374253.9871309,0.49535258662914694,-0.4964876209049197,True,2927e2d4634669d9ce26441eaaf512a7faa388e454a2585ec4c70376eb642e26,9bd60e2539934f43b615a66523768ff107b7f95d0b4dfad7444cd25cb590e1c8,9e884fb0b0845da621d2612bdf1042e481b8df49,/private/tmp/pf-v2-tensor-diagnostic
PF,100.0,800.0,1e-05,1.0178768300726277,1.018937881886615,579233572.4727082,-579837375.2262797,1138120398.1472929,0.5089387497277289,-0.5094692759836105,True,2927e2d4634669d9ce26441eaaf512a7faa388e454a2585ec4c70376eb642e26,9bd60e2539934f43b615a66523768ff107b7f95d0b4dfad7444cd25cb590e1c8,9e884fb0b0845da621d2612bdf1042e481b8df49,/private/tmp/pf-v2-tensor-diagnostic
PF,100.0,1000.0,1e-05,1.0163653762196185,1.0095778802567585,572161556.835327,-568340544.8764502,1125896090.0301185,0.5081832701097855,-0.5047895182416405,True,2927e2d4634669d9ce26441eaaf512a7faa388e454a2585ec4c70376eb642e26,9bd60e2539934f43b615a66523768ff107b7f95d0b4dfad7444cd25cb590e1c8,9e884fb0b0845da621d2612bdf1042e481b8df49,/private/tmp/pf-v2-tensor-diagnostic
PF,300.0,1.0,1e-05,0.7502196518535267,0.7535120767664493,493188085.2772231,-495352497.70591855,1311447637.4710593,0.37606387871365293,-0.37771427814009834,True,921840c039a92792305a4f42946b2b16871602162391c7757ce6fffe241dfdf3,86b1cee0b31eb92cdf74e8edfc4e5d4b5bf1824187b345629643d12a57f616e6,9e884fb0b0845da621d2612bdf1042e481b8df49,/private/tmp/pf-v2-tensor-diagnostic
PF,300.0,2.0,1e-05,0.7502196518535267,0.7535120767664493,493188085.2772231,-495352497.70591855,1311447637.4710593,0.37606387871365293,-0.37771427814009834,True,921840c039a92792305a4f42946b2b16871602162391c7757ce6fffe241dfdf3,86b1cee0b31eb92cdf74e8edfc4e5d4b5bf1824187b345629643d12a57f616e6,9e884fb0b0845da621d2612bdf1042e481b8df49,/private/tmp/pf-v2-tensor-diagnostic
PF,300.0,4.0,1e-05,0.7502196518535267,0.7535120767664493,493188085.2772231,-495352497.70591855,1311447637.4710593,0.37606387871365293,-0.37771427814009834,True,921840c039a92792305a4f42946b2b16871602162391c7757ce6fffe241dfdf3,86b1cee0b31eb92cdf74e8edfc4e5d4b5bf1824187b345629643d12a57f616e6,9e884fb0b0845da621d2612bdf1042e481b8df49,/private/tmp/pf-v2-tensor-diagnostic
PF,300.0,8.0,1e-05,0.7502196518535267,0.7535120767664493,493188085.2772231,-495352497.70591855,1311447637.4710593,0.37606387871365293,-0.37771427814009834,True,921840c039a92792305a4f42946b2b16871602162391c7757ce6fffe241dfdf3,86b1cee0b31eb92cdf74e8edfc4e5d4b5bf1824187b345629643d12a57f616e6,9e884fb0b0845da621d2612bdf1042e481b8df49,/private/tmp/pf-v2-tensor-diagnostic
PF,300.0,12.0,1e-05,0.7502196518535267,0.7535120767664493,493188085.2772231,-495352497.70591855,1311447637.4710593,0.37606387871365293,-0.37771427814009834,True,921840c039a92792305a4f42946b2b16871602162391c7757ce6fffe241dfdf3,86b1cee0b31eb92cdf74e8edfc4e5d4b5bf1824187b345629643d12a57f616e6,9e884fb0b0845da621d2612bdf1042e481b8df49,/private/tmp/pf-v2-tensor-diagnostic
PF,300.0,25.0,1e-05,0.57236613825122,0.5789866550144442,410569463.1241545,-415318489.71993893,1434608677.1184163,0.2861891675915641,-0.2894994965136806,True,921840c039a92792305a4f42946b2b16871602162391c7757ce6fffe241dfdf3,86b1cee0b31eb92cdf74e8edfc4e5d4b5bf1824187b345629643d12a57f616e6,9e884fb0b0845da621d2612bdf1042e481b8df49,/private/tmp/pf-v2-tensor-diagnostic
PF,300.0,50.0,1e-05,0.8367753559375182,0.8316385667025769,694115234.9513011,-689854206.4190831,1658936499.228785,0.4184097675070655,-0.41584123728653033,True,921840c039a92792305a4f42946b2b16871602162391c7757ce6fffe241dfdf3,86b1cee0b31eb92cdf74e8edfc4e5d4b5bf1824187b345629643d12a57f616e6,9e884fb0b0845da621d2612bdf1042e481b8df49,/private/tmp/pf-v2-tensor-diagnostic
PF,300.0,100.0,1e-05,0.6530091313395372,0.7482063662290357,606756307.7667952,-695210695.2769246,1858272213.4526782,0.32651637546656265,-0.37411671457176876,True,921840c039a92792305a4f42946b2b16871602162391c7757ce6fffe241dfdf3,86b1cee0b31eb92cdf74e8edfc4e5d4b5bf1824187b345629643d12a57f616e6,9e884fb0b0845da621d2612bdf1042e481b8df49,/private/tmp/pf-v2-tensor-diagnostic
PF,300.0,150.0,1e-05,0.7463330758288075,0.7651428320224917,634489615.2634983,-650480592.1571292,1700191872.5949259,0.37318706523111744,-0.38259246067582364,True,921840c039a92792305a4f42946b2b16871602162391c7757ce6fffe241dfdf3,86b1cee0b31eb92cdf74e8edfc4e5d4b5bf1824187b345629643d12a57f616e6,9e884fb0b0845da621d2612bdf1042e481b8df49,/private/tmp/pf-v2-tensor-diagnostic
PF,300.0,200.0,1e-05,0.8044902374741995,0.8189809806374363,652079007.0959234,-663824468.9720454,1621038381.741552,0.4022600664121022,-0.4095057072361667,True,921840c039a92792305a4f42946b2b16871602162391c7757ce6fffe241dfdf3,86b1cee0b31eb92cdf74e8edfc4e5d4b5bf1824187b345629643d12a57f616e6,9e884fb0b0845da621d2612bdf1042e481b8df49,/private/tmp/pf-v2-tensor-diagnostic
PF,300.0,300.0,1e-05,0.9303954744707424,0.9364725102151602,656629305.4944822,-660918191.1026071,1411478525.3960624,0.4652067273288705,-0.46824530392139885,True,921840c039a92792305a4f42946b2b16871602162391c7757ce6fffe241dfdf3,86b1cee0b31eb92cdf74e8edfc4e5d4b5bf1824187b345629643d12a57f616e6,9e884fb0b0845da621d2612bdf1042e481b8df49,/private/tmp/pf-v2-tensor-diagnostic
PF,300.0,400.0,1e-05,0.9813146833440007,0.9869715324274388,634152731.5188973,-637808344.0955155,1292452418.5504737,0.49065847408922,-0.493486905158828,True,921840c039a92792305a4f42946b2b16871602162391c7757ce6fffe241dfdf3,86b1cee0b31eb92cdf74e8edfc4e5d4b5bf1824187b345629643d12a57f616e6,9e884fb0b0845da621d2612bdf1042e481b8df49,/private/tmp/pf-v2-tensor-diagnostic
PF,300.0,600.0,1e-05,1.0350519764260806,1.0425272050362977,601147463.5939487,-605488998.9189024,1161575984.4815896,0.5175274554787221,-0.5212650803805415,True,921840c039a92792305a4f42946b2b16871602162391c7757ce6fffe241dfdf3,86b1cee0b31eb92cdf74e8edfc4e5d4b5bf1824187b345629643d12a57f616e6,9e884fb0b0845da621d2612bdf1042e481b8df49,/private/tmp/pf-v2-tensor-diagnostic
PF,300.0,800.0,1e-05,1.0406324982180597,1.0406274123484442,582632678.2923942,-582629830.799316,1119760254.5166438,0.520319127190216,-0.5203165842413422,True,921840c039a92792305a4f42946b2b16871602162391c7757ce6fffe241dfdf3,86b1cee0b31eb92cdf74e8edfc4e5d4b5bf1824187b345629643d12a57f616e6,9e884fb0b0845da621d2612bdf1042e481b8df49,/private/tmp/pf-v2-tensor-diagnostic
PF,300.0,1000.0,1e-05,1.0379906502320781,1.0305246581588048,577422876.5825816,-573269626.6293876,1112570715.9559898,0.5189988090657447,-0.5152657879699798,True,921840c039a92792305a4f42946b2b16871602162391c7757ce6fffe241dfdf3,86b1cee0b31eb92cdf74e8edfc4e5d4b5bf1824187b345629643d12a57f616e6,9e884fb0b0845da621d2612bdf1042e481b8df49,/private/tmp/pf-v2-tensor-diagnostic
PF,500.0,1.0,1e-05,0.6251901739949903,0.6275631032105873,493610145.6842431,-495483658.7120064,1577982949.652206,0.31281082333179633,-0.31399810677372214,True,46b31f6c7050a9622887531cbbaf64e71779edc4b20da77df9956003c5778c0e,45ec54eebd57df83a244b8fffc8b4d4d345b7ba7851e0b3ba6598f5ca2845647,9e884fb0b0845da621d2612bdf1042e481b8df49,/private/tmp/pf-v2-tensor-diagnostic
PF,500.0,2.0,1e-05,0.6251901739949903,0.6275631032105873,493610145.6842431,-495483658.7120064,1577982949.652206,0.31281082333179633,-0.31399810677372214,True,46b31f6c7050a9622887531cbbaf64e71779edc4b20da77df9956003c5778c0e,45ec54eebd57df83a244b8fffc8b4d4d345b7ba7851e0b3ba6598f5ca2845647,9e884fb0b0845da621d2612bdf1042e481b8df49,/private/tmp/pf-v2-tensor-diagnostic
PF,500.0,4.0,1e-05,0.6251901739949903,0.6275631032105873,493610145.6842431,-495483658.7120064,1577982949.652206,0.31281082333179633,-0.31399810677372214,True,46b31f6c7050a9622887531cbbaf64e71779edc4b20da77df9956003c5778c0e,45ec54eebd57df83a244b8fffc8b4d4d345b7ba7851e0b3ba6598f5ca2845647,9e884fb0b0845da621d2612bdf1042e481b8df49,/private/tmp/pf-v2-tensor-diagnostic
PF,500.0,8.0,1e-05,0.6251901739949903,0.6275631032105873,493610145.6842431,-495483658.7120064,1577982949.652206,0.31281082333179633,-0.31399810677372214,True,46b31f6c7050a9622887531cbbaf64e71779edc4b20da77df9956003c5778c0e,45ec54eebd57df83a244b8fffc8b4d4d345b7ba7851e0b3ba6598f5ca2845647,9e884fb0b0845da621d2612bdf1042e481b8df49,/private/tmp/pf-v2-tensor-diagnostic
PF,500.0,12.0,1e-05,0.6251901739949903,0.6275631032105873,493610145.6842431,-495483658.7120064,1577982949.652206,0.31281082333179633,-0.31399810677372214,True,46b31f6c7050a9622887531cbbaf64e71779edc4b20da77df9956003c5778c0e,45ec54eebd57df83a244b8fffc8b4d4d345b7ba7851e0b3ba6598f5ca2845647,9e884fb0b0845da621d2612bdf1042e481b8df49,/private/tmp/pf-v2-tensor-diagnostic
PF,500.0,25.0,1e-05,0.5661936883965427,0.5706375722507078,410345638.41802704,-413566317.8331529,1448891135.853222,0.28321357503259414,-0.28543643314486306,True,46b31f6c7050a9622887531cbbaf64e71779edc4b20da77df9956003c5778c0e,45ec54eebd57df83a244b8fffc8b4d4d345b7ba7851e0b3ba6598f5ca2845647,9e884fb0b0845da621d2612bdf1042e481b8df49,/private/tmp/pf-v2-tensor-diagnostic
PF,500.0,50.0,1e-05,0.7931105141605639,0.8576054850797576,665540273.4161988,-719661357.1909628,1677883557.9356947,0.3966546249699324,-0.42891019092907995,True,46b31f6c7050a9622887531cbbaf64e71779edc4b20da77df9956003c5778c0e,45ec54eebd57df83a244b8fffc8b4d4d345b7ba7851e0b3ba6598f5ca2845647,9e884fb0b0845da621d2612bdf1042e481b8df49,/private/tmp/pf-v2-tensor-diagnostic
PF,500.0,100.0,1e-05,0.7321396721798956,0.7749856267690257,670818943.1895565,-710076313.1553869,1831950523.805551,0.3661774346372901,-0.38760670876652814,True,46b31f6c7050a9622887531cbbaf64e71779edc4b20da77df9956003c5778c0e,45ec54eebd57df83a244b8fffc8b4d4d345b7ba7851e0b3ba6598f5ca2845647,9e884fb0b0845da621d2612bdf1042e481b8df49,/private/tmp/pf-v2-tensor-diagnostic
PF,500.0,150.0,1e-05,0.7272271653100475,0.824865528780666,639230042.8283074,-725053810.4764808,1756793010.2129896,0.36386190012835296,-0.41271442125590935,True,46b31f6c7050a9622887531cbbaf64e71779edc4b20da77df9956003c5778c0e,45ec54eebd57df83a244b8fffc8b4d4d345b7ba7851e0b3ba6598f5ca2845647,9e884fb0b0845da621d2612bdf1042e481b8df49,/private/tmp/pf-v2-tensor-diagnostic
PF,500.0,200.0,1e-05,0.8256674639003875,0.8936358628221627,656000020.5576196,-710001507.8868239,1588814633.2608347,0.41288644176902195,-0.4468749802672943,True,46b31f6c7050a9622887531cbbaf64e71779edc4b20da77df9956003c5778c0e,45ec54eebd57df83a244b8fffc8b4d4d345b7ba7851e0b3ba6598f5ca2845647,9e884fb0b0845da621d2612bdf1042e481b8df49,/private/tmp/pf-v2-tensor-diagnostic
PF,500.0,300.0,1e-05,0.9479309184196101,0.9883125141899661,659682412.5637693,-687784701.457749,1391834639.7174077,0.47396608313880484,-0.4941569076031862,True,46b31f6c7050a9622887531cbbaf64e71779edc4b20da77df9956003c5778c0e,45ec54eebd57df83a244b8fffc8b4d4d345b7ba7851e0b3ba6598f5ca2845647,9e884fb0b0845da621d2612bdf1042e481b8df49,/private/tmp/pf-v2-tensor-diagnostic
PF,500.0,400.0,1e-05,1.0065457075583746,1.0301806302715153,641302470.6216098,-656361035.9853779,1274260469.8738995,0.503274240850517,-0.5150917347772165,True,46b31f6c7050a9622887531cbbaf64e71779edc4b20da77df9956003c5778c0e,45ec54eebd57df83a244b8fffc8b4d4d345b7ba7851e0b3ba6598f5ca2845647,9e884fb0b0845da621d2612bdf1042e481b8df49,/private/tmp/pf-v2-tensor-diagnostic
PF,500.0,600.0,1e-05,1.061810222142482,1.0614850353462468,605588718.0637022,-605403252.2893513,1140665993.2975342,0.530908014810729,-0.5307454205233209,True,46b31f6c7050a9622887531cbbaf64e71779edc4b20da77df9956003c5778c0e,45ec54eebd57df83a244b8fffc8b4d4d345b7ba7851e0b3ba6598f5ca2845647,9e884fb0b0845da621d2612bdf1042e481b8df49,/private/tmp/pf-v2-tensor-diagnostic
PF,500.0,800.0,1e-05,1.0433633039113124,1.0402502603693493,589189569.2012974,-587431626.616468,1129381378.7801778,0.5216923001135978,-0.520135746572111,True,46b31f6c7050a9622887531cbbaf64e71779edc4b20da77df9956003c5778c0e,45ec54eebd57df83a244b8fffc8b4d4d345b7ba7851e0b3ba6598f5ca2845647,9e884fb0b0845da621d2612bdf1042e481b8df49,/private/tmp/pf-v2-tensor-diagnostic
PF,500.0,1000.0,1e-05,1.0429431951571184,1.037326522219556,583042424.3209285,-579902503.9289643,1118039498.9161918,0.5214864277032428,-0.5186780113682135,True,46b31f6c7050a9622887531cbbaf64e71779edc4b20da77df9956003c5778c0e,45ec54eebd57df83a244b8fffc8b4d4d345b7ba7851e0b3ba6598f5ca2845647,9e884fb0b0845da621d2612bdf1042e481b8df49,/private/tmp/pf-v2-tensor-diagnostic
PF,700.0,1.0,1e-05,0.43012626090175565,1.655813408290303,92697604.68605426,-356848559.8479211,397030482.8476784,0.23347729882397442,-0.8987938590720924,True,6da9aa22044df7405e5d7b5a39c30d15fada21af5f3693856e91f37900093a09,ea21546cb9667dffc217a98016774db3e0e8ea4d8a4aca1303e5ad728c6332c0,9e884fb0b0845da621d2612bdf1042e481b8df49,/private/tmp/pf-v2-tensor-diagnostic
PF,700.0,2.0,1e-05,0.43012626090175565,1.655813408290303,92697604.68605426,-356848559.8479211,397030482.8476784,0.23347729882397442,-0.8987938590720924,True,6da9aa22044df7405e5d7b5a39c30d15fada21af5f3693856e91f37900093a09,ea21546cb9667dffc217a98016774db3e0e8ea4d8a4aca1303e5ad728c6332c0,9e884fb0b0845da621d2612bdf1042e481b8df49,/private/tmp/pf-v2-tensor-diagnostic
PF,700.0,4.0,1e-05,0.43012626090175565,1.655813408290303,92697604.68605426,-356848559.8479211,397030482.8476784,0.23347729882397442,-0.8987938590720924,True,6da9aa22044df7405e5d7b5a39c30d15fada21af5f3693856e91f37900093a09,ea21546cb9667dffc217a98016774db3e0e8ea4d8a4aca1303e5ad728c6332c0,9e884fb0b0845da621d2612bdf1042e481b8df49,/private/tmp/pf-v2-tensor-diagnostic
PF,700.0,8.0,1e-05,0.43012626090175565,1.655813408290303,92697604.68605426,-356848559.8479211,397030482.8476784,0.23347729882397442,-0.8987938590720924,True,6da9aa22044df7405e5d7b5a39c30d15fada21af5f3693856e91f37900093a09,ea21546cb9667dffc217a98016774db3e0e8ea4d8a4aca1303e5ad728c6332c0,9e884fb0b0845da621d2612bdf1042e481b8df49,/private/tmp/pf-v2-tensor-diagnostic
PF,700.0,12.0,1e-05,0.5673370112482357,0.9053954670632396,92697604.68605426,-147933220.33709404,240536862.8993731,0.38537795649573114,-0.6150126785306119,True,6da9aa22044df7405e5d7b5a39c30d15fada21af5f3693856e91f37900093a09,ea21546cb9667dffc217a98016774db3e0e8ea4d8a4aca1303e5ad728c6332c0,9e884fb0b0845da621d2612bdf1042e481b8df49,/private/tmp/pf-v2-tensor-diagnostic
PF,700.0,25.0,1e-05,0.5673370112482357,0.9053954670632396,92697604.68605426,-147933220.33709404,240536862.8993731,0.38537795649573114,-0.6150126785306119,True,6da9aa22044df7405e5d7b5a39c30d15fada21af5f3693856e91f37900093a09,ea21546cb9667dffc217a98016774db3e0e8ea4d8a4aca1303e5ad728c6332c0,9e884fb0b0845da621d2612bdf1042e481b8df49,/private/tmp/pf-v2-tensor-diagnostic
PF,700.0,50.0,1e-05,0.5554539724384219,0.6400663785931434,323161553.17099714,-372388812.2190479,1162372586.424103,0.2780189045624038,-0.32036957561486934,True,6da9aa22044df7405e5d7b5a39c30d15fada21af5f3693856e91f37900093a09,ea21546cb9667dffc217a98016774db3e0e8ea4d8a4aca1303e5ad728c6332c0,9e884fb0b0845da621d2612bdf1042e481b8df49,/private/tmp/pf-v2-tensor-diagnostic
PF,700.0,100.0,1e-05,0.638177546655734,0.6421100874337107,577674760.4350687,-581234474.4421244,1809696000.848817,0.31921093938656936,-0.3211779625801809,True,6da9aa22044df7405e5d7b5a39c30d15fada21af5f3693856e91f37900093a09,ea21546cb9667dffc217a98016774db3e0e8ea4d8a4aca1303e5ad728c6332c0,9e884fb0b0845da621d2612bdf1042e481b8df49,/private/tmp/pf-v2-tensor-diagnostic
PF,700.0,150.0,1e-05,0.5302702101405034,0.6057427724362967,532731303.68286985,-608554149.7248363,2005895945.918465,0.2655827211610129,-0.3033827108345792,True,6da9aa22044df7405e5d7b5a39c30d15fada21af5f3693856e91f37900093a09,ea21546cb9667dffc217a98016774db3e0e8ea4d8a4aca1303e5ad728c6332c0,9e884fb0b0845da621d2612bdf1042e481b8df49,/private/tmp/pf-v2-tensor-diagnostic
PF,700.0,200.0,1e-05,0.6732491566573033,0.7357639143679334,620704816.819846,-678340553.6783555,1843905254.6364307,0.3366251141478701,-0.3678825427568437,True,6da9aa22044df7405e5d7b5a39c30d15fada21af5f3693856e91f37900093a09,ea21546cb9667dffc217a98016774db3e0e8ea4d8a4aca1303e5ad728c6332c0,9e884fb0b0845da621d2612bdf1042e481b8df49,/private/tmp/pf-v2-tensor-diagnostic
PF,700.0,300.0,1e-05,0.9315121475794833,0.8999746024467887,722127077.4002149,-697678533.8635275,1550390809.7645822,0.46577099970675506,-0.4500017218042372,True,6da9aa22044df7405e5d7b5a39c30d15fada21af5f3693856e91f37900093a09,ea21546cb9667dffc217a98016774db3e0e8ea4d8a4aca1303e5ad728c6332c0,9e884fb0b0845da621d2612bdf1042e481b8df49,/private/tmp/pf-v2-tensor-diagnostic
PF,700.0,400.0,1e-05,1.0087352601029849,1.010945043514869,680608519.9054974,-682099493.2825168,1349383821.1931176,0.5043846748538212,-0.5054896038989176,True,6da9aa22044df7405e5d7b5a39c30d15fada21af5f3693856e91f37900093a09,ea21546cb9667dffc217a98016774db3e0e8ea4d8a4aca1303e5ad728c6332c0,9e884fb0b0845da621d2612bdf1042e481b8df49,/private/tmp/pf-v2-tensor-diagnostic
PF,700.0,600.0,1e-05,1.0223128271854225,1.0257970179432063,630867391.8606672,-633017479.6592911,1234155532.6822584,0.5111733287696473,-0.5129154817979216,True,6da9aa22044df7405e5d7b5a39c30d15fada21af5f3693856e91f37900093a09,ea21546cb9667dffc217a98016774db3e0e8ea4d8a4aca1303e5ad728c6332c0,9e884fb0b0845da621d2612bdf1042e481b8df49,/private/tmp/pf-v2-tensor-diagnostic
PF,700.0,800.0,1e-05,1.017743003982358,1.0173486565146281,610455500.4025247,-610218965.6586812,1199576529.5143156,0.5088925011309499,-0.5086953192604948,True,6da9aa22044df7405e5d7b5a39c30d15fada21af5f3693856e91f37900093a09,ea21546cb9667dffc217a98016774db3e0e8ea4d8a4aca1303e5ad728c6332c0,9e884fb0b0845da621d2612bdf1042e481b8df49,/private/tmp/pf-v2-tensor-diagnostic
PF,700.0,1000.0,1e-05,1.030387382294805,1.027696473393629,599661786.8734937,-598095739.7074275,1163914143.5040283,0.5152113583465688,-0.5138658577571942,True,6da9aa22044df7405e5d7b5a39c30d15fada21af5f3693856e91f37900093a09,ea21546cb9667dffc217a98016774db3e0e8ea4d8a4aca1303e5ad728c6332c0,9e884fb0b0845da621d2612bdf1042e481b8df49,/private/tmp/pf-v2-tensor-diagnostic
PF,1000.0,1.0,1e-05,1.6440165093443782,1.8134531214723228,329706667.2522503,-363687092.86092937,391013583.4805455,0.8432102647622075,-0.9301137050626893,True,7fdf363305f106390173eaddd65299e15c85495007d63012d51b4820efba3328,ae6cc9f6db576a62d296f4ef15fa028b14582280dbb9a12dc749afdce54bafac,9e884fb0b0845da621d2612bdf1042e481b8df49,/private/tmp/pf-v2-tensor-diagnostic
PF,1000.0,2.0,1e-05,1.6440165093443782,1.8134531214723228,329706667.2522503,-363687092.86092937,391013583.4805455,0.8432102647622075,-0.9301137050626893,True,7fdf363305f106390173eaddd65299e15c85495007d63012d51b4820efba3328,ae6cc9f6db576a62d296f4ef15fa028b14582280dbb9a12dc749afdce54bafac,9e884fb0b0845da621d2612bdf1042e481b8df49,/private/tmp/pf-v2-tensor-diagnostic
PF,1000.0,4.0,1e-05,1.6440165093443782,1.8134531214723228,329706667.2522503,-363687092.86092937,391013583.4805455,0.8432102647622075,-0.9301137050626893,True,7fdf363305f106390173eaddd65299e15c85495007d63012d51b4820efba3328,ae6cc9f6db576a62d296f4ef15fa028b14582280dbb9a12dc749afdce54bafac,9e884fb0b0845da621d2612bdf1042e481b8df49,/private/tmp/pf-v2-tensor-diagnostic
PF,1000.0,8.0,1e-05,1.6440165093443782,1.8134531214723228,329706667.2522503,-363687092.86092937,391013583.4805455,0.8432102647622075,-0.9301137050626893,True,7fdf363305f106390173eaddd65299e15c85495007d63012d51b4820efba3328,ae6cc9f6db576a62d296f4ef15fa028b14582280dbb9a12dc749afdce54bafac,9e884fb0b0845da621d2612bdf1042e481b8df49,/private/tmp/pf-v2-tensor-diagnostic
PF,1000.0,12.0,1e-05,1.6440165093443782,1.8134531214723228,329706667.2522503,-363687092.86092937,391013583.4805455,0.8432102647622075,-0.9301137050626893,True,7fdf363305f106390173eaddd65299e15c85495007d63012d51b4820efba3328,ae6cc9f6db576a62d296f4ef15fa028b14582280dbb9a12dc749afdce54bafac,9e884fb0b0845da621d2612bdf1042e481b8df49,/private/tmp/pf-v2-tensor-diagnostic
PF,1000.0,25.0,1e-05,1.6440165093443782,1.8134531214723228,329706667.2522503,-363687092.86092937,391013583.4805455,0.8432102647622075,-0.9301137050626893,True,7fdf363305f106390173eaddd65299e15c85495007d63012d51b4820efba3328,ae6cc9f6db576a62d296f4ef15fa028b14582280dbb9a12dc749afdce54bafac,9e884fb0b0845da621d2612bdf1042e481b8df49,/private/tmp/pf-v2-tensor-diagnostic
PF,1000.0,50.0,1e-05,0.5079062744642645,0.6756603447168049,308557092.2485929,-410469021.1464745,1212411197.8861618,0.254498715276271,-0.33855594691151564,True,7fdf363305f106390173eaddd65299e15c85495007d63012d51b4820efba3328,ae6cc9f6db576a62d296f4ef15fa028b14582280dbb9a12dc749afdce54bafac,9e884fb0b0845da621d2612bdf1042e481b8df49,/private/tmp/pf-v2-tensor-diagnostic
PF,1000.0,100.0,1e-05,0.35166848306015946,0.7682497562847579,204761259.0973943,-447318412.0148262,1163244883.7243576,0.1760259270961165,-0.38454363158911836,True,7fdf363305f106390173eaddd65299e15c85495007d63012d51b4820efba3328,ae6cc9f6db576a62d296f4ef15fa028b14582280dbb9a12dc749afdce54bafac,9e884fb0b0845da621d2612bdf1042e481b8df49,/private/tmp/pf-v2-tensor-diagnostic
PF,1000.0,150.0,1e-05,0.5376959332048381,0.6426380222343733,531415633.59911114,-635131996.8612444,1971534076.0350885,0.26954422957163904,-0.32215116369611285,True,7fdf363305f106390173eaddd65299e15c85495007d63012d51b4820efba3328,ae6cc9f6db576a62d296f4ef15fa028b14582280dbb9a12dc749afdce54bafac,9e884fb0b0845da621d2612bdf1042e481b8df49,/private/tmp/pf-v2-tensor-diagnostic
PF,1000.0,200.0,1e-05,0.7109062876433216,0.7639747303451185,647845890.862873,-696206938.0732195,1822338033.6908424,0.3555025900166112,-0.3820405024764633,True,7fdf363305f106390173eaddd65299e15c85495007d63012d51b4820efba3328,ae6cc9f6db576a62d296f4ef15fa028b14582280dbb9a12dc749afdce54bafac,9e884fb0b0845da621d2612bdf1042e481b8df49,/private/tmp/pf-v2-tensor-diagnostic
PF,1000.0,300.0,1e-05,0.9927085909394833,0.9726097413724172,721093724.6229837,-706494118.6286036,1452712581.503826,0.49637742097374726,-0.48632752798027784,True,7fdf363305f106390173eaddd65299e15c85495007d63012d51b4820efba3328,ae6cc9f6db576a62d296f4ef15fa028b14582280dbb9a12dc749afdce54bafac,9e884fb0b0845da621d2612bdf1042e481b8df49,/private/tmp/pf-v2-tensor-diagnostic
PF,1000.0,400.0,1e-05,0.9666427663357201,0.9796301176396243,698052441.2295566,-707431140.9917886,1444271228.3409653,0.48332503447528313,-0.4898187591844608,True,7fdf363305f106390173eaddd65299e15c85495007d63012d51b4820efba3328,ae6cc9f6db576a62d296f4ef15fa028b14582280dbb9a12dc749afdce54bafac,9e884fb0b0845da621d2612bdf1042e481b8df49,/private/tmp/pf-v2-tensor-diagnostic
PF,1000.0,600.0,1e-05,0.9492055680839461,0.9562163599560973,676849205.9046743,-681848385.2931888,1426080270.6814723,0.47462209513720605,-0.478127633704208,True,7fdf363305f106390173eaddd65299e15c85495007d63012d51b4820efba3328,ae6cc9f6db576a62d296f4ef15fa028b14582280dbb9a12dc749afdce54bafac,9e884fb0b0845da621d2612bdf1042e481b8df49,/private/tmp/pf-v2-tensor-diagnostic
PF,1000.0,800.0,1e-05,0.9333964470187863,0.9400458195095587,656603732.1981665,-661281276.0308666,1406840297.298928,0.466722294960428,-0.47004715268712294,True,7fdf363305f106390173eaddd65299e15c85495007d63012d51b4820efba3328,ae6cc9f6db576a62d296f4ef15fa028b14582280dbb9a12dc749afdce54bafac,9e884fb0b0845da621d2612bdf1042e481b8df49,/private/tmp/pf-v2-tensor-diagnostic
PF,1000.0,1000.0,1e-05,1.0046374925221677,1.0110334408772397,652089920.836699,-656241401.8311657,1297809326.2037084,0.5024543341387152,-0.5056531715261845,True,7fdf363305f106390173eaddd65299e15c85495007d63012d51b4820efba3328,ae6cc9f6db576a62d296f4ef15fa028b14582280dbb9a12dc749afdce54bafac,9e884fb0b0845da621d2612bdf1042e481b8df49,/private/tmp/pf-v2-tensor-diagnostic
