target_extension_um,actual_extension_um,tip_x_m,tip_y_m,reference_opening_m,reaction_N_per_m,compliance_m2_per_N,elastic_energy_J_per_m,F_over_U_N_per_m2,assembled_residual_reaction_N_per_m,energy_derivative_reaction_N_per_m,reaction_residual_relative_error,reaction_energy_relative_error,mesh_fingerprint,crack_topology_fingerprint,domain_radii_um,opening_scaling_F_ratio_error,opening_scaling_W_ratio_error,opening_scaling_J_ratio_error,opening_scaling_G_ratio_error,native_J_aggregate_J_per_m2,native_KJ_aggregate_MPa_sqrt_m,J_native_over_U2,KJ_native_over_U,native_J_domain_values_JSON,J_domain_spread_J_per_m2,J_status
0,0,0.0005,0.0,1.25e-05,2479171.2818161803,5.042007420658248e-12,15.494820511330726,198333702545.2944,2479171.2818161803,2479171.281812916,0.0,1.3166841871594754e-12,74607727ef4ce46cabfea5045126d1dcc8240c0600ec37d0721416119ddf6948,67224153028a88973ed5aa1ba03009fb351b1fe1f4155de0feb3f80fa287da99,"[30, 50, 75, 100, 150, 200]",0.0,0.0,0.0,0.0,7340.210014630293,57.14456594549459,46977344093633.875,4571565.2756395675,"{""100"": 7339.5469903824105, ""150"": 7337.406696608303, ""200"": 7335.709517785916, ""30"": 7344.182092545762, ""50"": 7342.498387718486, ""75"": 7340.873038878176}",8.472574759845884,CONSISTENT_WITH_G_WITH_RESIDUAL_DOMAIN_SPREAD
2,2,0.0005020000000000001,0.0,1.25e-05,2476836.1306802183,5.046761004962852e-12,15.480225816732943,198146890454.41745,2476836.1306802183,2476836.1306772707,0.0,1.190081133001106e-12,20d2b68e65453d9753445c49a504d3fff7ee4432f681930f8fbed36115b430e8,8300736d5aac480b06f5a79435c744cea06c857e12ce467e5d928471328404b7,"[30, 50, 75, 100, 150, 200]",,,,,7359.504730490269,57.219622690233884,47100830275137.72,4577569.81521871,"{""100"": 7358.840342963283, ""150"": 7356.695008151163, ""200"": 7354.992806285814, ""30"": 7363.485166214717, ""50"": 7361.797754829295, ""75"": 7360.169118017255}",8.49235992890226,CONSISTENT_WITH_G_WITH_RESIDUAL_DOMAIN_SPREAD
5,5,0.000505,0.0,1.25e-05,2471340.8316566413,5.057983034910137e-12,15.445880197834725,197707266532.5313,2471340.8316566413,2471340.831653556,0.0,1.2485010768962863e-12,356baf63cd9bed2f15c08c0b973ab76ac960ee935e24c0dd04bddf1556cfc5dd,9e5fb0d56f39a8396277575818a635b003f449c8c1f4827dc5c4a7274be8207d,"[30, 50, 75, 100, 150, 200]",,,,,7379.261358037103,57.29637439744357,47227272691437.45,4583709.951795486,"{""100"": 7378.59612521251, ""150"": 7376.447354124041, ""200"": 7374.741009552678, ""30"": 7383.24785242065, ""50"": 7381.557425089994, ""75"": 7379.926590861695}",8.5068428679715,CONSISTENT_WITH_G_WITH_RESIDUAL_DOMAIN_SPREAD
10,10,0.00051,0.0,1.25e-05,2466336.049801666,5.068246884282135e-12,15.414600311236873,197306883984.13327,2466336.049801666,2466336.0497978996,0.0,1.5270702838925236e-12,f2400eafe2cbee237fb26be5b89304a6c67e009f3d93be441ff2fcef6162069e,0a7be7d348f1ae6b75860e1f425a4bc4def90149a83a2e486f9312ea7de5c075,"[30, 50, 75, 100, 150, 200]",,,,,7430.355344685069,57.4943921944716,47554274205984.445,4599551.375557728,"{""100"": 7429.686435642281, ""150"": 7427.524537474077, ""200"": 7425.805663254076, ""30"": 7434.36451396353, ""50"": 7432.664058600243, ""75"": 7431.024253727856}",8.558850709454418,CONSISTENT_WITH_G_WITH_RESIDUAL_DOMAIN_SPREAD
25,25,0.000525,0.0,1.25e-05,2448879.80476657,5.104374651491527e-12,15.305498779766891,195910384381.32562,2448879.80476657,2448879.8047627024,0.0,1.5794089382621878e-12,e9771adc7f5c21d019fd44282e239a268d68463a47d78b72ce93006968939710,81991ee60535387b21fdaf7ae7849931b2a0120f5e85acaf03710c2c8feb02fc,"[30, 50, 75, 100, 150, 200]",,,,,7569.980065671946,58.03207015408646,48447872420300.45,4642565.612326916,"{""100"": 7569.301623012154, ""150"": 7567.105265010571, ""200"": 7565.352654950411, ""30"": 7574.048774420788, ""50"": 7572.321689083925, ""75"": 7570.658508331739}",8.696119470376289,CONSISTENT_WITH_G_WITH_RESIDUAL_DOMAIN_SPREAD
50,50,0.00055,0.0,1.25e-05,2418849.2915963563,5.167746516257917e-12,15.11780807245151,193507943327.7085,2418849.2915963563,2418849.2915922413,0.0,1.701242326355398e-12,a21d69a7995016b551e6a36dd6f1de4dd5946c1625058a6babf6e28f1e98a1c1,e40a1207431d7b3ceaed76769d2c4196e274afdb445cc14b411fd259c8721340,"[30, 50, 75, 100, 150, 200]",,,,,7789.445705995195,58.86728042929359,49852452518369.24,4709382.434343487,"{""100"": 7788.752301555917, ""150"": 7786.501447707312, ""200"": 7784.694886350167, ""30"": 7793.607711761336, ""50"": 7791.838890594407, ""75"": 7790.139110434472}",8.912825411169251,CONSISTENT_WITH_G_WITH_RESIDUAL_DOMAIN_SPREAD
75,75,0.000575,0.0,1.25e-05,2386853.678449548,5.237019811000626e-12,14.917835490283881,190948294275.9638,2386853.678449548,2386853.6784454207,0.0,1.7291198143697734e-12,d2d0788f312c287ffbdc8cb8cd4c6a89c35a6b01c1dfb84e25e9efa7790c1233,ac35f7e7448beec616b448f089e1fbcb64f8ad9fcdaaa603fd76fd763412fe67,"[30, 50, 75, 100, 150, 200]",,,,,7987.008526035873,59.609128081936426,51116854566629.586,4768730.246554914,"{""100"": 7986.302399285432, ""150"": 7984.005539266348, ""200"": 7982.153175266161, ""30"": 7991.2515498849325, ""50"": 7989.446010301482, ""75"": 7987.714652786313}",9.098374618771231,CONSISTENT_WITH_G_WITH_RESIDUAL_DOMAIN_SPREAD
100,100,0.0006000000000000001,0.0,1.25e-05,2355197.846859992,5.30740974337477e-12,14.71998654284892,188415827748.79935,2355197.846859992,2355197.846855827,0.0,1.7683756628909684e-12,3a661537ea7f502a305b716233efbb43eb35b07395654a1adf3e8c4a7893f822,2aedadf47d47f23233b522a9f94f621f5b0c05868e349f52930ac95ee216dd97,"[30, 50, 75, 100, 150, 200]",,,,,8175.220955138164,60.30737772943674,52321414112884.25,4824590.218354939,"{""100"": 8174.50243118147, ""150"": 8172.1606619380655, ""200"": 8170.263581462797, ""30"": 8179.542337289912, ""50"": 8177.701465750571, ""75"": 8175.939479094857}",9.278755827114765,CONSISTENT_WITH_G_WITH_RESIDUAL_DOMAIN_SPREAD
150,150,0.00065,0.0,1.25e-05,2288713.3369614207,5.4615839380721465e-12,14.304458355982504,183097066956.91364,2288713.3369614207,2288713.3369572004,0.0,1.8439566802512057e-12,24315555a1b2a86c8eec5944dfd83679a91e212e0b799b5a75d51a74ab8820f2,a043b98fae1b73eaeb5a2c7afff9ea1727857325a7c1d623dc18c970ea1b4758,"[30, 50, 75, 100, 150, 200]",,,,,8500.241519611776,61.494507565837026,54401545725515.37,4919560.605266962,"{""100"": 8499.50251617685, ""150"": 8497.08673639371, ""200"": 8495.11521166503, ""30"": 8504.694381130981, ""50"": 8502.793632290946, ""75"": 8500.980523046703}",9.579169465951054,CONSISTENT_WITH_G_WITH_RESIDUAL_DOMAIN_SPREAD
200,200,0.0007,0.0,1.25e-05,2219866.008807805,5.6309704956981685e-12,13.874162555019838,177589280704.6244,2219866.008807805,2219866.008803174,0.0,2.086162625987764e-12,ca464143f3e9d15d6750f7f033681f08316d969b8c3eac58c11f5bea7ef9fae3,c701b5d3b459f22f9432cc650e11f1ea6e8f64818729a462e363eab1d6a198fa,"[30, 50, 75, 100, 150, 200]",,,,,8768.271420049958,62.45650641351627,56116937088319.73,4996520.513081302,"{""100"": 8767.51601691066, ""150"": 8765.040737864269, ""200"": 8763.008386887379, ""30"": 8772.830516161896, ""50"": 8770.88107967935, ""75"": 8769.026823189255}",9.822129274516556,CONSISTENT_WITH_G_WITH_RESIDUAL_DOMAIN_SPREAD
300,300,0.0007999999999999999,0.0,1.25e-05,2076793.725411618,6.018893377349027e-12,12.979960783794128,166143498032.9294,2076793.725411618,2076793.7254070605,0.0,2.1944533841354745e-12,b29b5b7127e82eb4cbafcc9a985dd6e01fbe3ef7f9518c8f5397470fc70d7eca,3f933e2bb506510d8624502e526eec9fcccd4873d18b8a17a93ed41b566a75bf,"[30, 50, 75, 100, 150, 200]",,,,,9151.661373595456,63.80734385774313,58570632791010.914,5104587.50861945,"{""100"": 9150.88345034074, ""150"": 9148.324668052583, ""200"": 9146.203255211027, ""30"": 9156.367449568426, ""50"": 9154.350094858039, ""75"": 9152.439296850174}",10.164194357399538,CONSISTENT_WITH_G_WITH_RESIDUAL_DOMAIN_SPREAD
400,400,0.0009,0.0,1.25e-05,1929016.8319430193,6.479984929633437e-12,12.0563551996114,154321346555.44153,1929016.8319430193,1929016.831937824,0.0,2.6932802744180055e-12,21e83fffa0d29ea6a88edde53ecbe49ef612d4f96a3f043faf2058472838ad35,d5bc1f9b0c5fa6e885a622471e41454d2e6561e809888199798bff0ee3bc3bca,"[30, 50, 75, 100, 150, 200]",,,,,9364.41542848085,64.54476608584748,59932258742277.44,5163581.286867798,"{""100"": 9363.62597982031, ""150"": 9361.020390004469, ""200"": 9358.842484466328, ""30"": 9369.196708747078, ""50"": 9367.144063229882, ""75"": 9365.204877141388}",10.354224280750714,CONSISTENT_WITH_G_WITH_RESIDUAL_DOMAIN_SPREAD
500,500,0.001,0.0,1.25e-05,1778947.0153479849,7.026628613531157e-12,11.118418845905495,142315761227.83878,1778947.0153479849,1778947.0153448791,0.0,1.7458237535486388e-12,04de09d20219f9e93d4eca1029844b4cf7e52b2d07a00d10cde8380bf2588242,7bf54b99748831718aa272cd069d78edaf53a54206974b47f89f9900920e623d,"[30, 50, 75, 100, 150, 200]",0.0,0.0,0.0,0.0,9444.687863030053,64.82081692728482,60446002323392.336,5185665.354182785,"{""100"": 9443.895372388339, ""150"": 9441.270259995703, ""200"": 9439.058869943607, ""30"": 9449.488275393918, ""50"": 9447.425883209793, ""75"": 9445.480353671766}",10.429405450311606,CONSISTENT_WITH_G_WITH_RESIDUAL_DOMAIN_SPREAD
600,600,0.0010999999999999998,0.0,1.25e-05,1628423.4281907124,7.676136183995055e-12,10.177646426176407,130273874255.25699,1628423.4281907124,1628423.428188225,0.0,1.5274465615603918e-12,27edff8e2c1cf28647a692d8245474e9dcc3e5ebd51088eb2c82fea7ea49a9e6,c63e62a5011e72a09d47f8da2fe1816dfba5aa7b26a4abed8ce76e32530354c1,"[30, 50, 75, 100, 150, 200]",,,,,9425.602276081247,64.75528967086261,60323854566919.98,5180423.173669009,"{""100"": 9424.813433231331, ""150"": 9422.189621249723, ""200"": 9419.961268886122, ""30"": 9430.377882193354, ""50"": 9428.325565562925, ""75"": 9426.391118931162}",10.416613307232183,CONSISTENT_WITH_G_WITH_RESIDUAL_DOMAIN_SPREAD
700,700,0.0012000000000000001,0.0,1.25e-05,1478805.31850427,8.452769166831954e-12,9.242533240632763,118304425480.34158,1478805.31850427,1478805.318501242,0.0,2.047573458676218e-12,c54f21622ab7948786b5c8f58dfa3bfa6f4d95485c2d69b8d59849553f36aff9,d8abc3fbb617fdbc75f64fe534c8c86b0f56bcafb5ced0ee83ae0d61624643d8,"[30, 50, 75, 100, 150, 200]",,,,,9334.143141329394,64.44035490450185,59738516104508.12,5155228.392360147,"{""100"": 9333.363306139972, ""150"": 9330.756847770417, ""200"": 9328.523414485004, ""30"": 9338.859271452102, ""50"": 9336.832397754863, ""75"": 9334.922976518817}",10.335856967098152,CONSISTENT_WITH_G_WITH_RESIDUAL_DOMAIN_SPREAD
800,800,0.0013,0.0,1.25e-05,1331062.6181665077,9.390993203023246e-12,8.31914136351951,106485009453.3206,1331062.6181665077,1331062.6181631214,0.0,2.5440492694223315e-12,23a0fcb7ff4ffa9775ce507a0e306e25489538109fde8dbb5d4d3f7611fe6a4d,d109f1a7cdaad22e7dfe107c2a70fb5b00d7713a9b99c39b0e2afa67913cd0ec,"[30, 50, 75, 100, 150, 200]",,,,,9192.39721193446,63.9491956767653,58831342156380.54,5115935.654141224,"{""100"": 9191.630496539332, ""150"": 9189.052742946364, ""200"": 9186.822037977656, ""30"": 9197.027190928366, ""50"": 9195.037428594631, ""75"": 9193.163927329588}",10.205152950709817,CONSISTENT_WITH_G_WITH_RESIDUAL_DOMAIN_SPREAD
900,900,0.0014,0.0,1.25e-05,1185830.8920572682,1.0541132031325364e-11,7.41144307534094,94866471364.58145,1185830.8920572682,1185830.8920545503,0.0,2.291922163249198e-12,2e482d2dceb3bed7d3190531b7c1a776fd823954af719c872693536dfda573d3,d0adc79b75b277013eb94ec7c7b5969b29d1c570c6b39a7120cb0d7cd80e33e7,"[30, 50, 75, 100, 150, 200]",,,,,9020.738971801808,63.349290225626426,57732729419531.57,5067943.218050114,"{""100"": 9019.987743335112, ""150"": 9017.443229751116, ""200"": 9015.218952531346, ""30"": 9025.265476941382, ""50"": 9023.320626505903, ""75"": 9021.490200268503}",10.046524410036,CONSISTENT_WITH_G_WITH_RESIDUAL_DOMAIN_SPREAD
1000,1000,0.0015,0.0,1.25e-05,1043397.2906784683,1.1980096279406558e-11,6.521233066723201,83471783254.27747,1043397.2906784683,1043397.290675712,0.0,2.6416104241388815e-12,da37ddb70875b7ee7fe124d7913bb06c2fa79537e30253d2e54a872fd1d17e3f,fc16d46de27e06af48d9298529c4cd16b2b54baea12aa0a355e29e09ce72e025,"[30, 50, 75, 100, 150, 200]",0.0,0.0,0.0,0.0,8843.419289143403,62.723575014301026,56597883450517.78,5017886.001144082,"{""100"": 8842.68265652044, ""150"": 8840.164123838531, ""200"": 8837.95024994715, ""30"": 8847.840349939555, ""50"": 8845.942557352764, ""75"": 8844.155921766369}",9.890099992406249,CONSISTENT_WITH_G_WITH_RESIDUAL_DOMAIN_SPREAD
