candidate_id,candidate_version,target_response_class,search_campaign_id,parent_or_anchor_id,search_generation_method,active_parameter_schema,active_parameter_count,canonical_parameter_json,parameter_sha256,source_commit,analysis_commit,registry_commit,qualified_domain_sha256,option_status,option_role,direct_PF_validation_status,direct_PF_artifacts_json,fatigue_evaluated,fatigue_validation_status,assigned_response_class,alternate_plausible_class,class_confidence_status,class_score_components_json,class_topology_failure_reasons,PF_response_classification,FEMCZM_response_classification,normalized_provider_onset_difference,provider_topology_agreement,provider_sensitivity_agreement,initial_onset_mean_MPa_sqrt_m,initial_onset_min_MPa_sqrt_m,initial_onset_max_MPa_sqrt_m,maximum_relative_deltaK_reinit,mean_N_reinit,minimum_largest_avalanche_fraction,maximum_tip_radius_um,maximum_backstress_GPa,provider_robustness_status,Tref_K,cleave_G00_eV,cleave_gT_eV_per_K,cleave_sigc0_GPa,cleave_sT_GPa_per_K,cleave_exp_a,cleave_exp_n,cleave_floor_frac,emit_G00_eV,emit_gT_eV_per_K,emit_sigc0_GPa,emit_sT_GPa_per_K,emit_exp_a,emit_exp_n,emit_floor_frac,peierls_H0_eV,peierls_activation_entropy_kB,peierls_exp_a,peierls_exp_n,peierls_nu0_s,taylor_H0_eV,taylor_activation_entropy_kB,taylor_exp_a,taylor_exp_n,taylor_nu0_s,rho_source0_m2,taylor_corr_rho_c_m2,taylor_corr_scale,c_blunt
oneD_v2_peak_R_40dc611f87479dbe,oneD_v2_fracture_option_bank_v1,Peak,oneD_v2_peak_dbtt_R_v1,v913_zeroD_sobol_0242980,SOBOL_LOCAL_MATERIAL,V913_ACTIVE_CANDIDATE_29,29,"{""Tref_K"":481.33,""c_blunt"":2.4068990036498397,""cleave_G00_eV"":4.068601962037316,""cleave_exp_a"":1.017401808065409,""cleave_exp_n"":0.9483343902196867,""cleave_floor_frac"":0.0184513317135146,""cleave_gT_eV_per_K"":0.00868192208533487,""cleave_sT_GPa_per_K"":-0.002226842117459966,""cleave_sigc0_GPa"":8.012946590897913,""emit_G00_eV"":1.1264569539966822,""emit_exp_a"":0.0936942273487843,""emit_exp_n"":0.8280402031597809,""emit_floor_frac"":0.0058420097608974,""emit_gT_eV_per_K"":0.0004317460422614955,""emit_sT_GPa_per_K"":0.002651392754969424,""emit_sigc0_GPa"":8.13936725697939,""peierls_H0_eV"":7.991328880640355,""peierls_activation_entropy_kB"":3.3469928055122526,""peierls_exp_a"":1.9097672308795155,""peierls_exp_n"":1.1372957159765065,""peierls_nu0_s"":1000000000000.0,""rho_source0_m2"":4.954223531428774e+16,""taylor_H0_eV"":2.1620603133483662,""taylor_activation_entropy_kB"":26.444339577869442,""taylor_corr_rho_c_m2"":44487942988822.305,""taylor_corr_scale"":0.5075411103535612,""taylor_exp_a"":0.4561179580539465,""taylor_exp_n"":1.2506696581840515,""taylor_nu0_s"":100000000000.0}",40dc611f87479dbec4e49318c0473b94de5f902c1863e9ff9564d539149b24f3,5045feed8c87440676c580fe7f74989be4c4a995,04e21d940c5920f48d0f8dbc722900dfd4f6578b,04e21d940c5920f48d0f8dbc722900dfd4f6578b,119e8906d3c8166ad7b64e741d4cb09fc56f7bf46a98d6164fddc7d65e23270b,CURATED_OPTION|PARETO_NONDOMINATED,CURATED_OPTION|DIVERSE_PARETO,NOT_RUN,[],False,NOT_EVALUATED,Peak,NOT_ASSIGNED_BY_THIS_FRACTURE_SCREEN,TARGET_CLASS_CONDITIONAL_NOT_PROBABILISTIC,"{""completion_domain_objective"":0.0,""control_onset_deviation_objective"":1.8348415720450475,""final_avalanche_objective"":0.0,""precursor_topology_objective"":1.0,""process_zone_state_objective"":0.0,""provider_robustness_objective"":0.2597253068831413,""reinitiation_objective"":0.1182637885777367,""temperature_class_objective"":2.532876163722449}",NONE_RECORDED,OBSERVED_AVALANCHES_1_TO_1;REINITIATIONS_0_TO_0,OBSERVED_AVALANCHES_1_TO_2;REINITIATIONS_0_TO_1,0.02265082668132431,PROVIDER_SENSITIVE_TOPOLOGY,QUALITATIVE_TREND_AGREEMENT,116.86377961582866,96.9527524850402,140.37078082093734,0.09909000450127645,0.375,0.9473684210526315,32.81704061354255,19.282259503218523,SCREENED_TRADEOFF,481.33,4.068601962037316,0.00868192208533487,8.012946590897913,-0.002226842117459966,1.017401808065409,0.9483343902196867,0.0184513317135146,1.1264569539966822,0.0004317460422614955,8.13936725697939,0.002651392754969424,0.0936942273487843,0.8280402031597809,0.0058420097608974,7.991328880640355,3.3469928055122526,1.9097672308795155,1.1372957159765065,1000000000000.0,2.1620603133483662,26.444339577869442,0.4561179580539465,1.2506696581840515,100000000000.0,4.954223531428774e+16,44487942988822.305,0.5075411103535612,2.4068990036498397
oneD_v2_peak_R_41f8789bcbc1f097,oneD_v2_fracture_option_bank_v1,Peak,oneD_v2_peak_dbtt_R_v1,v913_zeroD_sobol_0242980,SOBOL_LOCAL_MATERIAL,V913_ACTIVE_CANDIDATE_29,29,"{""Tref_K"":481.33,""c_blunt"":6.070267261191762,""cleave_G00_eV"":4.431657155416051,""cleave_exp_a"":1.0952997134160791,""cleave_exp_n"":0.9765095624258061,""cleave_floor_frac"":0.0184513317135146,""cleave_gT_eV_per_K"":0.009818635455831266,""cleave_sT_GPa_per_K"":-0.0020603266390436283,""cleave_sigc0_GPa"":5.774076395161329,""emit_G00_eV"":1.8487270130094766,""emit_exp_a"":0.12467190223353747,""emit_exp_n"":1.7714388605493245,""emit_floor_frac"":0.0058420097608974,""emit_gT_eV_per_K"":-0.00035581081683140137,""emit_sT_GPa_per_K"":0.0031425433709946185,""emit_sigc0_GPa"":5.4228651274844575,""peierls_H0_eV"":5.480797531252669,""peierls_activation_entropy_kB"":8.079823212926017,""peierls_exp_a"":1.9097672308795155,""peierls_exp_n"":1.1372957159765065,""peierls_nu0_s"":1000000000000.0,""rho_source0_m2"":5700429692482955.0,""taylor_H0_eV"":1.6257791718649954,""taylor_activation_entropy_kB"":23.318559691507026,""taylor_corr_rho_c_m2"":95811088816654.14,""taylor_corr_scale"":1.7008218143090084,""taylor_exp_a"":0.4561179580539465,""taylor_exp_n"":1.2506696581840515,""taylor_nu0_s"":100000000000.0}",41f8789bcbc1f097eae880694e11ac6711dfbb6884b86b2b78981bfdb22943fb,5045feed8c87440676c580fe7f74989be4c4a995,04e21d940c5920f48d0f8dbc722900dfd4f6578b,04e21d940c5920f48d0f8dbc722900dfd4f6578b,119e8906d3c8166ad7b64e741d4cb09fc56f7bf46a98d6164fddc7d65e23270b,CURATED_OPTION|DIRECT_PF_REJECTED|PARETO_NONDOMINATED|PROVIDER_SENSITIVE_OPTION|R_ENRICHED_OPTION,CURATED_OPTION|DIVERSE_PARETO|HIGH_T_SOFTENING|PROVIDER_SENSITIVE|R_ENRICHED,FAILED_NO_POSITIVE_RELOAD_SEPARATED_RESISTANCE,"[{""hazard_seed"": 8666, ""source_steps_file"": ""/private/tmp/oneD-v2-peak-dbtt-R-pf-runs/Peak_R/T600K_seed8666/steps_0600K.csv"", ""source_steps_sha256"": ""cc73680beed42103a8ef1df7d0bd7ae224a1f7c09363fc1ccd3505dbedd9451d"", ""temperature_K"": 600.0}, {""hazard_seed"": 8666, ""source_steps_file"": ""/private/tmp/oneD-v2-peak-dbtt-R-pf-runs/Peak_R/T900K_seed8666/steps_0900K.csv"", ""source_steps_sha256"": ""095a14cb0f5897969dcc915d0d6696c652dd9ba577d1fc5481eafda9b5920b28"", ""temperature_K"": 900.0}, {""hazard_seed"": 8666, ""source_steps_file"": ""/private/tmp/oneD-v2-peak-dbtt-R-pf-runs/Peak_R/T1200K_seed8666/steps_1200K.csv"", ""source_steps_sha256"": ""1005a5334a85ede5bf9fd461e9b4cb14b35d2ccbd60d712699e9b625306942db"", ""temperature_K"": 1200.0}]",False,NOT_EVALUATED,Peak,NOT_ASSIGNED_BY_THIS_FRACTURE_SCREEN,TARGET_CLASS_CONDITIONAL_NOT_PROBABILISTIC,"{""completion_domain_objective"":0.0,""control_onset_deviation_objective"":0.921963408225785,""final_avalanche_objective"":0.0,""precursor_topology_objective"":1.5,""process_zone_state_objective"":0.0,""provider_robustness_objective"":0.4289533463225213,""reinitiation_objective"":0.1574346718313822,""temperature_class_objective"":0.0}",NONE_RECORDED,OBSERVED_AVALANCHES_1_TO_1;REINITIATIONS_0_TO_0,OBSERVED_AVALANCHES_1_TO_5;REINITIATIONS_0_TO_4,0.12733222604689778,PROVIDER_SENSITIVE_TOPOLOGY,QUALITATIVE_TREND_AGREEMENT,71.83404319496921,25.741259197985094,97.07989870621768,0.859834667897109,0.25925925925925924,0.8181818181818182,253.68337732486705,34.21697489441019,PROVIDER_SENSITIVE,481.33,4.431657155416051,0.009818635455831266,5.774076395161329,-0.0020603266390436283,1.0952997134160791,0.9765095624258061,0.0184513317135146,1.8487270130094766,-0.00035581081683140137,5.4228651274844575,0.0031425433709946185,0.12467190223353747,1.7714388605493245,0.0058420097608974,5.480797531252669,8.079823212926017,1.9097672308795155,1.1372957159765065,1000000000000.0,1.6257791718649954,23.318559691507026,0.4561179580539465,1.2506696581840515,100000000000.0,5700429692482955.0,95811088816654.14,1.7008218143090084,6.070267261191762
oneD_v2_peak_R_7834115ae79cd559,oneD_v2_fracture_option_bank_v1,Peak,oneD_v2_peak_dbtt_R_v1,v913_zeroD_sobol_0242980,SOBOL_LOCAL_MATERIAL,V913_ACTIVE_CANDIDATE_29,29,"{""Tref_K"":481.33,""c_blunt"":4.8575789443790285,""cleave_G00_eV"":5.229743009052955,""cleave_exp_a"":1.1649718307276258,""cleave_exp_n"":1.5895617018409476,""cleave_floor_frac"":0.0184513317135146,""cleave_gT_eV_per_K"":0.012122386939637788,""cleave_sT_GPa_per_K"":-0.002295485301005447,""cleave_sigc0_GPa"":11.217966442434385,""emit_G00_eV"":2.0174018455772673,""emit_exp_a"":0.13173668199687907,""emit_exp_n"":1.1080757313735077,""emit_floor_frac"":0.0058420097608974,""emit_gT_eV_per_K"":0.00018808904415358184,""emit_sT_GPa_per_K"":0.0020977653692033616,""emit_sigc0_GPa"":9.784718038631057,""peierls_H0_eV"":6.467184611153244,""peierls_activation_entropy_kB"":13.574169270193934,""peierls_exp_a"":1.9097672308795155,""peierls_exp_n"":1.1372957159765065,""peierls_nu0_s"":1000000000000.0,""rho_source0_m2"":6831991814241943.0,""taylor_H0_eV"":2.753559512399223,""taylor_activation_entropy_kB"":38.14622833680444,""taylor_corr_rho_c_m2"":53665734129386.54,""taylor_corr_scale"":0.7266810540381293,""taylor_exp_a"":0.4561179580539465,""taylor_exp_n"":1.2506696581840515,""taylor_nu0_s"":100000000000.0}",7834115ae79cd5599062495367866062658f85c02160a079d50b6ce39104d6f6,5045feed8c87440676c580fe7f74989be4c4a995,04e21d940c5920f48d0f8dbc722900dfd4f6578b,04e21d940c5920f48d0f8dbc722900dfd4f6578b,119e8906d3c8166ad7b64e741d4cb09fc56f7bf46a98d6164fddc7d65e23270b,CURATED_OPTION|PARETO_NONDOMINATED,CURATED_OPTION|DIVERSE_PARETO,NOT_RUN,[],False,NOT_EVALUATED,Peak,NOT_ASSIGNED_BY_THIS_FRACTURE_SCREEN,TARGET_CLASS_CONDITIONAL_NOT_PROBABILISTIC,"{""completion_domain_objective"":0.0,""control_onset_deviation_objective"":2.2473235509208855,""final_avalanche_objective"":0.0,""precursor_topology_objective"":1.0,""process_zone_state_objective"":0.0,""provider_robustness_objective"":0.6762275011092249,""reinitiation_objective"":0.1,""temperature_class_objective"":0.0}",NONE_RECORDED,OBSERVED_AVALANCHES_1_TO_1;REINITIATIONS_0_TO_0,OBSERVED_AVALANCHES_1_TO_4;REINITIATIONS_0_TO_3,0.13175461192652568,PROVIDER_SENSITIVE_TOPOLOGY,QUALITATIVE_TREND_AGREEMENT,160.47524131183016,40.45803782180127,227.20435071869713,0.7013199377259766,0.46296296296296297,0.8636363636363636,292.1220299814958,41.056773321434925,SCREENED_TRADEOFF,481.33,5.229743009052955,0.012122386939637788,11.217966442434385,-0.002295485301005447,1.1649718307276258,1.5895617018409476,0.0184513317135146,2.0174018455772673,0.00018808904415358184,9.784718038631057,0.0020977653692033616,0.13173668199687907,1.1080757313735077,0.0058420097608974,6.467184611153244,13.574169270193934,1.9097672308795155,1.1372957159765065,1000000000000.0,2.753559512399223,38.14622833680444,0.4561179580539465,1.2506696581840515,100000000000.0,6831991814241943.0,53665734129386.54,0.7266810540381293,4.8575789443790285
oneD_v2_peak_R_a2e923a7587543db,oneD_v2_fracture_option_bank_v1,Peak,oneD_v2_peak_dbtt_R_v1,v913_zeroD_sobol_0242980,SOBOL_LOCAL_MATERIAL,V913_ACTIVE_CANDIDATE_29,29,"{""Tref_K"":481.33,""c_blunt"":5.904674826579676,""cleave_G00_eV"":4.685697034687443,""cleave_exp_a"":1.7374266783976555,""cleave_exp_n"":0.9652009661738176,""cleave_floor_frac"":0.0184513317135146,""cleave_gT_eV_per_K"":0.005261224687485825,""cleave_sT_GPa_per_K"":-0.0004155816383947564,""cleave_sigc0_GPa"":10.126514872352045,""emit_G00_eV"":1.779272664671439,""emit_exp_a"":0.10148723262622615,""emit_exp_n"":1.7905253638738974,""emit_floor_frac"":0.0058420097608974,""emit_gT_eV_per_K"":0.001039171776829765,""emit_sT_GPa_per_K"":0.0004645084640458152,""emit_sigc0_GPa"":5.078440425624909,""peierls_H0_eV"":7.69226941727475,""peierls_activation_entropy_kB"":20.13200723062293,""peierls_exp_a"":1.9097672308795155,""peierls_exp_n"":1.1372957159765065,""peierls_nu0_s"":1000000000000.0,""rho_source0_m2"":3.1256573429900224e+16,""taylor_H0_eV"":2.7178814386658514,""taylor_activation_entropy_kB"":46.288687118728674,""taylor_corr_rho_c_m2"":142015042562784.0,""taylor_corr_scale"":0.637105649605775,""taylor_exp_a"":0.4561179580539465,""taylor_exp_n"":1.2506696581840515,""taylor_nu0_s"":100000000000.0}",a2e923a7587543dbcc24cd621145bbf3a6f2ba2c749a6bbd9c454558726210d2,5045feed8c87440676c580fe7f74989be4c4a995,04e21d940c5920f48d0f8dbc722900dfd4f6578b,04e21d940c5920f48d0f8dbc722900dfd4f6578b,119e8906d3c8166ad7b64e741d4cb09fc56f7bf46a98d6164fddc7d65e23270b,CURATED_OPTION|PARETO_NONDOMINATED,CURATED_OPTION|DIVERSE_PARETO|HIGH_BACKSTRESS,NOT_RUN,[],False,NOT_EVALUATED,Peak,NOT_ASSIGNED_BY_THIS_FRACTURE_SCREEN,TARGET_CLASS_CONDITIONAL_NOT_PROBABILISTIC,"{""completion_domain_objective"":0.0,""control_onset_deviation_objective"":1.3185860703919503,""final_avalanche_objective"":0.0,""precursor_topology_objective"":1.0,""process_zone_state_objective"":0.0,""provider_robustness_objective"":0.6867244595556822,""reinitiation_objective"":0.1005927791695187,""temperature_class_objective"":0.0}",NONE_RECORDED,OBSERVED_AVALANCHES_1_TO_1;REINITIATIONS_0_TO_0,OBSERVED_AVALANCHES_1_TO_4;REINITIATIONS_0_TO_3,0.11103022520981419,PROVIDER_SENSITIVE_TOPOLOGY,QUALITATIVE_TREND_AGREEMENT,87.36118839436752,32.60024119298187,111.23301117689728,0.6623774731040721,0.46296296296296297,0.8636363636363636,530.8056735476414,50.23202287696896,SCREENED_TRADEOFF,481.33,4.685697034687443,0.005261224687485825,10.126514872352045,-0.0004155816383947564,1.7374266783976555,0.9652009661738176,0.0184513317135146,1.779272664671439,0.001039171776829765,5.078440425624909,0.0004645084640458152,0.10148723262622615,1.7905253638738974,0.0058420097608974,7.69226941727475,20.13200723062293,1.9097672308795155,1.1372957159765065,1000000000000.0,2.7178814386658514,46.288687118728674,0.4561179580539465,1.2506696581840515,100000000000.0,3.1256573429900224e+16,142015042562784.0,0.637105649605775,5.904674826579676
oneD_v2_peak_R_f4c5e5fb2fe43d83,oneD_v2_fracture_option_bank_v1,Peak,oneD_v2_peak_dbtt_R_v1,v913_zeroD_sobol_0242980,SOBOL_LOCAL_MATERIAL,V913_ACTIVE_CANDIDATE_29,29,"{""Tref_K"":481.33,""c_blunt"":5.844567042962362,""cleave_G00_eV"":5.784672133203624,""cleave_exp_a"":1.5279479146508368,""cleave_exp_n"":1.7321586406784923,""cleave_floor_frac"":0.0184513317135146,""cleave_gT_eV_per_K"":0.004757937327012645,""cleave_sT_GPa_per_K"":-0.0024163029318324293,""cleave_sigc0_GPa"":12.04896777365252,""emit_G00_eV"":1.4386153347717592,""emit_exp_a"":0.08019195248153288,""emit_exp_n"":0.7295251341750926,""emit_floor_frac"":0.0058420097608974,""emit_gT_eV_per_K"":-0.0007268783103453744,""emit_sT_GPa_per_K"":0.0035698300044566655,""emit_sigc0_GPa"":3.678148478030077,""peierls_H0_eV"":4.373387163069165,""peierls_activation_entropy_kB"":22.836857151504972,""peierls_exp_a"":1.9097672308795155,""peierls_exp_n"":1.1372957159765065,""peierls_nu0_s"":1000000000000.0,""rho_source0_m2"":1.595444241037628e+16,""taylor_H0_eV"":1.1377667825848317,""taylor_activation_entropy_kB"":18.14508599767631,""taylor_corr_rho_c_m2"":81621033185138.11,""taylor_corr_scale"":0.8334662528329115,""taylor_exp_a"":0.4561179580539465,""taylor_exp_n"":1.2506696581840515,""taylor_nu0_s"":100000000000.0}",f4c5e5fb2fe43d835d6a5c84f5488eab7eb056c04f6b5f1906a6a777644d0a84,5045feed8c87440676c580fe7f74989be4c4a995,04e21d940c5920f48d0f8dbc722900dfd4f6578b,04e21d940c5920f48d0f8dbc722900dfd4f6578b,119e8906d3c8166ad7b64e741d4cb09fc56f7bf46a98d6164fddc7d65e23270b,CURATED_OPTION|PARETO_NEAR_FRONT,CURATED_OPTION|DIVERSE_PARETO|HIGH_PRECURSOR_COUNT|LOW_FINAL_AVALANCHE_FRACTION,NOT_RUN,[],False,NOT_EVALUATED,Peak,NOT_ASSIGNED_BY_THIS_FRACTURE_SCREEN,TARGET_CLASS_CONDITIONAL_NOT_PROBABILISTIC,"{""completion_domain_objective"":0.0,""control_onset_deviation_objective"":2.370021541194778,""final_avalanche_objective"":0.0,""precursor_topology_objective"":1.0,""process_zone_state_objective"":0.0,""provider_robustness_objective"":0.3927150794775139,""reinitiation_objective"":0.1,""temperature_class_objective"":2.703120247302487}",NONE_RECORDED,OBSERVED_AVALANCHES_1_TO_2;REINITIATIONS_0_TO_1,OBSERVED_AVALANCHES_2_TO_2;REINITIATIONS_1_TO_1,0.14581498296427486,PROVIDER_SENSITIVE_TOPOLOGY,QUALITATIVE_TREND_AGREEMENT,153.9392255130552,114.53617540518667,206.75691123053292,0.5173899302202615,0.625,0.9473684210526315,75.5729922670703,18.94400568076295,SCREENED_TRADEOFF,481.33,5.784672133203624,0.004757937327012645,12.04896777365252,-0.0024163029318324293,1.5279479146508368,1.7321586406784923,0.0184513317135146,1.4386153347717592,-0.0007268783103453744,3.678148478030077,0.0035698300044566655,0.08019195248153288,0.7295251341750926,0.0058420097608974,4.373387163069165,22.836857151504972,1.9097672308795155,1.1372957159765065,1000000000000.0,1.1377667825848317,18.14508599767631,0.4561179580539465,1.2506696581840515,100000000000.0,1.595444241037628e+16,81621033185138.11,0.8334662528329115,5.844567042962362
v913_zeroD_sobol_0242980,oneD_v2_fracture_option_bank_v1,Peak,oneD_v2_peak_dbtt_R_v1,v913_zeroD_sobol_0242980,HISTORICAL_CONTROL,V913_ACTIVE_CANDIDATE_29,29,"{""Tref_K"":481.33,""c_blunt"":2.687256144359708,""cleave_G00_eV"":4.011803912930191,""cleave_exp_a"":1.3227705595549195,""cleave_exp_n"":1.2558047282509506,""cleave_floor_frac"":0.0184513317135146,""cleave_gT_eV_per_K"":0.0081468212408944,""cleave_sT_GPa_per_K"":-0.0012099820682778,""cleave_sigc0_GPa"":7.349638969637454,""emit_G00_eV"":2.0446315124630927,""emit_exp_a"":0.0858719444833695,""emit_exp_n"":1.1423492641188204,""emit_floor_frac"":0.0058420097608974,""emit_gT_eV_per_K"":0.000941995373927,""emit_sT_GPa_per_K"":0.0013325903080403,""emit_sigc0_GPa"":7.205215461552143,""peierls_H0_eV"":6.368386985268444,""peierls_activation_entropy_kB"":12.2265643812716,""peierls_exp_a"":1.9097672308795155,""peierls_exp_n"":1.1372957159765065,""peierls_nu0_s"":1000000000000.0,""rho_source0_m2"":1.4102520844479966e+16,""taylor_H0_eV"":1.6986502355337143,""taylor_activation_entropy_kB"":38.45378890633583,""taylor_corr_rho_c_m2"":58780073970578.01,""taylor_corr_scale"":0.8638954413677038,""taylor_exp_a"":0.4561179580539465,""taylor_exp_n"":1.2506696581840515,""taylor_nu0_s"":100000000000.0}",d004ea60768cfb90435d8d10f9badd180e614c0fc23950b24554b5a0b4bbe3a2,5045feed8c87440676c580fe7f74989be4c4a995,04e21d940c5920f48d0f8dbc722900dfd4f6578b,04e21d940c5920f48d0f8dbc722900dfd4f6578b,119e8906d3c8166ad7b64e741d4cb09fc56f7bf46a98d6164fddc7d65e23270b,CURATED_OPTION|CURRENT_V2_SELECTED|DIRECT_PF_VALIDATED|HISTORICAL_CONTROL|PARETO_NONDOMINATED,BALANCED|CONTROL|CURATED_OPTION|DIVERSE_PARETO,AVAILABLE_AUTHORITATIVE_TEMPERATURE_MATCHED_UNPAIRED_SEEDS,"[{""hazard_seed"": 4630, ""source_steps_file"": ""/Volumes/Data/Data/Nanopillar_calculation/PF-fracture-fatigue_v10_2_21_persistent_sites_top1/runs/1_final_v10_2_30_theta0_rate_extremes_four_class_1000um_base3621_v1/rate1x/v913_paper_peak01_0242980_persistent_sites/T600K_th0_seed4630/steps_0600K.csv"", ""source_steps_sha256"": ""6c78ce302d54db196702d0c1c2fe724f9db34635ea51a26629b2746ea95f31d9"", ""temperature_K"": 600.0}, {""hazard_seed"": 6648, ""source_steps_file"": ""/Volumes/Data/Data/Nanopillar_calculation/PF-fracture-fatigue_v10_2_21_persistent_sites_top1/runs/1_final_v10_2_30_theta0_rate_extremes_four_class_1000um_base3621_v1/rate1x/v913_paper_peak01_0242980_persistent_sites/T900K_th0_seed6648/steps_0900K.csv"", ""source_steps_sha256"": ""f1211300ce9dd73eae9356b28bef6951920eb56477499a905f4133014513cc9d"", ""temperature_K"": 900.0}, {""hazard_seed"": 12702, ""source_steps_file"": ""/Volumes/Data/Data/Nanopillar_calculation/PF-fracture-fatigue_v10_2_21_persistent_sites_top1/runs/1_final_v10_2_30_theta0_rate_extremes_four_class_1000um_base3621_v1/rate1x/v913_paper_peak01_0242980_persistent_sites/T1200K_th0_seed12702/steps_1200K.csv"", ""source_steps_sha256"": ""95ba19655a31bcbd559b331a349ebd44e6ed495345b8d7f10d2379b39961b6ce"", ""temperature_K"": 1200.0}]",False,NOT_EVALUATED,Peak,NOT_ASSIGNED_BY_THIS_FRACTURE_SCREEN,TARGET_CLASS_CONDITIONAL_NOT_PROBABILISTIC,"{""completion_domain_objective"":0.0,""control_onset_deviation_objective"":0.0,""final_avalanche_objective"":0.0,""precursor_topology_objective"":2.0,""process_zone_state_objective"":0.0,""provider_robustness_objective"":0.5938876653503011,""reinitiation_objective"":0.2,""temperature_class_objective"":0.0}",NONE_RECORDED,OBSERVED_AVALANCHES_1_TO_1;REINITIATIONS_0_TO_0,OBSERVED_AVALANCHES_1_TO_1;REINITIATIONS_0_TO_0,0.1401566398829397,AGREE_ALL_COMMON_TEMPERATURES,QUALITATIVE_TREND_AGREEMENT,44.81708799666633,22.66745289427687,58.06799072048371,0.0,0.0,1.0,26.590292656784143,16.365925457037143,SCREENED_TRADEOFF,481.33,4.011803912930191,0.0081468212408944,7.349638969637454,-0.0012099820682778,1.3227705595549195,1.2558047282509506,0.0184513317135146,2.0446315124630927,0.000941995373927,7.205215461552143,0.0013325903080403,0.0858719444833695,1.1423492641188204,0.0058420097608974,6.368386985268444,12.2265643812716,1.9097672308795155,1.1372957159765065,1000000000000.0,1.6986502355337143,38.45378890633583,0.4561179580539465,1.2506696581840515,100000000000.0,1.4102520844479966e+16,58780073970578.01,0.8638954413677038,2.687256144359708
oneD_v2_dbtt_R_3e168d9381eafa7b,oneD_v2_fracture_option_bank_v1,DBTT,oneD_v2_peak_dbtt_R_v1,v913_zeroD_sobol_0202500,SOBOL_LOCAL_MATERIAL,V913_ACTIVE_CANDIDATE_29,29,"{""Tref_K"":481.33,""c_blunt"":4.192391373105451,""cleave_G00_eV"":2.7263226339970634,""cleave_exp_a"":0.3655237378458536,""cleave_exp_n"":2.922516362466403,""cleave_floor_frac"":0.026239358201278,""cleave_gT_eV_per_K"":0.008931572897448769,""cleave_sT_GPa_per_K"":-0.0008912949616189118,""cleave_sigc0_GPa"":8.431917241681298,""emit_G00_eV"":2.6193617539157366,""emit_exp_a"":0.1102059522512416,""emit_exp_n"":0.46138081263420294,""emit_floor_frac"":0.0103682254353579,""emit_gT_eV_per_K"":0.004031207282605458,""emit_sT_GPa_per_K"":-0.007959885828091698,""emit_sigc0_GPa"":1.4467638680364308,""peierls_H0_eV"":4.286924079210238,""peierls_activation_entropy_kB"":-56.187329169711994,""peierls_exp_a"":1.448395521938801,""peierls_exp_n"":1.871259921230376,""peierls_nu0_s"":1000000000000.0,""rho_source0_m2"":1638799274225960.0,""taylor_H0_eV"":2.015847710740593,""taylor_activation_entropy_kB"":23.270689490176842,""taylor_corr_rho_c_m2"":8499168604938.201,""taylor_corr_scale"":1.0957499917164737,""taylor_exp_a"":0.7048910272121429,""taylor_exp_n"":0.5389550719410181,""taylor_nu0_s"":100000000000.0}",3e168d9381eafa7b2c41022459483033f17ec54892536368fc6a8feb98f57e84,5045feed8c87440676c580fe7f74989be4c4a995,04e21d940c5920f48d0f8dbc722900dfd4f6578b,04e21d940c5920f48d0f8dbc722900dfd4f6578b,119e8906d3c8166ad7b64e741d4cb09fc56f7bf46a98d6164fddc7d65e23270b,CURATED_OPTION|PARETO_NEAR_FRONT,CURATED_OPTION|DIVERSE_PARETO|HIGH_BACKSTRESS|HIGH_ONSET|R_ENRICHED,NOT_RUN,[],False,NOT_EVALUATED,DBTT,NOT_ASSIGNED_BY_THIS_FRACTURE_SCREEN,TARGET_CLASS_CONDITIONAL_NOT_PROBABILISTIC,"{""completion_domain_objective"":0.0,""control_onset_deviation_objective"":1.6264144792986903,""final_avalanche_objective"":0.0,""precursor_topology_objective"":0.0,""process_zone_state_objective"":0.0,""provider_robustness_objective"":2.92333349013926,""reinitiation_objective"":0.0,""temperature_class_objective"":0.0}",NONE_RECORDED,OBSERVED_AVALANCHES_1_TO_3;REINITIATIONS_0_TO_2,OBSERVED_AVALANCHES_1_TO_3;REINITIATIONS_0_TO_2,0.27080753393221374,PROVIDER_SENSITIVE_TOPOLOGY,QUALITATIVE_TREND_AGREEMENT,123.82868804496151,29.165737826671833,178.20302216060344,1.8950511809936517,1.4833333333333334,0.8823529411764706,263.97766413139436,42.0035925296656,SCREENED_TRADEOFF,481.33,2.7263226339970634,0.008931572897448769,8.431917241681298,-0.0008912949616189118,0.3655237378458536,2.922516362466403,0.026239358201278,2.6193617539157366,0.004031207282605458,1.4467638680364308,-0.007959885828091698,0.1102059522512416,0.46138081263420294,0.0103682254353579,4.286924079210238,-56.187329169711994,1.448395521938801,1.871259921230376,1000000000000.0,2.015847710740593,23.270689490176842,0.7048910272121429,0.5389550719410181,100000000000.0,1638799274225960.0,8499168604938.201,1.0957499917164737,4.192391373105451
oneD_v2_dbtt_R_41a3f2096b3c4c54,oneD_v2_fracture_option_bank_v1,DBTT,oneD_v2_peak_dbtt_R_v1,v913_zeroD_sobol_0202500,SOBOL_LOCAL_MATERIAL,V913_ACTIVE_CANDIDATE_29,29,"{""Tref_K"":481.33,""c_blunt"":2.774974377285394,""cleave_G00_eV"":4.007504452156887,""cleave_exp_a"":0.6043367277176193,""cleave_exp_n"":1.9095946646132131,""cleave_floor_frac"":0.026239358201278,""cleave_gT_eV_per_K"":0.006942799286286851,""cleave_sT_GPa_per_K"":-0.0016160295711114252,""cleave_sigc0_GPa"":8.360241935601817,""emit_G00_eV"":1.8166606059784953,""emit_exp_a"":0.11448767396823127,""emit_exp_n"":0.40270261362646065,""emit_floor_frac"":0.0103682254353579,""emit_gT_eV_per_K"":0.004204833256592207,""emit_sT_GPa_per_K"":-0.0032880370993267818,""emit_sigc0_GPa"":1.6053189556219989,""peierls_H0_eV"":2.3879454445046577,""peierls_activation_entropy_kB"":-32.81218505381737,""peierls_exp_a"":1.448395521938801,""peierls_exp_n"":1.871259921230376,""peierls_nu0_s"":1000000000000.0,""rho_source0_m2"":833669371892378.8,""taylor_H0_eV"":1.457630727567303,""taylor_activation_entropy_kB"":20.263495782908194,""taylor_corr_rho_c_m2"":11312418841670.295,""taylor_corr_scale"":0.8664327725571279,""taylor_exp_a"":0.7048910272121429,""taylor_exp_n"":0.5389550719410181,""taylor_nu0_s"":100000000000.0}",41a3f2096b3c4c542d57f9e11a9e93839ec2b2fb01474fae92a5dc82c749846a,5045feed8c87440676c580fe7f74989be4c4a995,04e21d940c5920f48d0f8dbc722900dfd4f6578b,04e21d940c5920f48d0f8dbc722900dfd4f6578b,119e8906d3c8166ad7b64e741d4cb09fc56f7bf46a98d6164fddc7d65e23270b,CURATED_OPTION|PARETO_NONDOMINATED,CURATED_OPTION|DIVERSE_PARETO,NOT_RUN,[],False,NOT_EVALUATED,DBTT,NOT_ASSIGNED_BY_THIS_FRACTURE_SCREEN,TARGET_CLASS_CONDITIONAL_NOT_PROBABILISTIC,"{""completion_domain_objective"":0.0,""control_onset_deviation_objective"":1.2197154224672833,""final_avalanche_objective"":0.0,""precursor_topology_objective"":0.0,""process_zone_state_objective"":0.0,""provider_robustness_objective"":1.303848354241245,""reinitiation_objective"":0.0,""temperature_class_objective"":0.0}",NONE_RECORDED,OBSERVED_AVALANCHES_1_TO_3;REINITIATIONS_0_TO_2,OBSERVED_AVALANCHES_1_TO_4;REINITIATIONS_0_TO_3,0.24890913809850862,PROVIDER_SENSITIVE_TOPOLOGY,QUALITATIVE_TREND_AGREEMENT,83.24871877610187,36.60853311634774,132.33919132330314,1.6224277198460544,1.2,0.8695652173913043,237.29782621581927,48.93929687187563,SCREENED_TRADEOFF,481.33,4.007504452156887,0.006942799286286851,8.360241935601817,-0.0016160295711114252,0.6043367277176193,1.9095946646132131,0.026239358201278,1.8166606059784953,0.004204833256592207,1.6053189556219989,-0.0032880370993267818,0.11448767396823127,0.40270261362646065,0.0103682254353579,2.3879454445046577,-32.81218505381737,1.448395521938801,1.871259921230376,1000000000000.0,1.457630727567303,20.263495782908194,0.7048910272121429,0.5389550719410181,100000000000.0,833669371892378.8,11312418841670.295,0.8664327725571279,2.774974377285394
oneD_v2_dbtt_R_7b3b5b45354e64ef,oneD_v2_fracture_option_bank_v1,DBTT,oneD_v2_peak_dbtt_R_v1,v913_zeroD_sobol_0202500,SOBOL_LOCAL_MATERIAL,V913_ACTIVE_CANDIDATE_29,29,"{""Tref_K"":481.33,""c_blunt"":4.990658777708567,""cleave_G00_eV"":1.3817038125259684,""cleave_exp_a"":0.4362762779225825,""cleave_exp_n"":3.1712757917197525,""cleave_floor_frac"":0.026239358201278,""cleave_gT_eV_per_K"":0.0032996505162841546,""cleave_sT_GPa_per_K"":-0.0016432020220902386,""cleave_sigc0_GPa"":9.380819894401702,""emit_G00_eV"":1.9326811818678884,""emit_exp_a"":0.17662074502704495,""emit_exp_n"":0.46784416311415317,""emit_floor_frac"":0.0103682254353579,""emit_gT_eV_per_K"":0.0024749874479581533,""emit_sT_GPa_per_K"":-0.006290109817225442,""emit_sigc0_GPa"":2.0214459107790814,""peierls_H0_eV"":5.52016628271229,""peierls_activation_entropy_kB"":-51.595077361355536,""peierls_exp_a"":1.448395521938801,""peierls_exp_n"":1.871259921230376,""peierls_nu0_s"":1000000000000.0,""rho_source0_m2"":1468908346765729.2,""taylor_H0_eV"":1.1974374758931805,""taylor_activation_entropy_kB"":45.405104880374594,""taylor_corr_rho_c_m2"":35838233825771.1,""taylor_corr_scale"":1.2804294181102447,""taylor_exp_a"":0.7048910272121429,""taylor_exp_n"":0.5389550719410181,""taylor_nu0_s"":100000000000.0}",7b3b5b45354e64efd68fd402352db131e1fda37744ea66f0eea86e0a251b4490,5045feed8c87440676c580fe7f74989be4c4a995,04e21d940c5920f48d0f8dbc722900dfd4f6578b,04e21d940c5920f48d0f8dbc722900dfd4f6578b,119e8906d3c8166ad7b64e741d4cb09fc56f7bf46a98d6164fddc7d65e23270b,CURATED_OPTION|PARETO_NONDOMINATED,CURATED_OPTION|DIVERSE_PARETO,NOT_RUN,[],False,NOT_EVALUATED,DBTT,NOT_ASSIGNED_BY_THIS_FRACTURE_SCREEN,TARGET_CLASS_CONDITIONAL_NOT_PROBABILISTIC,"{""completion_domain_objective"":0.0,""control_onset_deviation_objective"":1.1104220660349775,""final_avalanche_objective"":0.0,""precursor_topology_objective"":0.0,""process_zone_state_objective"":0.0,""provider_robustness_objective"":2.2417929465341775,""reinitiation_objective"":0.0,""temperature_class_objective"":0.7069407192781982}",NONE_RECORDED,OBSERVED_AVALANCHES_1_TO_3;REINITIATIONS_0_TO_2,OBSERVED_AVALANCHES_1_TO_3;REINITIATIONS_0_TO_2,0.1849725520859636,PROVIDER_SENSITIVE_TOPOLOGY,QUALITATIVE_TREND_AGREEMENT,84.66740023877263,25.574069278558735,110.120034817656,1.655513852371781,1.4833333333333334,0.8823529411764706,263.5470050004841,38.46643774664783,SCREENED_TRADEOFF,481.33,1.3817038125259684,0.0032996505162841546,9.380819894401702,-0.0016432020220902386,0.4362762779225825,3.1712757917197525,0.026239358201278,1.9326811818678884,0.0024749874479581533,2.0214459107790814,-0.006290109817225442,0.17662074502704495,0.46784416311415317,0.0103682254353579,5.52016628271229,-51.595077361355536,1.448395521938801,1.871259921230376,1000000000000.0,1.1974374758931805,45.405104880374594,0.7048910272121429,0.5389550719410181,100000000000.0,1468908346765729.2,35838233825771.1,1.2804294181102447,4.990658777708567
oneD_v2_dbtt_R_9f5160f509e713e2,oneD_v2_fracture_option_bank_v1,DBTT,oneD_v2_peak_dbtt_R_v1,v913_zeroD_sobol_0202500,SOBOL_LOCAL_MATERIAL,V913_ACTIVE_CANDIDATE_29,29,"{""Tref_K"":481.33,""c_blunt"":1.7529365082089903,""cleave_G00_eV"":2.008633966829803,""cleave_exp_a"":0.37281658310123506,""cleave_exp_n"":2.0728245691276466,""cleave_floor_frac"":0.026239358201278,""cleave_gT_eV_per_K"":0.0063754405694973395,""cleave_sT_GPa_per_K"":-0.00046541699849512563,""cleave_sigc0_GPa"":6.871849853835221,""emit_G00_eV"":3.4949424819947663,""emit_exp_a"":0.21882931831669378,""emit_exp_n"":0.5337540849873799,""emit_floor_frac"":0.0103682254353579,""emit_gT_eV_per_K"":0.0035428968016845155,""emit_sT_GPa_per_K"":-0.006247799493564789,""emit_sigc0_GPa"":3.8464952265101164,""peierls_H0_eV"":4.953553982059941,""peierls_activation_entropy_kB"":-37.89774217673219,""peierls_exp_a"":1.448395521938801,""peierls_exp_n"":1.871259921230376,""peierls_nu0_s"":1000000000000.0,""rho_source0_m2"":752297186052096.9,""taylor_H0_eV"":1.5226765814499252,""taylor_activation_entropy_kB"":30.021098451532534,""taylor_corr_rho_c_m2"":39933150707666.805,""taylor_corr_scale"":0.8335919047629173,""taylor_exp_a"":0.7048910272121429,""taylor_exp_n"":0.5389550719410181,""taylor_nu0_s"":100000000000.0}",9f5160f509e713e256ea747e2549d05063d6a269258810b4348dcb4bc7fa9d59,5045feed8c87440676c580fe7f74989be4c4a995,04e21d940c5920f48d0f8dbc722900dfd4f6578b,04e21d940c5920f48d0f8dbc722900dfd4f6578b,119e8906d3c8166ad7b64e741d4cb09fc56f7bf46a98d6164fddc7d65e23270b,CURATED_OPTION|DIRECT_PF_REJECTED|PARETO_NEAR_FRONT|PROVIDER_SENSITIVE_OPTION|R_ENRICHED_OPTION,CURATED_OPTION|DIVERSE_PARETO|HIGH_BACKSTRESS|LOW_T_SHELF|PROVIDER_SENSITIVE|SHIFTED_TRANSITION,FAILED_NO_POSITIVE_RELOAD_SEPARATED_RESISTANCE,"[{""hazard_seed"": 1008666, ""source_steps_file"": ""/private/tmp/oneD-v2-peak-dbtt-R-pf-runs/DBTT_R/T600K_seed1008666/steps_0600K.csv"", ""source_steps_sha256"": ""60b1a867c51cbd45a21031323f3a8ac1ff71980fa928f5abfc98bd14de03adf6"", ""temperature_K"": 600.0}, {""hazard_seed"": 1008666, ""source_steps_file"": ""/private/tmp/oneD-v2-peak-dbtt-R-pf-runs/DBTT_R/T1100K_seed1008666/steps_1100K.csv"", ""source_steps_sha256"": ""d073e7f498cdfedbcf2cb5fe0d34aa715423378ecd167cd67b84900d27a5776c"", ""temperature_K"": 1100.0}, {""hazard_seed"": 1008666, ""source_steps_file"": ""/private/tmp/oneD-v2-peak-dbtt-R-pf-runs/DBTT_R/T1200K_seed1008666/steps_1200K.csv"", ""source_steps_sha256"": ""8150c663e767a80b12deef96b897ec0ccc3d0e51a1ad0761e731b7974339fab3"", ""temperature_K"": 1200.0}]",False,NOT_EVALUATED,DBTT,NOT_ASSIGNED_BY_THIS_FRACTURE_SCREEN,TARGET_CLASS_CONDITIONAL_NOT_PROBABILISTIC,"{""completion_domain_objective"":0.0,""control_onset_deviation_objective"":0.5107195369545358,""final_avalanche_objective"":0.0,""precursor_topology_objective"":1.0,""process_zone_state_objective"":0.0,""provider_robustness_objective"":1.1893673219489755,""reinitiation_objective"":0.15,""temperature_class_objective"":0.0787209901759731}",NONE_RECORDED,OBSERVED_AVALANCHES_1_TO_2;REINITIATIONS_0_TO_1,OBSERVED_AVALANCHES_1_TO_4;REINITIATIONS_0_TO_3,0.3660217727261964,PROVIDER_SENSITIVE_TOPOLOGY,QUALITATIVE_TREND_AGREEMENT,53.89224279817659,21.972826566127697,92.61634288930084,1.3314315418007163,0.7833333333333333,0.8695652173913043,187.2215386977571,54.66245786934214,PROVIDER_SENSITIVE,481.33,2.008633966829803,0.0063754405694973395,6.871849853835221,-0.00046541699849512563,0.37281658310123506,2.0728245691276466,0.026239358201278,3.4949424819947663,0.0035428968016845155,3.8464952265101164,-0.006247799493564789,0.21882931831669378,0.5337540849873799,0.0103682254353579,4.953553982059941,-37.89774217673219,1.448395521938801,1.871259921230376,1000000000000.0,1.5226765814499252,30.021098451532534,0.7048910272121429,0.5389550719410181,100000000000.0,752297186052096.9,39933150707666.805,0.8335919047629173,1.7529365082089903
oneD_v2_dbtt_R_c4859a34963f15af,oneD_v2_fracture_option_bank_v1,DBTT,oneD_v2_peak_dbtt_R_v1,v913_zeroD_sobol_0202500,SOBOL_LOCAL_MATERIAL,V913_ACTIVE_CANDIDATE_29,29,"{""Tref_K"":481.33,""c_blunt"":4.417075857697392,""cleave_G00_eV"":1.555030574690216,""cleave_exp_a"":0.5540489718738786,""cleave_exp_n"":3.2820365214039224,""cleave_floor_frac"":0.026239358201278,""cleave_gT_eV_per_K"":0.00476129068183239,""cleave_sT_GPa_per_K"":-0.00038266904151011065,""cleave_sigc0_GPa"":8.958192641825189,""emit_G00_eV"":4.0323646931378665,""emit_exp_a"":0.09495684507018155,""emit_exp_n"":0.5958818159366011,""emit_floor_frac"":0.0103682254353579,""emit_gT_eV_per_K"":0.005791682350533985,""emit_sT_GPa_per_K"":-0.0056532798569228875,""emit_sigc0_GPa"":2.2555982442585365,""peierls_H0_eV"":2.8005356939452675,""peierls_activation_entropy_kB"":-16.08780959512038,""peierls_exp_a"":1.448395521938801,""peierls_exp_n"":1.871259921230376,""peierls_nu0_s"":1000000000000.0,""rho_source0_m2"":1540295264461026.2,""taylor_H0_eV"":0.9384280178774456,""taylor_activation_entropy_kB"":25.766149126325256,""taylor_corr_rho_c_m2"":14521688365779.002,""taylor_corr_scale"":1.0823332580836238,""taylor_exp_a"":0.7048910272121429,""taylor_exp_n"":0.5389550719410181,""taylor_nu0_s"":100000000000.0}",c4859a34963f15af8f0a768e9948a98385802b266845d1c9166f86669cb137c0,5045feed8c87440676c580fe7f74989be4c4a995,04e21d940c5920f48d0f8dbc722900dfd4f6578b,04e21d940c5920f48d0f8dbc722900dfd4f6578b,119e8906d3c8166ad7b64e741d4cb09fc56f7bf46a98d6164fddc7d65e23270b,CURATED_OPTION|PARETO_NONDOMINATED,CURATED_OPTION|DIVERSE_PARETO,NOT_RUN,[],False,NOT_EVALUATED,DBTT,NOT_ASSIGNED_BY_THIS_FRACTURE_SCREEN,TARGET_CLASS_CONDITIONAL_NOT_PROBABILISTIC,"{""completion_domain_objective"":0.0,""control_onset_deviation_objective"":1.000419864656029,""final_avalanche_objective"":0.0,""precursor_topology_objective"":0.0,""process_zone_state_objective"":0.0,""provider_robustness_objective"":2.7227718456176517,""reinitiation_objective"":0.0,""temperature_class_objective"":0.0254357920786958}",NONE_RECORDED,OBSERVED_AVALANCHES_1_TO_3;REINITIATIONS_0_TO_2,OBSERVED_AVALANCHES_1_TO_3;REINITIATIONS_0_TO_2,0.31868364928522863,PROVIDER_SENSITIVE_TOPOLOGY,QUALITATIVE_TREND_AGREEMENT,75.25327700610013,20.25768374396311,110.63375682528734,1.6477795353981208,1.35,0.8823529411764706,240.3256261695172,39.03772735742806,SCREENED_TRADEOFF,481.33,1.555030574690216,0.00476129068183239,8.958192641825189,-0.00038266904151011065,0.5540489718738786,3.2820365214039224,0.026239358201278,4.0323646931378665,0.005791682350533985,2.2555982442585365,-0.0056532798569228875,0.09495684507018155,0.5958818159366011,0.0103682254353579,2.8005356939452675,-16.08780959512038,1.448395521938801,1.871259921230376,1000000000000.0,0.9384280178774456,25.766149126325256,0.7048910272121429,0.5389550719410181,100000000000.0,1540295264461026.2,14521688365779.002,1.0823332580836238,4.417075857697392
v913_zeroD_sobol_0202500,oneD_v2_fracture_option_bank_v1,DBTT,oneD_v2_peak_dbtt_R_v1,v913_zeroD_sobol_0202500,HISTORICAL_CONTROL,V913_ACTIVE_CANDIDATE_29,29,"{""Tref_K"":481.33,""c_blunt"":2.929164256900549,""cleave_G00_eV"":2.357721022795886,""cleave_exp_a"":0.4968366474844515,""cleave_exp_n"":2.618804107885808,""cleave_floor_frac"":0.026239358201278,""cleave_gT_eV_per_K"":0.0056085130451247,""cleave_sT_GPa_per_K"":-0.0012041387008503,""cleave_sigc0_GPa"":6.7501407796517015,""emit_G00_eV"":3.344896922819316,""emit_exp_a"":0.1572539726179093,""emit_exp_n"":0.5156166724395007,""emit_floor_frac"":0.0103682254353579,""emit_gT_eV_per_K"":0.0061668124636635,""emit_sT_GPa_per_K"":-0.0052233074344694,""emit_sigc0_GPa"":2.7143102660775185,""peierls_H0_eV"":3.525720003992319,""peierls_activation_entropy_kB"":-36.33932862430811,""peierls_exp_a"":1.448395521938801,""peierls_exp_n"":1.871259921230376,""peierls_nu0_s"":1000000000000.0,""rho_source0_m2"":523948859759023.8,""taylor_H0_eV"":1.4998139148950578,""taylor_activation_entropy_kB"":31.365934647619724,""taylor_corr_rho_c_m2"":22042481205294.297,""taylor_corr_scale"":1.2690231726199324,""taylor_exp_a"":0.7048910272121429,""taylor_exp_n"":0.5389550719410181,""taylor_nu0_s"":100000000000.0}",54104a30a31aa19517810249cb3ea42a346b92670ce3bd4f007110ba3babb1c2,5045feed8c87440676c580fe7f74989be4c4a995,04e21d940c5920f48d0f8dbc722900dfd4f6578b,04e21d940c5920f48d0f8dbc722900dfd4f6578b,119e8906d3c8166ad7b64e741d4cb09fc56f7bf46a98d6164fddc7d65e23270b,CURATED_OPTION|CURRENT_V2_SELECTED|DIRECT_PF_VALIDATED|HISTORICAL_CONTROL|PARETO_NONDOMINATED,BALANCED|CONTROL|CURATED_OPTION|DIVERSE_PARETO,AVAILABLE_AUTHORITATIVE_TEMPERATURE_MATCHED_UNPAIRED_SEEDS,"[{""hazard_seed"": 1004630, ""source_steps_file"": ""/Volumes/Data/Data/Nanopillar_calculation/PF-fracture-fatigue_v10_2_21_persistent_sites_top1/runs/1_final_v10_2_30_theta0_rate_extremes_four_class_1000um_base3621_v1/rate1x/v913_paper_dbtt01_0202500_persistent_sites/T600K_th0_seed1004630/steps_0600K.csv"", ""source_steps_sha256"": ""955d63e5cd8019c49b933c89a0a6e594fc49ceea62bb8584d15785dc21a4cceb"", ""temperature_K"": 600.0}, {""hazard_seed"": 1010684, ""source_steps_file"": ""/Volumes/Data/Data/Nanopillar_calculation/PF-fracture-fatigue_v10_2_21_persistent_sites_top1/runs/1_final_v10_2_30_theta0_rate_extremes_four_class_1000um_base3621_v1/rate1x/v913_paper_dbtt01_0202500_persistent_sites/T1100K_th0_seed1010684/steps_1100K.csv"", ""source_steps_sha256"": ""43afde171dcea029a044b27f88e594dfa346a67eebb473dde38a0a0dca7ca131"", ""temperature_K"": 1100.0}, {""hazard_seed"": 1012702, ""source_steps_file"": ""/Volumes/Data/Data/Nanopillar_calculation/PF-fracture-fatigue_v10_2_21_persistent_sites_top1/runs/1_final_v10_2_30_theta0_rate_extremes_four_class_1000um_base3621_v1/rate1x/v913_paper_dbtt01_0202500_persistent_sites/T1200K_th0_seed1012702/steps_1200K.csv"", ""source_steps_sha256"": ""b5337cd7621e08ab62f6f2bf070c007789321b59449c511514c8c1678df0aa01"", ""temperature_K"": 1200.0}]",False,NOT_EVALUATED,DBTT,NOT_ASSIGNED_BY_THIS_FRACTURE_SCREEN,TARGET_CLASS_CONDITIONAL_NOT_PROBABILISTIC,"{""completion_domain_objective"":0.0,""control_onset_deviation_objective"":0.0,""final_avalanche_objective"":0.0,""precursor_topology_objective"":1.0,""process_zone_state_objective"":0.0,""provider_robustness_objective"":1.441112348513566,""reinitiation_objective"":0.0,""temperature_class_objective"":0.0}",NONE_RECORDED,OBSERVED_AVALANCHES_1_TO_2;REINITIATIONS_0_TO_1,OBSERVED_AVALANCHES_2_TO_4;REINITIATIONS_1_TO_3,0.3993860948498943,PROVIDER_SENSITIVE_TOPOLOGY,QUALITATIVE_TREND_AGREEMENT,44.4479335926274,22.43664018053003,67.23866332113639,1.588051097849765,1.2222222222222223,0.8695652173913043,134.43332604382263,35.79457196391219,SCREENED_TRADEOFF,481.33,2.357721022795886,0.0056085130451247,6.7501407796517015,-0.0012041387008503,0.4968366474844515,2.618804107885808,0.026239358201278,3.344896922819316,0.0061668124636635,2.7143102660775185,-0.0052233074344694,0.1572539726179093,0.5156166724395007,0.0103682254353579,3.525720003992319,-36.33932862430811,1.448395521938801,1.871259921230376,1000000000000.0,1.4998139148950578,31.365934647619724,0.7048910272121429,0.5389550719410181,100000000000.0,523948859759023.8,22042481205294.297,1.2690231726199324,2.929164256900549
oneD_v2_focused_weak_T_0016,oneD_v2_fracture_option_bank_v1,weak-T,oneD_v2_terminal_shared_four_class_search_v1,PRIOR_QUALIFIED_SELECTED_ROW,PRIOR_QUALIFIED_SELECTED_ROW,V913_ACTIVE_CANDIDATE_29,29,"{""Tref_K"":481.33,""c_blunt"":1.530842099339777,""cleave_G00_eV"":3.0409417554034506,""cleave_exp_a"":0.9755933427556992,""cleave_exp_n"":1.0789590675557872,""cleave_floor_frac"":0.0254752893929062,""cleave_gT_eV_per_K"":0.0064701912851701,""cleave_sT_GPa_per_K"":-0.0014868482932827,""cleave_sigc0_GPa"":5.025395129160157,""emit_G00_eV"":2.933115011485353,""emit_exp_a"":0.2680205096220068,""emit_exp_n"":1.551767664067378,""emit_floor_frac"":0.0645240567354888,""emit_gT_eV_per_K"":-0.0004294320236987,""emit_sT_GPa_per_K"":-4.279285497456851e-05,""emit_sigc0_GPa"":1.496151672231702,""peierls_H0_eV"":4.856657209902395,""peierls_activation_entropy_kB"":-30.953125660022273,""peierls_exp_a"":1.010412615071982,""peierls_exp_n"":2.38337339903228,""peierls_nu0_s"":1000000000000.0,""rho_source0_m2"":6.171441842801577e+16,""taylor_H0_eV"":1.8920834250730325,""taylor_activation_entropy_kB"":39.53630023124541,""taylor_corr_rho_c_m2"":2.0520115074553476e+16,""taylor_corr_scale"":0.1044563455428077,""taylor_exp_a"":0.526846093358472,""taylor_exp_n"":1.4233212359249592,""taylor_nu0_s"":100000000000.0}",4fbfdde9af1a473b4f4f428e08f24d3835f1e729b6f3b90cbacc836fdcc58d53,5045feed8c87440676c580fe7f74989be4c4a995,04e21d940c5920f48d0f8dbc722900dfd4f6578b,04e21d940c5920f48d0f8dbc722900dfd4f6578b,119e8906d3c8166ad7b64e741d4cb09fc56f7bf46a98d6164fddc7d65e23270b,CURATED_OPTION|CURRENT_V2_SELECTED|DIRECT_PF_VALIDATED|HISTORICAL_CONTROL,BALANCED|CONTROL|CURATED_OPTION|DIVERSE_PARETO|HIGH_FINAL_AVALANCHE_FRACTION|LOW_BACKSTRESS|LOW_PRECURSOR_COUNT,PASSED_PRIOR_BOUNDED_PF_TRANSFER,"[{""pf_2D_seed"": 2008666, ""source_steps_file"": ""/private/tmp/oneD-v2-terminal-pf-transfer-runs/weak-T/T300K_seed2008666/steps_0300K.csv"", ""source_steps_sha256"": ""71f2ea762128b62e53dea9dcab267335d0d1bc08ba0281998e405a426ac6ecc2"", ""temperature_K"": 300.0}, {""pf_2D_seed"": 2008666, ""source_steps_file"": ""/private/tmp/oneD-v2-terminal-pf-transfer-runs/weak-T/T1000K_seed2008666/steps_1000K.csv"", ""source_steps_sha256"": ""6c6169f29266f3abdf960dc61c9e9f0794562119812d65d27cf56059d78b65a6"", ""temperature_K"": 1000.0}, {""pf_2D_seed"": 2008666, ""source_steps_file"": ""/private/tmp/oneD-v2-terminal-pf-transfer-runs/weak-T/T1200K_seed2008666/steps_1200K.csv"", ""source_steps_sha256"": ""241577b1463d7ac8dca18865fe1c9da3dbc276bb0782e32a216b626d96cbee94"", ""temperature_K"": 1200.0}]",False,NOT_EVALUATED,weak-T,NOT_ASSIGNED_BY_THIS_FRACTURE_SCREEN,TARGET_CLASS_CONDITIONAL_NOT_PROBABILISTIC,{},NO_PARETO_SCORE_ROW,OBSERVED_AVALANCHES_1_TO_1;REINITIATIONS_0_TO_0,OBSERVED_AVALANCHES_1_TO_2;REINITIATIONS_0_TO_1,0.08513581787600284,PROVIDER_SENSITIVE_TOPOLOGY,QUALITATIVE_TREND_AGREEMENT,25.341602229143927,21.197350994800942,29.504314750733624,0.5326033128872389,0.22727272727272727,0.9565217391304348,13.128875189497101,14.928007870327496,SCREENED_TRADEOFF,481.33,3.0409417554034506,0.0064701912851701,5.025395129160157,-0.0014868482932827,0.9755933427556992,1.0789590675557872,0.0254752893929062,2.933115011485353,-0.0004294320236987,1.496151672231702,-4.279285497456851e-05,0.2680205096220068,1.551767664067378,0.0645240567354888,4.856657209902395,-30.953125660022273,1.010412615071982,2.38337339903228,1000000000000.0,1.8920834250730325,39.53630023124541,0.526846093358472,1.4233212359249592,100000000000.0,6.171441842801577e+16,2.0520115074553476e+16,0.1044563455428077,1.530842099339777
oneD_v2_terminal_weak_T_0003,oneD_v2_fracture_option_bank_v1,weak-T,oneD_v2_terminal_shared_four_class_search_v1,v913_zeroD_sobol_0129902,SOBOL_LOCAL_SHARED_TWO_PROVIDER,V913_ACTIVE_CANDIDATE_29,29,"{""Tref_K"":481.33,""c_blunt"":2.4538196112368307,""cleave_G00_eV"":1.3512525620471902,""cleave_exp_a"":1.9246364476505982,""cleave_exp_n"":1.0695771936584868,""cleave_floor_frac"":0.0019271603769193,""cleave_gT_eV_per_K"":0.011442136493649134,""cleave_sT_GPa_per_K"":-0.00023777515247207868,""cleave_sigc0_GPa"":2.6772073756159367,""emit_G00_eV"":1.5924691069463173,""emit_exp_a"":0.3373712987569476,""emit_exp_n"":0.5510577117130739,""emit_floor_frac"":0.001963405800003,""emit_gT_eV_per_K"":0.0019609254649543186,""emit_sT_GPa_per_K"":-0.00014569920298883784,""emit_sigc0_GPa"":0.5160260226872634,""peierls_H0_eV"":13.978225439244895,""peierls_activation_entropy_kB"":-42.13381258161446,""peierls_exp_a"":0.2264547564554959,""peierls_exp_n"":1.9374389592558143,""peierls_nu0_s"":1000000000000.0,""rho_source0_m2"":4213617516456.1113,""taylor_H0_eV"":1.882828103884349,""taylor_activation_entropy_kB"":73.56970545706186,""taylor_corr_rho_c_m2"":83741634015459.42,""taylor_corr_scale"":0.09409813613916904,""taylor_exp_a"":1.055419295541942,""taylor_exp_n"":1.0061173520516604,""taylor_nu0_s"":100000000000.0}",4c9bb42fe4b2019dddef9d80471062534668f5435dfb3de838b23446b5c360c4,5045feed8c87440676c580fe7f74989be4c4a995,04e21d940c5920f48d0f8dbc722900dfd4f6578b,04e21d940c5920f48d0f8dbc722900dfd4f6578b,119e8906d3c8166ad7b64e741d4cb09fc56f7bf46a98d6164fddc7d65e23270b,CURATED_OPTION|PARETO_NEAR_FRONT,CURATED_OPTION|DIVERSE_PARETO|LOW_ONSET|R_ENRICHED,NOT_RUN,[],False,NOT_EVALUATED,weak-T,NOT_ASSIGNED_BY_THIS_FRACTURE_SCREEN,TARGET_CLASS_CONDITIONAL_NOT_PROBABILISTIC,"{""avalanche_size_objective"":0.21739130434782605,""class_trend_objective"":2.7486014686058944,""completion_objective"":0.0,""onset_scale_objective"":0.5016407960618594,""physical_topology_objective"":19.467763155225406,""precursor_objective"":5.0,""provider_robustness_objective"":5.0390109496134015,""state_realism_objective"":0.0}",NONE_RECORDED,OBSERVED_AVALANCHES_1_TO_1;REINITIATIONS_0_TO_0,OBSERVED_AVALANCHES_6_TO_6;REINITIATIONS_5_TO_5,48710873.73111346,PROVIDER_SENSITIVE_TOPOLOGY,QUALITATIVE_TREND_AGREEMENT,8.988202263367908,4.733254533197337e-08,16.239094658822424,21.52235515867295,2.5,0.782608695652174,72.88557569583953,28.704929255280092,SCREENED_TRADEOFF,481.33,1.3512525620471902,0.011442136493649134,2.6772073756159367,-0.00023777515247207868,1.9246364476505982,1.0695771936584868,0.0019271603769193,1.5924691069463173,0.0019609254649543186,0.5160260226872634,-0.00014569920298883784,0.3373712987569476,0.5510577117130739,0.001963405800003,13.978225439244895,-42.13381258161446,0.2264547564554959,1.9374389592558143,1000000000000.0,1.882828103884349,73.56970545706186,1.055419295541942,1.0061173520516604,100000000000.0,4213617516456.1113,83741634015459.42,0.09409813613916904,2.4538196112368307
oneD_v2_terminal_weak_T_0021,oneD_v2_fracture_option_bank_v1,weak-T,oneD_v2_terminal_shared_four_class_search_v1,v913_zeroD_sobol_0129902,SOBOL_LOCAL_SHARED_TWO_PROVIDER,V913_ACTIVE_CANDIDATE_29,29,"{""Tref_K"":481.33,""c_blunt"":4.300011692145429,""cleave_G00_eV"":3.2122945775409724,""cleave_exp_a"":1.1115784141399132,""cleave_exp_n"":1.0118995853964623,""cleave_floor_frac"":0.0019271603769193,""cleave_gT_eV_per_K"":0.007209795954859458,""cleave_sT_GPa_per_K"":-0.00024995872019402567,""cleave_sigc0_GPa"":8.636067848419977,""emit_G00_eV"":1.7315233433569674,""emit_exp_a"":0.43853376502638897,""emit_exp_n"":1.5554375732890968,""emit_floor_frac"":0.001963405800003,""emit_gT_eV_per_K"":0.002736191608195341,""emit_sT_GPa_per_K"":-0.00024782998319877313,""emit_sigc0_GPa"":0.3527960578660185,""peierls_H0_eV"":3.885561184088855,""peierls_activation_entropy_kB"":-25.114527442815582,""peierls_exp_a"":0.2264547564554959,""peierls_exp_n"":1.9374389592558143,""peierls_nu0_s"":1000000000000.0,""rho_source0_m2"":11807251673202.166,""taylor_H0_eV"":6.397265535295895,""taylor_activation_entropy_kB"":38.135399021585535,""taylor_corr_rho_c_m2"":57989651710051.305,""taylor_corr_scale"":0.03842799657252147,""taylor_exp_a"":1.055419295541942,""taylor_exp_n"":1.0061173520516604,""taylor_nu0_s"":100000000000.0}",f5a976fc5c5f3525ee33d10c16fdf7dc218f3c1b258ea3dc7ca4d18f5ce3c2fc,5045feed8c87440676c580fe7f74989be4c4a995,04e21d940c5920f48d0f8dbc722900dfd4f6578b,04e21d940c5920f48d0f8dbc722900dfd4f6578b,119e8906d3c8166ad7b64e741d4cb09fc56f7bf46a98d6164fddc7d65e23270b,CURATED_OPTION|PARETO_NONDOMINATED,CURATED_OPTION|DIVERSE_PARETO|HIGH_BACKSTRESS|HIGH_ONSET|HIGH_PRECURSOR_COUNT|LOW_FINAL_AVALANCHE_FRACTION,NOT_RUN,[],False,NOT_EVALUATED,weak-T,NOT_ASSIGNED_BY_THIS_FRACTURE_SCREEN,TARGET_CLASS_CONDITIONAL_NOT_PROBABILISTIC,"{""avalanche_size_objective"":0.31739130434782603,""class_trend_objective"":6.350245635047027,""completion_objective"":0.0,""onset_scale_objective"":4.135339821083569,""physical_topology_objective"":9.245025547945168,""precursor_objective"":7.0,""provider_robustness_objective"":3.1011829503686883,""state_realism_objective"":0.0}",NONE_RECORDED,OBSERVED_AVALANCHES_3_TO_3;REINITIATIONS_2_TO_2,OBSERVED_AVALANCHES_6_TO_6;REINITIATIONS_5_TO_5,0.0654236147538875,PROVIDER_SENSITIVE_TOPOLOGY,QUALITATIVE_TREND_AGREEMENT,122.03009731625355,108.41779500226247,129.2483377838013,2.0730775522010556,3.5,0.782608695652174,148.38220545189847,31.048802835710383,SCREENED_TRADEOFF,481.33,3.2122945775409724,0.007209795954859458,8.636067848419977,-0.00024995872019402567,1.1115784141399132,1.0118995853964623,0.0019271603769193,1.7315233433569674,0.002736191608195341,0.3527960578660185,-0.00024782998319877313,0.43853376502638897,1.5554375732890968,0.001963405800003,3.885561184088855,-25.114527442815582,0.2264547564554959,1.9374389592558143,1000000000000.0,6.397265535295895,38.135399021585535,1.055419295541942,1.0061173520516604,100000000000.0,11807251673202.166,57989651710051.305,0.03842799657252147,4.300011692145429
v913_zeroD_sobol_0011131,oneD_v2_fracture_option_bank_v1,weak-T,oneD_v2_terminal_shared_four_class_search_v1,v913_zeroD_sobol_0011131,ARCHIVED_V913_POOL,V913_ACTIVE_CANDIDATE_29,29,"{""Tref_K"":481.33,""c_blunt"":0.7552927723154426,""cleave_G00_eV"":2.5066456659697,""cleave_exp_a"":0.0618397523649036,""cleave_exp_n"":2.63327748933807,""cleave_floor_frac"":0.1369726956345775,""cleave_gT_eV_per_K"":0.0094348298916593,""cleave_sT_GPa_per_K"":-0.0002897485913708,""cleave_sigc0_GPa"":3.0515114460140467,""emit_G00_eV"":2.6967001115903257,""emit_exp_a"":1.21516272906214,""emit_exp_n"":2.070919141639024,""emit_floor_frac"":0.0228487222885919,""emit_gT_eV_per_K"":-0.0008460587291046,""emit_sT_GPa_per_K"":-0.0011997642479836,""emit_sigc0_GPa"":6.049900136888027,""peierls_H0_eV"":2.78304195869714,""peierls_activation_entropy_kB"":5.944860931485891,""peierls_exp_a"":1.6306120993569493,""peierls_exp_n"":0.8138734463136643,""peierls_nu0_s"":1000000000000.0,""rho_source0_m2"":1531291168899573.0,""taylor_H0_eV"":0.8144159293174743,""taylor_activation_entropy_kB"":6.903689801692963,""taylor_corr_rho_c_m2"":2.0577450971125747e+17,""taylor_corr_scale"":3.5839102278377544,""taylor_exp_a"":0.4438989392016083,""taylor_exp_n"":1.8593184240162373,""taylor_nu0_s"":100000000000.0}",70909044034ad83e88b24b28f031958f9455ce4004975a3466c4b10167d65252,5045feed8c87440676c580fe7f74989be4c4a995,04e21d940c5920f48d0f8dbc722900dfd4f6578b,04e21d940c5920f48d0f8dbc722900dfd4f6578b,119e8906d3c8166ad7b64e741d4cb09fc56f7bf46a98d6164fddc7d65e23270b,CURATED_OPTION|PARETO_NEAR_FRONT,CURATED_OPTION|DIVERSE_PARETO,NOT_RUN,[],False,NOT_EVALUATED,weak-T,NOT_ASSIGNED_BY_THIS_FRACTURE_SCREEN,TARGET_CLASS_CONDITIONAL_NOT_PROBABILISTIC,"{""avalanche_size_objective"":0.21739130434782605,""class_trend_objective"":19.666870807116243,""completion_objective"":0.0,""onset_scale_objective"":0.15072005085036763,""physical_topology_objective"":7.592321063773378,""precursor_objective"":5.0,""provider_robustness_objective"":5.279120486207575,""state_realism_objective"":0.0}",NONE_RECORDED,OBSERVED_AVALANCHES_1_TO_1;REINITIATIONS_0_TO_0,OBSERVED_AVALANCHES_6_TO_6;REINITIATIONS_5_TO_5,0.1939116584145147,PROVIDER_SENSITIVE_TOPOLOGY,QUALITATIVE_TREND_AGREEMENT,48.37978054679883,18.77999862165336,68.84126343261835,4.52063693560255,2.5,0.782608695652174,38.3151829356396,37.27708500250177,SCREENED_TRADEOFF,481.33,2.5066456659697,0.0094348298916593,3.0515114460140467,-0.0002897485913708,0.0618397523649036,2.63327748933807,0.1369726956345775,2.6967001115903257,-0.0008460587291046,6.049900136888027,-0.0011997642479836,1.21516272906214,2.070919141639024,0.0228487222885919,2.78304195869714,5.944860931485891,1.6306120993569493,0.8138734463136643,1000000000000.0,0.8144159293174743,6.903689801692963,0.4438989392016083,1.8593184240162373,100000000000.0,1531291168899573.0,2.0577450971125747e+17,3.5839102278377544,0.7552927723154426
oneD_v2_focused_ceramic_like_0018,oneD_v2_fracture_option_bank_v1,ceramic-like,oneD_v2_terminal_shared_four_class_search_v1,PRIOR_QUALIFIED_SELECTED_ROW,PRIOR_QUALIFIED_SELECTED_ROW,V913_ACTIVE_CANDIDATE_29,29,"{""Tref_K"":481.33,""c_blunt"":0.4627569415458887,""cleave_G00_eV"":3.2732801118100374,""cleave_exp_a"":1.075855059626184,""cleave_exp_n"":1.081801056664378,""cleave_floor_frac"":0.0229905830425804,""cleave_gT_eV_per_K"":0.0085807287728085,""cleave_sT_GPa_per_K"":-0.0020771049444415,""cleave_sigc0_GPa"":4.664693699713819,""emit_G00_eV"":3.190912311769754,""emit_exp_a"":0.4336954653273704,""emit_exp_n"":0.7408434090700092,""emit_floor_frac"":0.0083827769047892,""emit_gT_eV_per_K"":-0.0024371969176853,""emit_sT_GPa_per_K"":0.0040231639214142,""emit_sigc0_GPa"":8.737523906696637,""peierls_H0_eV"":6.584887684187858,""peierls_activation_entropy_kB"":-5.126529938628602,""peierls_exp_a"":1.4448536720126868,""peierls_exp_n"":0.79892413970083,""peierls_nu0_s"":1000000000000.0,""rho_source0_m2"":2.873857196519663e+16,""taylor_H0_eV"":1.1080059874159442,""taylor_activation_entropy_kB"":-9.27664504429909,""taylor_corr_rho_c_m2"":1.2481557292822467e+17,""taylor_corr_scale"":1.8463973059218013,""taylor_exp_a"":0.74570251586847,""taylor_exp_n"":2.2320069298148155,""taylor_nu0_s"":100000000000.0}",b1a1dc60d8c6fd62eb3b74c364fb3e42b00d7e8c19b3b9c2ec3059fff3ad7bd2,5045feed8c87440676c580fe7f74989be4c4a995,04e21d940c5920f48d0f8dbc722900dfd4f6578b,04e21d940c5920f48d0f8dbc722900dfd4f6578b,119e8906d3c8166ad7b64e741d4cb09fc56f7bf46a98d6164fddc7d65e23270b,CURATED_OPTION|CURRENT_V2_SELECTED|DIRECT_PF_VALIDATED|HISTORICAL_CONTROL,BALANCED|CONTROL|CURATED_OPTION|DIVERSE_PARETO|LOW_ONSET,PASSED_PRIOR_BOUNDED_PF_TRANSFER,"[{""pf_2D_seed"": 3008666, ""source_steps_file"": ""/private/tmp/oneD-v2-terminal-pf-transfer-runs/ceramic-like/T300K_seed3008666/steps_0300K.csv"", ""source_steps_sha256"": ""ed23da9a613c4bd5037abbfdf2cef0b457f5c7d22479aa7f23ed761b81ec8ee7"", ""temperature_K"": 300.0}, {""pf_2D_seed"": 3008666, ""source_steps_file"": ""/private/tmp/oneD-v2-terminal-pf-transfer-runs/ceramic-like/T1000K_seed3008666/steps_1000K.csv"", ""source_steps_sha256"": ""d3418acfbaec8145a113330c06956c75f89e320742a7cc1d985b326eb489c9a8"", ""temperature_K"": 1000.0}, {""pf_2D_seed"": 3008666, ""source_steps_file"": ""/private/tmp/oneD-v2-terminal-pf-transfer-runs/ceramic-like/T1200K_seed3008666/steps_1200K.csv"", ""source_steps_sha256"": ""6225f37d94fffd025904a6f00c57b6b3632119f3c37251c38fd604214d791a87"", ""temperature_K"": 1200.0}]",False,NOT_EVALUATED,ceramic-like,NOT_ASSIGNED_BY_THIS_FRACTURE_SCREEN,TARGET_CLASS_CONDITIONAL_NOT_PROBABILISTIC,{},NO_PARETO_SCORE_ROW,OBSERVED_AVALANCHES_1_TO_1;REINITIATIONS_0_TO_0,OBSERVED_AVALANCHES_1_TO_2;REINITIATIONS_0_TO_1,1.0168836492659832,PROVIDER_SENSITIVE_TOPOLOGY,QUALITATIVE_TREND_AGREEMENT,23.38402400361629,13.826244299453816,41.637627017364075,0.5169238093688634,0.2727272727272727,0.9375,5.568187557612192,16.662964031654838,SCREENED_TRADEOFF,481.33,3.2732801118100374,0.0085807287728085,4.664693699713819,-0.0020771049444415,1.075855059626184,1.081801056664378,0.0229905830425804,3.190912311769754,-0.0024371969176853,8.737523906696637,0.0040231639214142,0.4336954653273704,0.7408434090700092,0.0083827769047892,6.584887684187858,-5.126529938628602,1.4448536720126868,0.79892413970083,1000000000000.0,1.1080059874159442,-9.27664504429909,0.74570251586847,2.2320069298148155,100000000000.0,2.873857196519663e+16,1.2481557292822467e+17,1.8463973059218013,0.4627569415458887
v913_zeroD_sobol_0060219,oneD_v2_fracture_option_bank_v1,ceramic-like,oneD_v2_terminal_shared_four_class_search_v1,v913_zeroD_sobol_0060219,ARCHIVED_V913_POOL,V913_ACTIVE_CANDIDATE_29,29,"{""Tref_K"":481.33,""c_blunt"":2.47790246643126,""cleave_G00_eV"":4.388700178824365,""cleave_exp_a"":0.5163953727576882,""cleave_exp_n"":1.5005021863617003,""cleave_floor_frac"":0.065555313646972,""cleave_gT_eV_per_K"":0.0056093849847093,""cleave_sT_GPa_per_K"":-0.0018545337766408,""cleave_sigc0_GPa"":5.11267201974988,""emit_G00_eV"":3.8714989850297568,""emit_exp_a"":0.1755501898750662,""emit_exp_n"":0.775419834908098,""emit_floor_frac"":0.0113425899289356,""emit_gT_eV_per_K"":-0.0014363304665312,""emit_sT_GPa_per_K"":-0.0069189315550029,""emit_sigc0_GPa"":4.633709907531738,""peierls_H0_eV"":0.959687392693013,""peierls_activation_entropy_kB"":14.77918503805995,""peierls_exp_a"":1.7894757851958274,""peierls_exp_n"":0.9159671810921282,""peierls_nu0_s"":1000000000000.0,""rho_source0_m2"":1.6621303923333022e+16,""taylor_H0_eV"":0.1275879848003387,""taylor_activation_entropy_kB"":19.32783756405115,""taylor_corr_rho_c_m2"":5.451008813541711e+16,""taylor_corr_scale"":5.963884351453593,""taylor_exp_a"":0.0402470866590738,""taylor_exp_n"":0.6374284494668245,""taylor_nu0_s"":100000000000.0}",a2c2a292e7371f2e1b7e76fe686390827b0a24d69fcebb98ffbcdc849dd8459d,5045feed8c87440676c580fe7f74989be4c4a995,04e21d940c5920f48d0f8dbc722900dfd4f6578b,04e21d940c5920f48d0f8dbc722900dfd4f6578b,119e8906d3c8166ad7b64e741d4cb09fc56f7bf46a98d6164fddc7d65e23270b,CURATED_OPTION|PARETO_NONDOMINATED,CURATED_OPTION|DIVERSE_PARETO|HIGH_BLUNTING,NOT_RUN,[],False,NOT_EVALUATED,ceramic-like,NOT_ASSIGNED_BY_THIS_FRACTURE_SCREEN,TARGET_CLASS_CONDITIONAL_NOT_PROBABILISTIC,"{""avalanche_size_objective"":0.037500000000000006,""class_trend_objective"":10.217470914457499,""completion_objective"":0.0,""onset_scale_objective"":2.309655255814395,""physical_topology_objective"":0.8935690051224432,""precursor_objective"":0.75,""provider_robustness_objective"":0.6733290686482797,""state_realism_objective"":0.0}",NONE_RECORDED,OBSERVED_AVALANCHES_1_TO_2;REINITIATIONS_0_TO_1,OBSERVED_AVALANCHES_1_TO_5;REINITIATIONS_0_TO_4,0.2990945939796114,PROVIDER_SENSITIVE_TOPOLOGY,QUALITATIVE_TREND_AGREEMENT,58.49176990450276,30.554738275232346,84.93628323715083,1.1569069903942475,0.9772727272727273,0.75,30.544265392966924,18.214004131553224,SCREENED_TRADEOFF,481.33,4.388700178824365,0.0056093849847093,5.11267201974988,-0.0018545337766408,0.5163953727576882,1.5005021863617003,0.065555313646972,3.8714989850297568,-0.0014363304665312,4.633709907531738,-0.0069189315550029,0.1755501898750662,0.775419834908098,0.0113425899289356,0.959687392693013,14.77918503805995,1.7894757851958274,0.9159671810921282,1000000000000.0,0.1275879848003387,19.32783756405115,0.0402470866590738,0.6374284494668245,100000000000.0,1.6621303923333022e+16,5.451008813541711e+16,5.963884351453593,2.47790246643126
v913_zeroD_sobol_0086763,oneD_v2_fracture_option_bank_v1,ceramic-like,oneD_v2_terminal_shared_four_class_search_v1,v913_zeroD_sobol_0086763,ARCHIVED_V913_POOL,V913_ACTIVE_CANDIDATE_29,29,"{""Tref_K"":481.33,""c_blunt"":1.6149879125878217,""cleave_G00_eV"":2.0171823515556757,""cleave_exp_a"":0.3242059195879846,""cleave_exp_n"":1.6929715820588171,""cleave_floor_frac"":0.1966510411308111,""cleave_gT_eV_per_K"":0.0007157472013495,""cleave_sT_GPa_per_K"":0.007358667384833,""cleave_sigc0_GPa"":4.4299531150609255,""emit_G00_eV"":3.909099069423973,""emit_exp_a"":0.0765673027653247,""emit_exp_n"":1.8451305483933536,""emit_floor_frac"":0.0316501915939528,""emit_gT_eV_per_K"":-0.0016350555261597,""emit_sT_GPa_per_K"":-0.0066645889617502,""emit_sigc0_GPa"":3.728829473257065,""peierls_H0_eV"":1.314332072623074,""peierls_activation_entropy_kB"":-20.236899703741077,""peierls_exp_a"":1.1734891518950463,""peierls_exp_n"":2.3269249042496085,""peierls_nu0_s"":1000000000000.0,""rho_source0_m2"":360369746344293.2,""taylor_H0_eV"":0.9463708013296128,""taylor_activation_entropy_kB"":10.147276632487774,""taylor_corr_rho_c_m2"":3.744286819044797e+17,""taylor_corr_scale"":3.648212336865315,""taylor_exp_a"":0.5216803448833525,""taylor_exp_n"":1.5814494546502829,""taylor_nu0_s"":100000000000.0}",0bf91af7d6f71253ef8d9262024c52176ea560a511cd9c786f8943f7462d895e,5045feed8c87440676c580fe7f74989be4c4a995,04e21d940c5920f48d0f8dbc722900dfd4f6578b,04e21d940c5920f48d0f8dbc722900dfd4f6578b,119e8906d3c8166ad7b64e741d4cb09fc56f7bf46a98d6164fddc7d65e23270b,CURATED_OPTION|PARETO_NONDOMINATED,CURATED_OPTION|DIVERSE_PARETO|HIGH_BACKSTRESS|HIGH_ONSET|HIGH_PRECURSOR_COUNT|LOW_FINAL_AVALANCHE_FRACTION|R_ENRICHED,NOT_RUN,[],False,NOT_EVALUATED,ceramic-like,NOT_ASSIGNED_BY_THIS_FRACTURE_SCREEN,TARGET_CLASS_CONDITIONAL_NOT_PROBABILISTIC,"{""avalanche_size_objective"":0.3500000000000001,""class_trend_objective"":null,""completion_objective"":1.0,""onset_scale_objective"":null,""physical_topology_objective"":null,""precursor_objective"":2.0,""provider_robustness_objective"":null,""state_realism_objective"":0.0}",NONFINITE_OBJECTIVES:provider_robustness_objective|class_trend_objective|physical_topology_objective|onset_scale_objective,OBSERVED_AVALANCHES_1_TO_2;REINITIATIONS_0_TO_1,OBSERVED_AVALANCHES_0_TO_8;REINITIATIONS_0_TO_7,3.2502890343334427,PROVIDER_SENSITIVE_TOPOLOGY,PROVIDER_SENSITIVE_TREND,98.2199257719405,26.76478092386585,316.4527438063188,5.632073553327799,1.5681818181818181,0.0,156.96148326242132,52.11711815490704,SCREENED_TRADEOFF,481.33,2.0171823515556757,0.0007157472013495,4.4299531150609255,0.007358667384833,0.3242059195879846,1.6929715820588171,0.1966510411308111,3.909099069423973,-0.0016350555261597,3.728829473257065,-0.0066645889617502,0.0765673027653247,1.8451305483933536,0.0316501915939528,1.314332072623074,-20.236899703741077,1.1734891518950463,2.3269249042496085,1000000000000.0,0.9463708013296128,10.147276632487774,0.5216803448833525,1.5814494546502829,100000000000.0,360369746344293.2,3.744286819044797e+17,3.648212336865315,1.6149879125878217
v913_zeroD_sobol_0196804,oneD_v2_fracture_option_bank_v1,ceramic-like,oneD_v2_terminal_shared_four_class_search_v1,v913_zeroD_sobol_0196804,ARCHIVED_V913_POOL,V913_ACTIVE_CANDIDATE_29,29,"{""Tref_K"":481.33,""c_blunt"":1.5917330235242844,""cleave_G00_eV"":1.7714824001304803,""cleave_exp_a"":0.6148919253144414,""cleave_exp_n"":1.5603243741206825,""cleave_floor_frac"":0.1153070659612199,""cleave_gT_eV_per_K"":0.0103562680487521,""cleave_sT_GPa_per_K"":-0.0009702393226325,""cleave_sigc0_GPa"":4.632103982381523,""emit_G00_eV"":3.817191637679934,""emit_exp_a"":0.5269161547534168,""emit_exp_n"":1.6655265090987086,""emit_floor_frac"":0.0066673592450076,""emit_gT_eV_per_K"":-0.0028015050739049,""emit_sT_GPa_per_K"":0.0009291039071977,""emit_sigc0_GPa"":4.64529250562191,""peierls_H0_eV"":6.8752316241152585,""peierls_activation_entropy_kB"":-29.64632283896208,""peierls_exp_a"":0.9433633933775126,""peierls_exp_n"":2.2286851475946605,""peierls_nu0_s"":1000000000000.0,""rho_source0_m2"":5.317876222320463e+16,""taylor_H0_eV"":0.5239948415756225,""taylor_activation_entropy_kB"":25.16071606427431,""taylor_corr_rho_c_m2"":7.753439315183398e+16,""taylor_corr_scale"":0.3071057276154363,""taylor_exp_a"":0.843806842379272,""taylor_exp_n"":0.7322783842682838,""taylor_nu0_s"":100000000000.0}",0a6470f7ee04605deb43bc1b7eff547e331fb5bba8ce46bb9fa1f9b765b49d45,5045feed8c87440676c580fe7f74989be4c4a995,04e21d940c5920f48d0f8dbc722900dfd4f6578b,04e21d940c5920f48d0f8dbc722900dfd4f6578b,119e8906d3c8166ad7b64e741d4cb09fc56f7bf46a98d6164fddc7d65e23270b,CURATED_OPTION|PARETO_NONDOMINATED,CURATED_OPTION|DIVERSE_PARETO,NOT_RUN,[],False,NOT_EVALUATED,ceramic-like,NOT_ASSIGNED_BY_THIS_FRACTURE_SCREEN,TARGET_CLASS_CONDITIONAL_NOT_PROBABILISTIC,"{""avalanche_size_objective"":0.0,""class_trend_objective"":32.41101371614624,""completion_objective"":0.0,""onset_scale_objective"":1.2525502233674553,""physical_topology_objective"":0.0,""precursor_objective"":0.0,""provider_robustness_objective"":0.09312342506456228,""state_realism_objective"":0.0}",NONE_RECORDED,OBSERVED_AVALANCHES_1_TO_1;REINITIATIONS_0_TO_0,OBSERVED_AVALANCHES_1_TO_1;REINITIATIONS_0_TO_0,62472501.520382956,AGREE_ALL_COMMON_TEMPERATURES,QUALITATIVE_TREND_AGREEMENT,38.45604807644348,4.733254533197337e-08,66.99084318740519,0.0,0.0,1.0,13.087890964297614,14.614937055886514,SCREENED_TRADEOFF,481.33,1.7714824001304803,0.0103562680487521,4.632103982381523,-0.0009702393226325,0.6148919253144414,1.5603243741206825,0.1153070659612199,3.817191637679934,-0.0028015050739049,4.64529250562191,0.0009291039071977,0.5269161547534168,1.6655265090987086,0.0066673592450076,6.8752316241152585,-29.64632283896208,0.9433633933775126,2.2286851475946605,1000000000000.0,0.5239948415756225,25.16071606427431,0.843806842379272,0.7322783842682838,100000000000.0,5.317876222320463e+16,7.753439315183398e+16,0.3071057276154363,1.5917330235242844
