G_cleave_eff_eV,G_emit_eV,accumulated_advance_m,backend,backstress_Pa,backstress_status,barrier_rate_status,candidate_id,channel_tensors_Pa,cleavage_action,cleavage_threshold_action,crystal_theta_deg,drive_factors,drive_reliable,dt_s,emission_action,event_count,event_fired,event_renewal_status,field_snapshot_hash,field_solve_count,field_status,front_width_m,front_width_status,future_state_imports,geometry_fingerprint,hazard_action_status,implementation_mismatch_count,interval_index,lambda_c_s,lambda_e_s,local_tensor_status,material_class,mechanics_status,mobile_changed,mobile_count,mobile_status,multiplicity_status,native_J_J_m2,native_KJ_Pa_sqrt_m,opening_m,opening_source,opening_tensor_Pa,phase,qualified_G_J_m2,resolved_signed_shears_Pa,retained_changed,retained_count,retained_status,selected_source_system,shielding_status,signed_shielding_Pa_sqrt_m,source_area_m2,source_field_count,source_geometry_fingerprint,source_multiplicity,state_fingerprint_source,state_fingerprint_v2,temperature_K,tip_radius_changed,tip_radius_m,tip_radius_status
2.1125940760362956,1.87381949130891,0.0,PF,0.0,EXACT_SOURCE_MATCH,EXACT_SOURCE_MATCH,v913_zeroD_sobol_0242980,"[[[-2227568.530182947,-1689970.5656341934],[-1689970.5656341934,227608023.51198578]],[[-2240962.5670234067,1629555.7840720587],[1629555.7840720587,227534259.22241467]]]",0.0,1.0,0.0,"[0.8302901566190988, 0.8300720666959954]",True,0.0,[],0,False,EXACT_SOURCE_MATCH,68d955e47461ff394c7ff1187a2f3db5660547b58f3af651a95af2c79a0f74a3,1,EXACT_SOURCE_MATCH,9.999999999999999e-06,EXACT_SOURCE_MATCH,0,4f53cda18c2baa0c0354bb5f9a3ecbe5ed12ab4d8e11ba873c2f11161202b945,EXACT_SOURCE_MATCH,0,0,0.0,0.0,EXACT_SOURCE_MATCH,Peak,EXACT_SOURCE_MATCH,False,0.0,EXACT_SOURCE_MATCH,EXACT_SOURCE_MATCH,35.533411103769204,3975933.8078857637,2e-06,EXPLICIT_FIXTURE_INPUT,"[[9569967.315321255,-55164.703666945745],[-55164.703666945745,276813570.23839134]]",NO_EVENT_LOADING,,"[114917796.02108437, -114887610.89471903]",False,0.0,EXACT_SOURCE_MATCH,0,EXACT_SOURCE_MATCH,0.0,2.5e-11,163513,SOURCE_OWNED_DYNAMIC,352563.0211119992,f6c71bdb8adba16118425acb61670c5d38d06df8c2bf7b529fa809a95f9c75d1,f6c71bdb8adba16118425acb61670c5d38d06df8c2bf7b529fa809a95f9c75d1,300.0,False,1e-06,EXACT_SOURCE_MATCH
0.4354767900780875,1.689930332722126,0.0,PF,88798.81050725201,EXACT_SOURCE_MATCH,EXACT_SOURCE_MATCH,v913_zeroD_sobol_0242980,"[[[-13922303.313643422,-10562316.03521371],[-10562316.03521371,1422550146.9499114]],[[-14006016.043896297,10184723.65045037],[10184723.65045037,1422089120.140092]]]",1.8157582723548716e-11,1.0,0.0,"[0.8302901566190988, 0.8300720666959955]",True,1e-12,[],0,False,EXACT_SOURCE_MATCH,68d955e47461ff394c7ff1187a2f3db5660547b58f3af651a95af2c79a0f74a3,1,EXACT_SOURCE_MATCH,9.99999727018033e-06,EXACT_SOURCE_MATCH,0,4f53cda18c2baa0c0354bb5f9a3ecbe5ed12ab4d8e11ba873c2f11161202b945,EXACT_SOURCE_MATCH,0,1,18.157582723548717,2.875394359459474e-12,EXACT_SOURCE_MATCH,Peak,EXACT_SOURCE_MATCH,True,4.344925058433766e-06,EXACT_SOURCE_MATCH,EXACT_SOURCE_MATCH,1388.0238712409846,24849586.299286023,1.25e-05,EXPLICIT_FIXTURE_INPUT,"[[59812295.72075786,-344779.39791841136],[-344779.39791841136,1730084813.989946]]",EMISSION_EVOLUTION,,"[718236225.1317774, -718047568.0919942]",True,2.3455718423061332e-39,EXACT_SOURCE_MATCH,0,EXACT_SOURCE_MATCH,-0.0007237995865094914,2.4999993194284996e-11,163513,SOURCE_OWNED_DYNAMIC,352562.92513426143,842bffe787038c71f0280d45fe971f0e02ccb690e00645d2c8b684dc6cecf2c0,842bffe787038c71f0280d45fe971f0e02ccb690e00645d2c8b684dc6cecf2c0,300.0,True,1.000000000753367e-06,EXACT_SOURCE_MATCH
0.4354767903930248,1.6899312236896358,5e-06,PF,125580.4821135127,EXACT_SOURCE_MATCH,EXACT_SOURCE_MATCH,v913_zeroD_sobol_0242980,"[[[-13922303.313643422,-10562316.03521371],[-10562316.03521371,1422550146.9499114]],[[-14006016.043896297,10184723.65045037],[10184723.65045037,1422089120.140092]]]",0.0,1.0,0.0,"[0.8302901566190988, 0.8300720666959955]",True,5.782708644755126e-12,[],1,True,EXACT_SOURCE_MATCH,68d955e47461ff394c7ff1187a2f3db5660547b58f3af651a95af2c79a0f74a3,1,EXACT_SOURCE_MATCH,9.999994540362898e-06,EXACT_SOURCE_MATCH,0,4f53cda18c2baa0c0354bb5f9a3ecbe5ed12ab4d8e11ba873c2f11161202b945,EXACT_SOURCE_MATCH,0,2,18.157582067944446,2.8752697397147324e-12,EXACT_SOURCE_MATCH,Peak,EXACT_SOURCE_MATCH,True,8.68985011186381e-06,EXACT_SOURCE_MATCH,EXACT_SOURCE_MATCH,1388.0238712409846,24849586.299286023,1.25e-05,EXPLICIT_FIXTURE_INPUT,"[[59812295.72075786,-344779.39791841136],[-344779.39791841136,1730084813.989946]]",CLEAVAGE_FIRST_PASSAGE_AND_RENEWAL,,"[718236225.1317774, -718047568.0919942]",True,3.248680676596213e-38,EXACT_SOURCE_MATCH,0,EXACT_SOURCE_MATCH,-0.0014475991721161663,2.4999986388575582e-11,163515,SOURCE_OWNED_DYNAMIC,352562.82915660256,b2d2a0b668e68e71324f9d7346247b2f14b5a2a19969532ec1dee60366d86b9b,b2d2a0b668e68e71324f9d7346247b2f14b5a2a19969532ec1dee60366d86b9b,300.0,True,1.0000000015067341e-06,EXACT_SOURCE_MATCH
6.668406486329617,2.5332162530578097,0.0,PF,0.0,EXACT_SOURCE_MATCH,EXACT_SOURCE_MATCH,v913_zeroD_sobol_0242980,"[[[-2227568.530182947,-1689970.5656341934],[-1689970.5656341934,227608023.51198578]],[[-2240962.5670234067,1629555.7840720587],[1629555.7840720587,227534259.22241467]]]",0.0,1.0,0.0,"[0.8302901566190988, 0.8300720666959954]",True,0.0,[],0,False,EXACT_SOURCE_MATCH,68d955e47461ff394c7ff1187a2f3db5660547b58f3af651a95af2c79a0f74a3,1,EXACT_SOURCE_MATCH,9.999999999999999e-06,EXACT_SOURCE_MATCH,0,4f53cda18c2baa0c0354bb5f9a3ecbe5ed12ab4d8e11ba873c2f11161202b945,EXACT_SOURCE_MATCH,0,0,0.0,0.0,EXACT_SOURCE_MATCH,Peak,EXACT_SOURCE_MATCH,False,0.0,EXACT_SOURCE_MATCH,EXACT_SOURCE_MATCH,35.533411103769204,3975933.8078857637,2e-06,EXPLICIT_FIXTURE_INPUT,"[[9569967.315321255,-55164.703666945745],[-55164.703666945745,276813570.23839134]]",NO_EVENT_LOADING,,"[114917796.02108437, -114887610.89471903]",False,0.0,EXACT_SOURCE_MATCH,0,EXACT_SOURCE_MATCH,0.0,2.5e-11,163513,SOURCE_OWNED_DYNAMIC,352563.0211119992,b8cf7c0efd5c5efee896a5164d6dab930feb549dd69b899e4c1d08f18ec59730,b8cf7c0efd5c5efee896a5164d6dab930feb549dd69b899e4c1d08f18ec59730,1000.0,False,1e-06,EXACT_SOURCE_MATCH
1.0894514259596992,2.3163944652683934,0.0,PF,88798.80693950685,EXACT_SOURCE_MATCH,EXACT_SOURCE_MATCH,v913_zeroD_sobol_0242980,"[[[-13922303.313643422,-10562316.03521371],[-10562316.03521371,1422550146.9499114]],[[-14006016.043896297,10184723.65045037],[10184723.65045037,1422089120.140092]]]",6.266350486908361e-07,1.0,0.0,"[0.8302901566190988, 0.8300720666959955]",True,1e-12,[],0,False,EXACT_SOURCE_MATCH,68d955e47461ff394c7ff1187a2f3db5660547b58f3af651a95af2c79a0f74a3,1,EXACT_SOURCE_MATCH,9.999997270180548e-06,EXACT_SOURCE_MATCH,0,4f53cda18c2baa0c0354bb5f9a3ecbe5ed12ab4d8e11ba873c2f11161202b945,EXACT_SOURCE_MATCH,0,1,626635.0486908361,149333.14084386238,EXACT_SOURCE_MATCH,Peak,EXACT_SOURCE_MATCH,True,4.34492233566789e-06,EXACT_SOURCE_MATCH,EXACT_SOURCE_MATCH,1388.0238712409846,24849586.299286023,1.25e-05,EXPLICIT_FIXTURE_INPUT,"[[59812295.72075786,-344779.39791841136],[-344779.39791841136,1730084813.989946]]",EMISSION_EVOLUTION,,"[718236225.1317774, -718047568.0919942]",True,1.624422649323827e-16,EXACT_SOURCE_MATCH,0,EXACT_SOURCE_MATCH,-0.0007237989789550039,2.4999993194285543e-11,163522,SOURCE_OWNED_DYNAMIC,352562.9251342692,6f46156b44adfb9656cc4242c151750ea78349566ea0e067ac9b2e3346820c74,6f46156b44adfb9656cc4242c151750ea78349566ea0e067ac9b2e3346820c74,1000.0,True,1.000000000753367e-06,EXACT_SOURCE_MATCH
1.0894514268413036,2.316395523245994,5e-06,PF,125580.4795907359,EXACT_SOURCE_MATCH,EXACT_SOURCE_MATCH,v913_zeroD_sobol_0242980,"[[[-13922303.313643422,-10562316.03521371],[-10562316.03521371,1422550146.9499114]],[[-14006016.043896297,10184723.65045037],[10184723.65045037,1422089120.140092]]]",0.0,1.0,0.0,"[0.8302901566190988, 0.8300720666959955]",True,1.67561660456634e-16,[],1,True,EXACT_SOURCE_MATCH,68d955e47461ff394c7ff1187a2f3db5660547b58f3af651a95af2c79a0f74a3,1,EXACT_SOURCE_MATCH,9.999994540363118e-06,EXACT_SOURCE_MATCH,0,4f53cda18c2baa0c0354bb5f9a3ecbe5ed12ab4d8e11ba873c2f11161202b945,EXACT_SOURCE_MATCH,0,2,626635.0418727914,149330.80905440115,EXACT_SOURCE_MATCH,Peak,EXACT_SOURCE_MATCH,True,8.689847389097872e-06,EXACT_SOURCE_MATCH,EXACT_SOURCE_MATCH,1388.0238712409846,24849586.299286023,1.25e-05,EXPLICIT_FIXTURE_INPUT,"[[59812295.72075786,-344779.39791841136],[-344779.39791841136,1730084813.989946]]",CLEAVAGE_FIRST_PASSAGE_AND_RENEWAL,,"[718236225.1317774, -718047568.0919942]",True,1.62505859657088e-16,EXACT_SOURCE_MATCH,0,EXACT_SOURCE_MATCH,-0.0014475985645616787,2.499998638857613e-11,163524,SOURCE_OWNED_DYNAMIC,352562.8291566103,1b57c76a85840c4874e92f329e81f504691fbe0047ae1c3038a343c093a563b6,1b57c76a85840c4874e92f329e81f504691fbe0047ae1c3038a343c093a563b6,1000.0,True,1.0000000015067341e-06,EXACT_SOURCE_MATCH
7.908496613928009,2.72161532784321,0.0,PF,0.0,EXACT_SOURCE_MATCH,EXACT_SOURCE_MATCH,v913_zeroD_sobol_0242980,"[[[-2227568.530182947,-1689970.5656341934],[-1689970.5656341934,227608023.51198578]],[[-2240962.5670234067,1629555.7840720587],[1629555.7840720587,227534259.22241467]]]",0.0,1.0,0.0,"[0.8302901566190988, 0.8300720666959954]",True,0.0,[],0,False,EXACT_SOURCE_MATCH,68d955e47461ff394c7ff1187a2f3db5660547b58f3af651a95af2c79a0f74a3,1,EXACT_SOURCE_MATCH,9.999999999999999e-06,EXACT_SOURCE_MATCH,0,4f53cda18c2baa0c0354bb5f9a3ecbe5ed12ab4d8e11ba873c2f11161202b945,EXACT_SOURCE_MATCH,0,0,0.0,0.0,EXACT_SOURCE_MATCH,Peak,EXACT_SOURCE_MATCH,False,0.0,EXACT_SOURCE_MATCH,EXACT_SOURCE_MATCH,35.533411103769204,3975933.8078857637,2e-06,EXPLICIT_FIXTURE_INPUT,"[[9569967.315321255,-55164.703666945745],[-55164.703666945745,276813570.23839134]]",NO_EVENT_LOADING,,"[114917796.02108437, -114887610.89471903]",False,0.0,EXACT_SOURCE_MATCH,0,EXACT_SOURCE_MATCH,0.0,2.5e-11,163513,SOURCE_OWNED_DYNAMIC,352563.0211119992,317c9b8cbec223910a08809240a387ffdcd6e407dc426e82996d804d089485ac,317c9b8cbec223910a08809240a387ffdcd6e407dc426e82996d804d089485ac,1200.0,False,1e-06,EXACT_SOURCE_MATCH
1.196541624807359,2.4969668241581053,0.0,PF,125580.47410589423,EXACT_SOURCE_MATCH,EXACT_SOURCE_MATCH,v913_zeroD_sobol_0242980,"[[[-13922303.313643422,-10562316.03521371],[-10562316.03521371,1422550146.9499114]],[[-14006016.043896297,10184723.65045037],[10184723.65045037,1422089120.140092]]]",9.956114337477149e-07,1.0,0.0,"[0.8302901566190988, 0.8300720666959955]",True,1e-12,[],0,False,EXACT_SOURCE_MATCH,68d955e47461ff394c7ff1187a2f3db5660547b58f3af651a95af2c79a0f74a3,1,EXACT_SOURCE_MATCH,9.999994540363594e-06,EXACT_SOURCE_MATCH,0,4f53cda18c2baa0c0354bb5f9a3ecbe5ed12ab4d8e11ba873c2f11161202b945,EXACT_SOURCE_MATCH,0,1,995611.4337477149,2298646.3568060813,EXACT_SOURCE_MATCH,Peak,EXACT_SOURCE_MATCH,True,8.689841446551489e-06,EXACT_SOURCE_MATCH,EXACT_SOURCE_MATCH,1388.0238712409846,24849586.299286023,1.25e-05,EXPLICIT_FIXTURE_INPUT,"[[59812295.72075786,-344779.39791841136],[-344779.39791841136,1730084813.989946]]",EMISSION_EVOLUTION,,"[718236225.1317774, -718047568.0919942]",True,1.6870127107138182e-14,EXACT_SOURCE_MATCH,0,EXACT_SOURCE_MATCH,-0.0014475972421400078,2.4999986388577317e-11,163522,SOURCE_OWNED_DYNAMIC,352562.82915662706,86e72e78f65c7daa283d0bd0a71270974aa347657ad232f225a553d340f214ce,86e72e78f65c7daa283d0bd0a71270974aa347657ad232f225a553d340f214ce,1200.0,True,1.000000001506734e-06,EXACT_SOURCE_MATCH
1.1965416258063544,2.496967666779923,5e-06,PF,153804.04484264916,EXACT_SOURCE_MATCH,EXACT_SOURCE_MATCH,v913_zeroD_sobol_0242980,"[[[-13922303.313643422,-10562316.03521371],[-10562316.03521371,1422550146.9499114]],[[-14006016.043896297,10184723.65045037],[10184723.65045037,1422089120.140092]]]",0.0,1.0,0.0,"[0.8302901566190988, 0.8300720666959955]",True,1.0546283937968573e-16,[],1,True,EXACT_SOURCE_MATCH,68d955e47461ff394c7ff1187a2f3db5660547b58f3af651a95af2c79a0f74a3,1,EXACT_SOURCE_MATCH,9.999991810548402e-06,EXACT_SOURCE_MATCH,0,4f53cda18c2baa0c0354bb5f9a3ecbe5ed12ab4d8e11ba873c2f11161202b945,EXACT_SOURCE_MATCH,0,2,995611.4332616443,2298611.1737289615,EXACT_SOURCE_MATCH,Peak,EXACT_SOURCE_MATCH,True,1.3034766495330149e-05,EXACT_SOURCE_MATCH,EXACT_SOURCE_MATCH,1388.0238712409846,24849586.299286023,1.25e-05,EXPLICIT_FIXTURE_INPUT,"[[59812295.72075786,-344779.39791841136],[-344779.39791841136,1730084813.989946]]",CLEAVAGE_FIRST_PASSAGE_AND_RENEWAL,,"[718236225.1317774, -718047568.0919942]",True,1.687338888543427e-14,EXACT_SOURCE_MATCH,0,EXACT_SOURCE_MATCH,-0.002171396826923228,2.4999979582873492e-11,163524,SOURCE_OWNED_DYNAMIC,352562.733179047,e810e3e2a426c05fbb230cb291b8973693bd285df9fcc307871377a9f836092f,e810e3e2a426c05fbb230cb291b8973693bd285df9fcc307871377a9f836092f,1200.0,True,1.0000000022601011e-06,EXACT_SOURCE_MATCH
1.3273500701260825,2.2266688187832138,0.0,PF,0.0,EXACT_SOURCE_MATCH,EXACT_SOURCE_MATCH,v913_zeroD_sobol_0202500,"[[[-2227568.530182947,-1689970.5656341934],[-1689970.5656341934,227608023.51198578]],[[-2240962.5670234067,1629555.7840720587],[1629555.7840720587,227534259.22241467]]]",0.0,1.0,0.0,"[0.8302901566190988, 0.8300720666959954]",True,0.0,[],0,False,EXACT_SOURCE_MATCH,68d955e47461ff394c7ff1187a2f3db5660547b58f3af651a95af2c79a0f74a3,1,EXACT_SOURCE_MATCH,9.999999999999999e-06,EXACT_SOURCE_MATCH,0,4f53cda18c2baa0c0354bb5f9a3ecbe5ed12ab4d8e11ba873c2f11161202b945,EXACT_SOURCE_MATCH,0,0,0.0,0.0,EXACT_SOURCE_MATCH,DBTT,EXACT_SOURCE_MATCH,False,0.0,EXACT_SOURCE_MATCH,EXACT_SOURCE_MATCH,35.533411103769204,3975933.8078857637,2e-06,EXPLICIT_FIXTURE_INPUT,"[[9569967.315321255,-55164.703666945745],[-55164.703666945745,276813570.23839134]]",NO_EVENT_LOADING,,"[114917796.02108437, -114887610.89471903]",False,0.0,EXACT_SOURCE_MATCH,0,EXACT_SOURCE_MATCH,0.0,2.5e-11,163513,SOURCE_OWNED_DYNAMIC,13098.721493975596,e34ec4032b4f97ffd99c4e56c01932cd8c560066bbc8b8bf2963fc9521dced50,e34ec4032b4f97ffd99c4e56c01932cd8c560066bbc8b8bf2963fc9521dced50,300.0,False,1e-06,EXACT_SOURCE_MATCH
0.40899115341603615,1.758631638060102,0.0,PF,88798.80471482211,EXACT_SOURCE_MATCH,EXACT_SOURCE_MATCH,v913_zeroD_sobol_0202500,"[[[-13922303.313643422,-10562316.03521371],[-10562316.03521371,1422550146.9499114]],[[-14006016.043896297,10184723.65045037],[10184723.65045037,1422089120.140092]]]",3.6803386296484284e-10,1.0,0.0,"[0.8302901566190988, 0.8300720666959955]",True,1e-12,[],0,False,EXACT_SOURCE_MATCH,68d955e47461ff394c7ff1187a2f3db5660547b58f3af651a95af2c79a0f74a3,1,EXACT_SOURCE_MATCH,9.999997270180687e-06,EXACT_SOURCE_MATCH,0,4f53cda18c2baa0c0354bb5f9a3ecbe5ed12ab4d8e11ba873c2f11161202b945,EXACT_SOURCE_MATCH,0,1,368.03386296484285,7.491334798021902e-15,EXACT_SOURCE_MATCH,DBTT,EXACT_SOURCE_MATCH,True,4.344913582295009e-06,EXACT_SOURCE_MATCH,EXACT_SOURCE_MATCH,1388.0238712409846,24849586.299286023,1.25e-05,EXPLICIT_FIXTURE_INPUT,"[[59812295.72075786,-344779.39791841136],[-344779.39791841136,1730084813.989946]]",EMISSION_EVOLUTION,,"[718236225.1317774, -718047568.0919942]",True,1.1474544904145251e-11,EXACT_SOURCE_MATCH,0,EXACT_SOURCE_MATCH,-0.0007237996199593966,2.4999993195981353e-11,163522,SOURCE_OWNED_DYNAMIC,13098.717929017783,302735a2da7d1499febc0c4a198844a330376a4b99e697c475d4b47800c989bb,302735a2da7d1499febc0c4a198844a330376a4b99e697c475d4b47800c989bb,300.0,True,1.0000000008211855e-06,EXACT_SOURCE_MATCH
0.40899115388305973,1.7586325930615767,5e-06,PF,125580.47541943539,EXACT_SOURCE_MATCH,EXACT_SOURCE_MATCH,v913_zeroD_sobol_0202500,"[[[-13922303.313643422,-10562316.03521371],[-10562316.03521371,1422550146.9499114]],[[-14006016.043896297,10184723.65045037],[10184723.65045037,1422089120.140092]]]",0.0,1.0,0.0,"[0.8302901566190988, 0.8300720666959955]",True,2.852998650505041e-13,[],1,True,EXACT_SOURCE_MATCH,68d955e47461ff394c7ff1187a2f3db5660547b58f3af651a95af2c79a0f74a3,1,EXACT_SOURCE_MATCH,9.99999454036348e-06,EXACT_SOURCE_MATCH,0,4f53cda18c2baa0c0354bb5f9a3ecbe5ed12ab4d8e11ba873c2f11161202b945,EXACT_SOURCE_MATCH,0,2,368.0338436858621,7.490986937470158e-15,EXACT_SOURCE_MATCH,DBTT,EXACT_SOURCE_MATCH,True,8.689831360513625e-06,EXACT_SOURCE_MATCH,EXACT_SOURCE_MATCH,1388.0238712409846,24849586.299286023,1.25e-05,EXPLICIT_FIXTURE_INPUT,"[[59812295.72075786,-344779.39791841136],[-344779.39791841136,1730084813.989946]]",CLEAVAGE_FIRST_PASSAGE_AND_RENEWAL,,"[718236225.1317774, -718047568.0919942]",True,1.8749387997673085e-11,EXACT_SOURCE_MATCH,0,EXACT_SOURCE_MATCH,-0.0014475992269348073,2.499998639196796e-11,163524,SOURCE_OWNED_DYNAMIC,13098.714364062724,fe38400234ad790a65fd6b37c89e479588c5d78b028cf06fd48f844d5d731ed6,fe38400234ad790a65fd6b37c89e479588c5d78b028cf06fd48f844d5d731ed6,300.0,True,1.000000001642371e-06,EXACT_SOURCE_MATCH
5.193175984210763,6.543437543347664,0.0,PF,0.0,EXACT_SOURCE_MATCH,EXACT_SOURCE_MATCH,v913_zeroD_sobol_0202500,"[[[-2227568.530182947,-1689970.5656341934],[-1689970.5656341934,227608023.51198578]],[[-2240962.5670234067,1629555.7840720587],[1629555.7840720587,227534259.22241467]]]",0.0,1.0,0.0,"[0.8302901566190988, 0.8300720666959954]",True,0.0,[],0,False,EXACT_SOURCE_MATCH,68d955e47461ff394c7ff1187a2f3db5660547b58f3af651a95af2c79a0f74a3,1,EXACT_SOURCE_MATCH,9.999999999999999e-06,EXACT_SOURCE_MATCH,0,4f53cda18c2baa0c0354bb5f9a3ecbe5ed12ab4d8e11ba873c2f11161202b945,EXACT_SOURCE_MATCH,0,0,0.0,0.0,EXACT_SOURCE_MATCH,DBTT,EXACT_SOURCE_MATCH,False,0.0,EXACT_SOURCE_MATCH,EXACT_SOURCE_MATCH,35.533411103769204,3975933.8078857637,2e-06,EXPLICIT_FIXTURE_INPUT,"[[9569967.315321255,-55164.703666945745],[-55164.703666945745,276813570.23839134]]",NO_EVENT_LOADING,,"[114917796.02108437, -114887610.89471903]",False,0.0,EXACT_SOURCE_MATCH,0,EXACT_SOURCE_MATCH,0.0,2.5e-11,163513,SOURCE_OWNED_DYNAMIC,13098.721493975596,c7c54ac474a76303e1fa82192c19cf487da8c80661a140db8ee463e4d4818806,c7c54ac474a76303e1fa82192c19cf487da8c80661a140db8ee463e4d4818806,1000.0,False,1e-06,EXACT_SOURCE_MATCH
1.2246383549798283,0.07822698749984135,0.0,PF,999373931.9819219,EXACT_SOURCE_MATCH,EXACT_SOURCE_MATCH,v913_zeroD_sobol_0202500,"[[[-13922303.313643422,-10562316.03521371],[-10562316.03521371,1422550146.9499114]],[[-14006016.043896297,10184723.65045037],[10184723.65045037,1422089120.140092]]]",6.00559194417403e-08,1.0,0.0,"[0.8302901566190988, 0.8300720666959955]",True,1e-12,[],0,False,EXACT_SOURCE_MATCH,68d955e47461ff394c7ff1187a2f3db5660547b58f3af651a95af2c79a0f74a3,1,EXACT_SOURCE_MATCH,1.1939315283884185e-06,EXACT_SOURCE_MATCH,0,4f53cda18c2baa0c0354bb5f9a3ecbe5ed12ab4d8e11ba873c2f11161202b945,EXACT_SOURCE_MATCH,0,1,60055.9194417403,147480660807770.0,EXACT_SOURCE_MATCH,DBTT,EXACT_SOURCE_MATCH,True,61.435010984609534,EXACT_SOURCE_MATCH,EXACT_SOURCE_MATCH,1388.0238712409846,24849586.299286023,1.25e-05,EXPLICIT_FIXTURE_INPUT,"[[59812295.72075786,-344779.39791841136],[-344779.39791841136,1730084813.989946]]",EMISSION_EVOLUTION,,"[718236225.1317774, -718047568.0919942]",True,498.2173472081373,EXACT_SOURCE_MATCH,0,EXACT_SOURCE_MATCH,-93787.15608607086,3.3005449868289207e-12,163522,SOURCE_OWNED_DYNAMIC,1729.3167824323752,79402124a227892cf2a3b5de3050f349e5a388ba0940556e9de71fade6e20292,79402124a227892cf2a3b5de3050f349e5a388ba0940556e9de71fade6e20292,1000.0,True,1.1057736254889025e-06,EXACT_SOURCE_MATCH
1.2247809944207795,0.07845652914505714,5e-06,PF,999743458.5399802,EXACT_SOURCE_MATCH,EXACT_SOURCE_MATCH,v913_zeroD_sobol_0202500,"[[[-13922303.313643422,-10562316.03521371],[-10562316.03521371,1422550146.9499114]],[[-14006016.043896297,10184723.65045037],[10184723.65045037,1422089120.140092]]]",0.0,1.0,0.0,"[0.8302901566190988, 0.8300720666959955]",True,3.392189177903745e-15,[],1,True,EXACT_SOURCE_MATCH,68d955e47461ff394c7ff1187a2f3db5660547b58f3af651a95af2c79a0f74a3,1,EXACT_SOURCE_MATCH,1.1934965129775111e-06,EXACT_SOURCE_MATCH,0,4f53cda18c2baa0c0354bb5f9a3ecbe5ed12ab4d8e11ba873c2f11161202b945,EXACT_SOURCE_MATCH,0,2,30889.140049657613,139136775302006.78,EXACT_SOURCE_MATCH,DBTT,EXACT_SOURCE_MATCH,True,61.35547627292826,EXACT_SOURCE_MATCH,EXACT_SOURCE_MATCH,1388.0238712409846,24849586.299286023,1.25e-05,EXPLICIT_FIXTURE_INPUT,"[[59812295.72075786,-344779.39791841136],[-344779.39791841136,1730084813.989946]]",CLEAVAGE_FIRST_PASSAGE_AND_RENEWAL,,"[718236225.1317774, -718047568.0919942]",True,498.7070409972763,EXACT_SOURCE_MATCH,0,EXACT_SOURCE_MATCH,-93855.67749079282,3.2995737137959064e-12,163524,SOURCE_OWNED_DYNAMIC,1728.8078850342129,a384384d7b8292d81d707dc8924613890bd023615963152629215cf297d6919e,a384384d7b8292d81d707dc8924613890bd023615963152629215cf297d6919e,1000.0,True,1.105851145074298e-06,EXACT_SOURCE_MATCH
6.289425172207536,7.776800036080363,0.0,PF,0.0,EXACT_SOURCE_MATCH,EXACT_SOURCE_MATCH,v913_zeroD_sobol_0202500,"[[[-2227568.530182947,-1689970.5656341934],[-1689970.5656341934,227608023.51198578]],[[-2240962.5670234067,1629555.7840720587],[1629555.7840720587,227534259.22241467]]]",0.0,1.0,0.0,"[0.8302901566190988, 0.8300720666959954]",True,0.0,[],0,False,EXACT_SOURCE_MATCH,68d955e47461ff394c7ff1187a2f3db5660547b58f3af651a95af2c79a0f74a3,1,EXACT_SOURCE_MATCH,9.999999999999999e-06,EXACT_SOURCE_MATCH,0,4f53cda18c2baa0c0354bb5f9a3ecbe5ed12ab4d8e11ba873c2f11161202b945,EXACT_SOURCE_MATCH,0,0,0.0,0.0,EXACT_SOURCE_MATCH,DBTT,EXACT_SOURCE_MATCH,False,0.0,EXACT_SOURCE_MATCH,EXACT_SOURCE_MATCH,35.533411103769204,3975933.8078857637,2e-06,EXPLICIT_FIXTURE_INPUT,"[[9569967.315321255,-55164.703666945745],[-55164.703666945745,276813570.23839134]]",NO_EVENT_LOADING,,"[114917796.02108437, -114887610.89471903]",False,0.0,EXACT_SOURCE_MATCH,0,EXACT_SOURCE_MATCH,0.0,2.5e-11,163513,SOURCE_OWNED_DYNAMIC,13098.721493975596,ef62e02e3b8b0cc7c14abca4547b7379429e43f70fe50b1e4ece9a14b76b04ac,ef62e02e3b8b0cc7c14abca4547b7379429e43f70fe50b1e4ece9a14b76b04ac,1200.0,False,1e-06,EXACT_SOURCE_MATCH
1.3015243701472772,0.08063161593978066,0.0,PF,1052835312.6295829,EXACT_SOURCE_MATCH,EXACT_SOURCE_MATCH,v913_zeroD_sobol_0202500,"[[[-13922303.313643422,-10562316.03521371],[-10562316.03521371,1422550146.9499114]],[[-14006016.043896297,10184723.65045037],[10184723.65045037,1422089120.140092]]]",8.281238866115236e-07,1.0,0.0,"[0.8302901566190988, 0.8300720666959955]",True,1e-12,[],0,False,EXACT_SOURCE_MATCH,68d955e47461ff394c7ff1187a2f3db5660547b58f3af651a95af2c79a0f74a3,1,EXACT_SOURCE_MATCH,1.1341058400931254e-06,EXACT_SOURCE_MATCH,0,4f53cda18c2baa0c0354bb5f9a3ecbe5ed12ab4d8e11ba873c2f11161202b945,EXACT_SOURCE_MATCH,0,1,828123.8866115236,159992976004240.2,EXACT_SOURCE_MATCH,DBTT,EXACT_SOURCE_MATCH,True,62.31257156324277,EXACT_SOURCE_MATCH,EXACT_SOURCE_MATCH,1388.0238712409846,24849586.299286023,1.25e-05,EXPLICIT_FIXTURE_INPUT,"[[59812295.72075786,-344779.39791841136],[-344779.39791841136,1730084813.989946]]",EMISSION_EVOLUTION,,"[718236225.1317774, -718047568.0919942]",True,558.6759317712088,EXACT_SOURCE_MATCH,0,EXACT_SOURCE_MATCH,-104057.41706654921,3.1680288827565174e-12,163522,SOURCE_OWNED_DYNAMIC,1659.8851208039314,be6eb6dfd5d0c204f2e0599a40293a06f12001a8a9f0f04c5b3507a50ff3193d,be6eb6dfd5d0c204f2e0599a40293a06f12001a8a9f0f04c5b3507a50ff3193d,1200.0,True,1.117366217776069e-06,EXACT_SOURCE_MATCH
1.3015330170937196,0.08063161593978066,5e-06,PF,1052854112.4894975,EXACT_SOURCE_MATCH,EXACT_SOURCE_MATCH,v913_zeroD_sobol_0202500,"[[[-13922303.313643422,-10562316.03521371],[-10562316.03521371,1422550146.9499114]],[[-14006016.043896297,10184723.65045037],[10184723.65045037,1422089120.140092]]]",0.0,1.0,0.0,"[0.8302901566190988, 0.8300720666959955]",True,1.5817563556361002e-16,[],1,True,EXACT_SOURCE_MATCH,68d955e47461ff394c7ff1187a2f3db5660547b58f3af651a95af2c79a0f74a3,1,EXACT_SOURCE_MATCH,1.1340858498516816e-06,EXACT_SOURCE_MATCH,0,4f53cda18c2baa0c0354bb5f9a3ecbe5ed12ab4d8e11ba873c2f11161202b945,EXACT_SOURCE_MATCH,0,2,663791.7436462123,152218390035059.53,EXACT_SOURCE_MATCH,DBTT,EXACT_SOURCE_MATCH,True,62.30923850598118,EXACT_SOURCE_MATCH,EXACT_SOURCE_MATCH,1388.0238712409846,24849586.299286023,1.25e-05,EXPLICIT_FIXTURE_INPUT,"[[59812295.72075786,-344779.39791841136],[-344779.39791841136,1730084813.989946]]",CLEAVAGE_FIRST_PASSAGE_AND_RENEWAL,,"[718236225.1317774, -718047568.0919942]",True,558.701230212474,EXACT_SOURCE_MATCH,0,EXACT_SOURCE_MATCH,-104061.08574712691,3.167984811959228e-12,163524,SOURCE_OWNED_DYNAMIC,1659.8620299599431,09f9c83fd5e624307281af795469683cdd831ae7dd357e231cfea1b083f32110,09f9c83fd5e624307281af795469683cdd831ae7dd357e231cfea1b083f32110,1200.0,True,1.117370369226825e-06,EXACT_SOURCE_MATCH
1.1596266939618776,1.2342253868016522,0.0,PF,0.0,EXACT_SOURCE_MATCH,EXACT_SOURCE_MATCH,v913_zeroD_sobol_0129902,"[[[-2227568.530182947,-1689970.5656341934],[-1689970.5656341934,227608023.51198578]],[[-2240962.5670234067,1629555.7840720587],[1629555.7840720587,227534259.22241467]]]",0.0,1.0,0.0,"[0.8302901566190988, 0.8300720666959954]",True,0.0,[],0,False,EXACT_SOURCE_MATCH,68d955e47461ff394c7ff1187a2f3db5660547b58f3af651a95af2c79a0f74a3,1,EXACT_SOURCE_MATCH,9.999999999999999e-06,EXACT_SOURCE_MATCH,0,4f53cda18c2baa0c0354bb5f9a3ecbe5ed12ab4d8e11ba873c2f11161202b945,EXACT_SOURCE_MATCH,0,0,0.0,0.0,EXACT_SOURCE_MATCH,weak-T,EXACT_SOURCE_MATCH,False,0.0,EXACT_SOURCE_MATCH,EXACT_SOURCE_MATCH,35.533411103769204,3975933.8078857637,2e-06,EXPLICIT_FIXTURE_INPUT,"[[9569967.315321255,-55164.703666945745],[-55164.703666945745,276813570.23839134]]",NO_EVENT_LOADING,,"[114917796.02108437, -114887610.89471903]",False,0.0,EXACT_SOURCE_MATCH,0,EXACT_SOURCE_MATCH,0.0,2.5e-11,163513,SOURCE_OWNED_DYNAMIC,472.38905390836175,35f8e8725ea01ee829d3c6a354d0cbf889209591f72f31fd2bcf66b2140b643f,35f8e8725ea01ee829d3c6a354d0cbf889209591f72f31fd2bcf66b2140b643f,300.0,False,1e-06,EXACT_SOURCE_MATCH
0.1339795599322341,0.01423718657941524,0.0,PF,259966832.3999218,EXACT_SOURCE_MATCH,EXACT_SOURCE_MATCH,v913_zeroD_sobol_0129902,"[[[-13922303.313643422,-10562316.03521371],[-10562316.03521371,1422550146.9499114]],[[-14006016.043896297,10184723.65045037],[10184723.65045037,1422089120.140092]]]",1e-06,1.0,0.0,"[0.8302901566190988, 0.8300720666959955]",True,1e-12,[],0,False,EXACT_SOURCE_MATCH,68d955e47461ff394c7ff1187a2f3db5660547b58f3af651a95af2c79a0f74a3,1,EXACT_SOURCE_MATCH,4.196146144636509e-06,EXACT_SOURCE_MATCH,0,4f53cda18c2baa0c0354bb5f9a3ecbe5ed12ab4d8e11ba873c2f11161202b945,EXACT_SOURCE_MATCH,0,1,1000000.0,27101284429100.05,EXACT_SOURCE_MATCH,weak-T,EXACT_SOURCE_MATCH,True,25.309465184967262,EXACT_SOURCE_MATCH,EXACT_SOURCE_MATCH,1388.0238712409846,24849586.299286023,1.25e-05,EXPLICIT_FIXTURE_INPUT,"[[59812295.72075786,-344779.39791841136],[-344779.39791841136,1730084813.989946]]",EMISSION_EVOLUTION,,"[718236225.1317774, -718047568.0919942]",True,12.098748564420976,EXACT_SOURCE_MATCH,0,EXACT_SOURCE_MATCH,-6249.238213007369,1.0539758697014643e-11,163522,SOURCE_OWNED_DYNAMIC,199.154665572207,96a14804d4e7862fb54a4b937b7262fead1827eb94ccc7f63d6f021cd6c47027,96a14804d4e7862fb54a4b937b7262fead1827eb94ccc7f63d6f021cd6c47027,300.0,True,1.0047084475822182e-06,EXACT_SOURCE_MATCH
0.13397960510547377,0.014271770000788452,5e-06,PF,259974460.90676647,EXACT_SOURCE_MATCH,EXACT_SOURCE_MATCH,v913_zeroD_sobol_0129902,"[[[-13922303.313643422,-10562316.03521371],[-10562316.03521371,1422550146.9499114]],[[-14006016.043896297,10184723.65045037],[10184723.65045037,1422089120.140092]]]",0.0,1.0,0.0,"[0.8302901566190988, 0.8300720666959955]",True,1.0500000868773896e-16,[],1,True,EXACT_SOURCE_MATCH,68d955e47461ff394c7ff1187a2f3db5660547b58f3af651a95af2c79a0f74a3,1,EXACT_SOURCE_MATCH,4.196044695172524e-06,EXACT_SOURCE_MATCH,0,4f53cda18c2baa0c0354bb5f9a3ecbe5ed12ab4d8e11ba873c2f11161202b945,EXACT_SOURCE_MATCH,0,2,1000000.0,22932978087943.477,EXACT_SOURCE_MATCH,weak-T,EXACT_SOURCE_MATCH,True,25.310940837328985,EXACT_SOURCE_MATCH,EXACT_SOURCE_MATCH,1388.0238712409846,24849586.299286023,1.25e-05,EXPLICIT_FIXTURE_INPUT,"[[59812295.72075786,-344779.39791841136],[-344779.39791841136,1730084813.989946]]",CLEAVAGE_FIRST_PASSAGE_AND_RENEWAL,,"[718236225.1317774, -718047568.0919942]",True,12.099467580160233,EXACT_SOURCE_MATCH,0,EXACT_SOURCE_MATCH,-6249.604902122253,1.0539506776928292e-11,163524,SOURCE_OWNED_DYNAMIC,199.14990540055692,a12773bfa34a5400f6f9c563eefb0de1336e17eba45adcf810e06116952fa834,a12773bfa34a5400f6f9c563eefb0de1336e17eba45adcf810e06116952fa834,300.0,True,1.0047087238182957e-06,EXACT_SOURCE_MATCH
4.172081418842991,3.026496836032222,0.0,PF,0.0,EXACT_SOURCE_MATCH,EXACT_SOURCE_MATCH,v913_zeroD_sobol_0129902,"[[[-2227568.530182947,-1689970.5656341934],[-1689970.5656341934,227608023.51198578]],[[-2240962.5670234067,1629555.7840720587],[1629555.7840720587,227534259.22241467]]]",0.0,1.0,0.0,"[0.8302901566190988, 0.8300720666959954]",True,0.0,[],0,False,EXACT_SOURCE_MATCH,68d955e47461ff394c7ff1187a2f3db5660547b58f3af651a95af2c79a0f74a3,1,EXACT_SOURCE_MATCH,9.999999999999999e-06,EXACT_SOURCE_MATCH,0,4f53cda18c2baa0c0354bb5f9a3ecbe5ed12ab4d8e11ba873c2f11161202b945,EXACT_SOURCE_MATCH,0,0,0.0,0.0,EXACT_SOURCE_MATCH,weak-T,EXACT_SOURCE_MATCH,False,0.0,EXACT_SOURCE_MATCH,EXACT_SOURCE_MATCH,35.533411103769204,3975933.8078857637,2e-06,EXPLICIT_FIXTURE_INPUT,"[[9569967.315321255,-55164.703666945745],[-55164.703666945745,276813570.23839134]]",NO_EVENT_LOADING,,"[114917796.02108437, -114887610.89471903]",False,0.0,EXACT_SOURCE_MATCH,0,EXACT_SOURCE_MATCH,0.0,2.5e-11,163513,SOURCE_OWNED_DYNAMIC,472.38905390836175,35a9ab83acc3caaecf76a3d26eb5396453581055f43d8de500e3ab1c2f28c613,35a9ab83acc3caaecf76a3d26eb5396453581055f43d8de500e3ab1c2f28c613,1000.0,False,1e-06,EXACT_SOURCE_MATCH
0.44075852539118887,0.024486027188662666,0.0,PF,291570360.2504623,EXACT_SOURCE_MATCH,EXACT_SOURCE_MATCH,v913_zeroD_sobol_0129902,"[[[-13922303.313643422,-10562316.03521371],[-10562316.03521371,1422550146.9499114]],[[-14006016.043896297,10184723.65045037],[10184723.65045037,1422089120.140092]]]",1e-06,1.0,0.0,"[0.8302901566190988, 0.8300720666959955]",True,1e-12,[],0,False,EXACT_SOURCE_MATCH,68d955e47461ff394c7ff1187a2f3db5660547b58f3af651a95af2c79a0f74a3,1,EXACT_SOURCE_MATCH,3.8107417346525027e-06,EXACT_SOURCE_MATCH,0,4f53cda18c2baa0c0354bb5f9a3ecbe5ed12ab4d8e11ba873c2f11161202b945,EXACT_SOURCE_MATCH,0,1,1000000.0,31857874268256.43,EXACT_SOURCE_MATCH,weak-T,EXACT_SOURCE_MATCH,True,15.758321590939783,EXACT_SOURCE_MATCH,EXACT_SOURCE_MATCH,1388.0238712409846,24849586.299286023,1.25e-05,EXPLICIT_FIXTURE_INPUT,"[[59812295.72075786,-344779.39791841136],[-344779.39791841136,1730084813.989946]]",EMISSION_EVOLUTION,,"[718236225.1317774, -718047568.0919942]",True,31.37196246635983,EXACT_SOURCE_MATCH,0,EXACT_SOURCE_MATCH,-7888.264825827114,9.583368898442931e-12,163522,SOURCE_OWNED_DYNAMIC,181.083142687611,ade92c9eee00feef08bf63fba3b27cdb82dfde3f9e1e22711fafa94228d7ea11,ade92c9eee00feef08bf63fba3b27cdb82dfde3f9e1e22711fafa94228d7ea11,1000.0,True,1.0059321324557648e-06,EXACT_SOURCE_MATCH
0.44075870854228794,0.02455662987154548,5e-06,PF,291578433.6906488,EXACT_SOURCE_MATCH,EXACT_SOURCE_MATCH,v913_zeroD_sobol_0129902,"[[[-13922303.313643422,-10562316.03521371],[-10562316.03521371,1422550146.9499114]],[[-14006016.043896297,10184723.65045037],[10184723.65045037,1422089120.140092]]]",0.0,1.0,0.0,"[0.8302901566190988, 0.8300720666959955]",True,1.0500000868773896e-16,[],1,True,EXACT_SOURCE_MATCH,68d955e47461ff394c7ff1187a2f3db5660547b58f3af651a95af2c79a0f74a3,1,EXACT_SOURCE_MATCH,3.8106515420368383e-06,EXACT_SOURCE_MATCH,0,4f53cda18c2baa0c0354bb5f9a3ecbe5ed12ab4d8e11ba873c2f11161202b945,EXACT_SOURCE_MATCH,0,2,1000000.0,27235990271038.656,EXACT_SOURCE_MATCH,weak-T,EXACT_SOURCE_MATCH,True,15.759518658593645,EXACT_SOURCE_MATCH,EXACT_SOURCE_MATCH,1388.0238712409846,24849586.299286023,1.25e-05,EXPLICIT_FIXTURE_INPUT,"[[59812295.72075786,-344779.39791841136],[-344779.39791841136,1730084813.989946]]",CLEAVAGE_FIRST_PASSAGE_AND_RENEWAL,,"[718236225.1317774, -718047568.0919942]",True,31.373370953887658,EXACT_SOURCE_MATCH,0,EXACT_SOURCE_MATCH,-7888.700788268603,9.583145203606004e-12,163524,SOURCE_OWNED_DYNAMIC,181.0789158479158,47a3d8ad665dbff795894e09dc4322c4b7157eb41bdda4201c04845be4046b81,47a3d8ad665dbff795894e09dc4322c4b7157eb41bdda4201c04845be4046b81,1000.0,True,1.0059324604089829e-06,EXACT_SOURCE_MATCH
5.016688635615154,3.5385743929552422,0.0,PF,0.0,EXACT_SOURCE_MATCH,EXACT_SOURCE_MATCH,v913_zeroD_sobol_0129902,"[[[-2227568.530182947,-1689970.5656341934],[-1689970.5656341934,227608023.51198578]],[[-2240962.5670234067,1629555.7840720587],[1629555.7840720587,227534259.22241467]]]",0.0,1.0,0.0,"[0.8302901566190988, 0.8300720666959954]",True,0.0,[],0,False,EXACT_SOURCE_MATCH,68d955e47461ff394c7ff1187a2f3db5660547b58f3af651a95af2c79a0f74a3,1,EXACT_SOURCE_MATCH,9.999999999999999e-06,EXACT_SOURCE_MATCH,0,4f53cda18c2baa0c0354bb5f9a3ecbe5ed12ab4d8e11ba873c2f11161202b945,EXACT_SOURCE_MATCH,0,0,0.0,0.0,EXACT_SOURCE_MATCH,weak-T,EXACT_SOURCE_MATCH,False,0.0,EXACT_SOURCE_MATCH,EXACT_SOURCE_MATCH,35.533411103769204,3975933.8078857637,2e-06,EXPLICIT_FIXTURE_INPUT,"[[9569967.315321255,-55164.703666945745],[-55164.703666945745,276813570.23839134]]",NO_EVENT_LOADING,,"[114917796.02108437, -114887610.89471903]",False,0.0,EXACT_SOURCE_MATCH,0,EXACT_SOURCE_MATCH,0.0,2.5e-11,163513,SOURCE_OWNED_DYNAMIC,472.38905390836175,5232af29716f0c6ec3e68e3b674e12e91e1cc10208f80cf25299f87c5e486286,5232af29716f0c6ec3e68e3b674e12e91e1cc10208f80cf25299f87c5e486286,1200.0,False,1e-06,EXACT_SOURCE_MATCH
0.5158321278462986,0.025623464683004027,0.0,PF,296067047.14513904,EXACT_SOURCE_MATCH,EXACT_SOURCE_MATCH,v913_zeroD_sobol_0129902,"[[[-13922303.313643422,-10562316.03521371],[-10562316.03521371,1422550146.9499114]],[[-14006016.043896297,10184723.65045037],[10184723.65045037,1422089120.140092]]]",1e-06,1.0,0.0,"[0.8302901566190988, 0.8300720666959955]",True,1e-12,[],0,False,EXACT_SOURCE_MATCH,68d955e47461ff394c7ff1187a2f3db5660547b58f3af651a95af2c79a0f74a3,1,EXACT_SOURCE_MATCH,3.7611053552828767e-06,EXACT_SOURCE_MATCH,0,4f53cda18c2baa0c0354bb5f9a3ecbe5ed12ab4d8e11ba873c2f11161202b945,EXACT_SOURCE_MATCH,0,1,1000000.0,32565159115109.094,EXACT_SOURCE_MATCH,weak-T,EXACT_SOURCE_MATCH,True,12.23156837232338,EXACT_SOURCE_MATCH,EXACT_SOURCE_MATCH,1388.0238712409846,24849586.299286023,1.25e-05,EXPLICIT_FIXTURE_INPUT,"[[59812295.72075786,-344779.39791841136],[-344779.39791841136,1730084813.989946]]",EMISSION_EVOLUTION,,"[718236225.1317774, -718047568.0919942]",True,36.4092088296147,EXACT_SOURCE_MATCH,0,EXACT_SOURCE_MATCH,-8144.128230567555,9.460329486701978e-12,163522,SOURCE_OWNED_DYNAMIC,178.758243835381,c8facb954f9d4671be2c6856abbf635cade34867b22748d21e31299e983a93a8,c8facb954f9d4671be2c6856abbf635cade34867b22748d21e31299e983a93a8,1200.0,True,1.0061222532268527e-06,EXACT_SOURCE_MATCH
0.5158323502922113,0.025698161999751185,5e-06,PF,296075203.4945071,EXACT_SOURCE_MATCH,EXACT_SOURCE_MATCH,v913_zeroD_sobol_0129902,"[[[-13922303.313643422,-10562316.03521371],[-10562316.03521371,1422550146.9499114]],[[-14006016.043896297,10184723.65045037],[10184723.65045037,1422089120.140092]]]",0.0,1.0,0.0,"[0.8302901566190988, 0.8300720666959955]",True,1.0500000868773896e-16,[],1,True,EXACT_SOURCE_MATCH,68d955e47461ff394c7ff1187a2f3db5660547b58f3af651a95af2c79a0f74a3,1,EXACT_SOURCE_MATCH,3.7610163997846608e-06,EXACT_SOURCE_MATCH,0,4f53cda18c2baa0c0354bb5f9a3ecbe5ed12ab4d8e11ba873c2f11161202b945,EXACT_SOURCE_MATCH,0,2,1000000.0,27884550310589.062,EXACT_SOURCE_MATCH,weak-T,EXACT_SOURCE_MATCH,True,12.232694506356125,EXACT_SOURCE_MATCH,EXACT_SOURCE_MATCH,1388.0238712409846,24849586.299286023,1.25e-05,EXPLICIT_FIXTURE_INPUT,"[[59812295.72075786,-344779.39791841136],[-344779.39791841136,1730084813.989946]]",CLEAVAGE_FIRST_PASSAGE_AND_RENEWAL,,"[718236225.1317774, -718047568.0919942]",True,36.410756660919716,EXACT_SOURCE_MATCH,0,EXACT_SOURCE_MATCH,-8144.575685335084,9.460108900991129e-12,163524,SOURCE_OWNED_DYNAMIC,178.75407574437085,7bbbde284aa545ff0ef2580ad658c073f9e29c90b6a7a191f664b1013670e5a6,7bbbde284aa545ff0ef2580ad658c073f9e29c90b6a7a191f664b1013670e5a6,1200.0,True,1.0061225897906505e-06,EXACT_SOURCE_MATCH
1.3410487558560202,3.310816147335135,0.0,PF,0.0,EXACT_SOURCE_MATCH,EXACT_SOURCE_MATCH,v913_zeroD_sobol_0077080,"[[[-2227568.530182947,-1689970.5656341934],[-1689970.5656341934,227608023.51198578]],[[-2240962.5670234067,1629555.7840720587],[1629555.7840720587,227534259.22241467]]]",0.0,1.0,0.0,"[0.8302901566190988, 0.8300720666959954]",True,0.0,[],0,False,EXACT_SOURCE_MATCH,68d955e47461ff394c7ff1187a2f3db5660547b58f3af651a95af2c79a0f74a3,1,EXACT_SOURCE_MATCH,9.999999999999999e-06,EXACT_SOURCE_MATCH,0,4f53cda18c2baa0c0354bb5f9a3ecbe5ed12ab4d8e11ba873c2f11161202b945,EXACT_SOURCE_MATCH,0,0,0.0,0.0,EXACT_SOURCE_MATCH,ceramic-like,EXACT_SOURCE_MATCH,False,0.0,EXACT_SOURCE_MATCH,EXACT_SOURCE_MATCH,35.533411103769204,3975933.8078857637,2e-06,EXPLICIT_FIXTURE_INPUT,"[[9569967.315321255,-55164.703666945745],[-55164.703666945745,276813570.23839134]]",NO_EVENT_LOADING,,"[114917796.02108437, -114887610.89471903]",False,0.0,EXACT_SOURCE_MATCH,0,EXACT_SOURCE_MATCH,0.0,2.5e-11,163513,SOURCE_OWNED_DYNAMIC,29.364093703732184,7644737e862921909fa51663332ec5d6beab004f9a1845ad0cec9ad3e9403a40,7644737e862921909fa51663332ec5d6beab004f9a1845ad0cec9ad3e9403a40,300.0,False,1e-06,EXACT_SOURCE_MATCH
0.18743727356723758,2.0931230666104277,0.0,PF,88798.80482095212,EXACT_SOURCE_MATCH,EXACT_SOURCE_MATCH,v913_zeroD_sobol_0077080,"[[[-13922303.313643422,-10562316.03521371],[-10562316.03521371,1422550146.9499114]],[[-14006016.043896297,10184723.65045037],[10184723.65045037,1422089120.140092]]]",1e-06,1.0,0.0,"[0.8302901566190988, 0.8300720666959955]",True,1e-12,[],0,False,EXACT_SOURCE_MATCH,68d955e47461ff394c7ff1187a2f3db5660547b58f3af651a95af2c79a0f74a3,1,EXACT_SOURCE_MATCH,9.99999727018068e-06,EXACT_SOURCE_MATCH,0,4f53cda18c2baa0c0354bb5f9a3ecbe5ed12ab4d8e11ba873c2f11161202b945,EXACT_SOURCE_MATCH,0,1,1000000.0,4.036173101098792e-23,EXACT_SOURCE_MATCH,ceramic-like,EXACT_SOURCE_MATCH,True,4.344920714285204e-06,EXACT_SOURCE_MATCH,EXACT_SOURCE_MATCH,1388.0238712409846,24849586.299286023,1.25e-05,EXPLICIT_FIXTURE_INPUT,"[[59812295.72075786,-344779.39791841136],[-344779.39791841136,1730084813.989946]]",EMISSION_EVOLUTION,,"[718236225.1317774, -718047568.0919942]",True,5.173068152979108e-56,EXACT_SOURCE_MATCH,0,EXACT_SOURCE_MATCH,-0.0007237986170636889,2.499999317823028e-11,163522,SOURCE_OWNED_DYNAMIC,29.36408569112877,500546efa5ff9cdc15fd6c0e9523217b10b5f857c7858b0bccd8243c94dd3a61,500546efa5ff9cdc15fd6c0e9523217b10b5f857c7858b0bccd8243c94dd3a61,300.0,True,1.000000000111143e-06,EXACT_SOURCE_MATCH
0.18743727357525977,2.0931264360539683,5e-06,PF,125580.47811789493,EXACT_SOURCE_MATCH,EXACT_SOURCE_MATCH,v913_zeroD_sobol_0077080,"[[[-13922303.313643422,-10562316.03521371],[-10562316.03521371,1422550146.9499114]],[[-14006016.043896297,10184723.65045037],[10184723.65045037,1422089120.140092]]]",0.0,1.0,0.0,"[0.8302901566190988, 0.8300720666959955]",True,1.0500000868773896e-16,[],1,True,EXACT_SOURCE_MATCH,68d955e47461ff394c7ff1187a2f3db5660547b58f3af651a95af2c79a0f74a3,1,EXACT_SOURCE_MATCH,9.999994540363245e-06,EXACT_SOURCE_MATCH,0,4f53cda18c2baa0c0354bb5f9a3ecbe5ed12ab4d8e11ba873c2f11161202b945,EXACT_SOURCE_MATCH,0,2,1000000.0,4.0355146467998666e-23,EXACT_SOURCE_MATCH,ceramic-like,EXACT_SOURCE_MATCH,True,8.689845771203267e-06,EXACT_SOURCE_MATCH,EXACT_SOURCE_MATCH,1388.0238712409846,24849586.299286023,1.25e-05,EXPLICIT_FIXTURE_INPUT,"[[59812295.72075786,-344779.39791841136],[-344779.39791841136,1730084813.989946]]",CLEAVAGE_FIRST_PASSAGE_AND_RENEWAL,,"[718236225.1317774, -718047568.0919942]",True,5.172570311755025e-56,EXACT_SOURCE_MATCH,0,EXACT_SOURCE_MATCH,-0.0014475982032514149,2.499998635646526e-11,163524,SOURCE_OWNED_DYNAMIC,29.364077678530883,4aa2de223ade7bf14427068311312cf80dec976109731fc1a44ee202f7a5e4c4,4aa2de223ade7bf14427068311312cf80dec976109731fc1a44ee202f7a5e4c4,300.0,True,1.000000000222286e-06,EXACT_SOURCE_MATCH
4.409960814028103,1.333294726878735,0.0,PF,0.0,EXACT_SOURCE_MATCH,EXACT_SOURCE_MATCH,v913_zeroD_sobol_0077080,"[[[-2227568.530182947,-1689970.5656341934],[-1689970.5656341934,227608023.51198578]],[[-2240962.5670234067,1629555.7840720587],[1629555.7840720587,227534259.22241467]]]",0.0,1.0,0.0,"[0.8302901566190988, 0.8300720666959954]",True,0.0,[],0,False,EXACT_SOURCE_MATCH,68d955e47461ff394c7ff1187a2f3db5660547b58f3af651a95af2c79a0f74a3,1,EXACT_SOURCE_MATCH,9.999999999999999e-06,EXACT_SOURCE_MATCH,0,4f53cda18c2baa0c0354bb5f9a3ecbe5ed12ab4d8e11ba873c2f11161202b945,EXACT_SOURCE_MATCH,0,0,0.0,0.0,EXACT_SOURCE_MATCH,ceramic-like,EXACT_SOURCE_MATCH,False,0.0,EXACT_SOURCE_MATCH,EXACT_SOURCE_MATCH,35.533411103769204,3975933.8078857637,2e-06,EXPLICIT_FIXTURE_INPUT,"[[9569967.315321255,-55164.703666945745],[-55164.703666945745,276813570.23839134]]",NO_EVENT_LOADING,,"[114917796.02108437, -114887610.89471903]",False,0.0,EXACT_SOURCE_MATCH,0,EXACT_SOURCE_MATCH,0.0,2.5e-11,163513,SOURCE_OWNED_DYNAMIC,29.364093703732184,2f43d294817ce19f8a344b9f34468f102e0f44b47e3c34de0a68be0a3706eb71,2f43d294817ce19f8a344b9f34468f102e0f44b47e3c34de0a68be0a3706eb71,1000.0,False,1e-06,EXACT_SOURCE_MATCH
0.45214613227388967,1.0145489620680441,0.0,PF,251160.94815061422,EXACT_SOURCE_MATCH,EXACT_SOURCE_MATCH,v913_zeroD_sobol_0077080,"[[[-13922303.313643422,-10562316.03521371],[-10562316.03521371,1422550146.9499114]],[[-14006016.043896297,10184723.65045037],[10184723.65045037,1422089120.140092]]]",1e-06,1.0,0.0,"[0.8302901566190988, 0.8300720666959955]",True,1e-12,[],0,False,EXACT_SOURCE_MATCH,68d955e47461ff394c7ff1187a2f3db5660547b58f3af651a95af2c79a0f74a3,1,EXACT_SOURCE_MATCH,9.999978161508045e-06,EXACT_SOURCE_MATCH,0,4f53cda18c2baa0c0354bb5f9a3ecbe5ed12ab4d8e11ba873c2f11161202b945,EXACT_SOURCE_MATCH,0,1,1000000.0,45264138.49403776,EXACT_SOURCE_MATCH,ceramic-like,EXACT_SOURCE_MATCH,True,3.47593657004395e-05,EXACT_SOURCE_MATCH,EXACT_SOURCE_MATCH,1388.0238712409846,24849586.299286023,1.25e-05,EXPLICIT_FIXTURE_INPUT,"[[59812295.72075786,-344779.39791841136],[-344779.39791841136,1730084813.989946]]",EMISSION_EVOLUTION,,"[718236225.1317774, -718047568.0919942]",True,1.926296698499136e-35,EXACT_SOURCE_MATCH,0,EXACT_SOURCE_MATCH,-0.005790388934203618,2.4999945425998663e-11,163522,SOURCE_OWNED_DYNAMIC,29.36402960308862,157faae5321f4f91090c36dc499be21d0297a546ab35aaa4254442d44137519e,157faae5321f4f91090c36dc499be21d0297a546ab35aaa4254442d44137519e,1000.0,True,1.0000000008891438e-06,EXACT_SOURCE_MATCH
0.4521461322849144,1.0145493666157288,5e-06,PF,266396.41628338204,EXACT_SOURCE_MATCH,EXACT_SOURCE_MATCH,v913_zeroD_sobol_0077080,"[[[-13922303.313643422,-10562316.03521371],[-10562316.03521371,1422550146.9499114]],[[-14006016.043896297,10184723.65045037],[10184723.65045037,1422089120.140092]]]",0.0,1.0,0.0,"[0.8302901566190988, 0.8300720666959955]",True,1.0500000868773896e-16,[],1,True,EXACT_SOURCE_MATCH,68d955e47461ff394c7ff1187a2f3db5660547b58f3af651a95af2c79a0f74a3,1,EXACT_SOURCE_MATCH,9.999975431706265e-06,EXACT_SOURCE_MATCH,0,4f53cda18c2baa0c0354bb5f9a3ecbe5ed12ab4d8e11ba873c2f11161202b945,EXACT_SOURCE_MATCH,0,2,1000000.0,45262949.222138435,EXACT_SOURCE_MATCH,ceramic-like,EXACT_SOURCE_MATCH,True,3.91042907443536e-05,EXACT_SOURCE_MATCH,EXACT_SOURCE_MATCH,1388.0238712409846,24849586.299286023,1.25e-05,EXPLICIT_FIXTURE_INPUT,"[[59812295.72075786,-344779.39791841136],[-344779.39791841136,1730084813.989946]]",CLEAVAGE_FIRST_PASSAGE_AND_RENEWAL,,"[718236225.1317774, -718047568.0919942]",True,1.9264436352929889e-35,EXACT_SOURCE_MATCH,0,EXACT_SOURCE_MATCH,-0.006514188517880987,2.4999938604272777e-11,163524,SOURCE_OWNED_DYNAMIC,29.364021590536694,452899af409c0acc4daf20166287409c80d82efc4f6030cc5d9296d51aca04ae,452899af409c0acc4daf20166287409c80d82efc4f6030cc5d9296d51aca04ae,1000.0,True,1.0000000010002868e-06,EXACT_SOURCE_MATCH
4.848808084932227,0.7682886067483348,0.0,PF,0.0,EXACT_SOURCE_MATCH,EXACT_SOURCE_MATCH,v913_zeroD_sobol_0077080,"[[[-2227568.530182947,-1689970.5656341934],[-1689970.5656341934,227608023.51198578]],[[-2240962.5670234067,1629555.7840720587],[1629555.7840720587,227534259.22241467]]]",0.0,1.0,0.0,"[0.8302901566190988, 0.8300720666959954]",True,0.0,[],0,False,EXACT_SOURCE_MATCH,68d955e47461ff394c7ff1187a2f3db5660547b58f3af651a95af2c79a0f74a3,1,EXACT_SOURCE_MATCH,9.999999999999999e-06,EXACT_SOURCE_MATCH,0,4f53cda18c2baa0c0354bb5f9a3ecbe5ed12ab4d8e11ba873c2f11161202b945,EXACT_SOURCE_MATCH,0,0,0.0,0.0,EXACT_SOURCE_MATCH,ceramic-like,EXACT_SOURCE_MATCH,False,0.0,EXACT_SOURCE_MATCH,EXACT_SOURCE_MATCH,35.533411103769204,3975933.8078857637,2e-06,EXPLICIT_FIXTURE_INPUT,"[[9569967.315321255,-55164.703666945745],[-55164.703666945745,276813570.23839134]]",NO_EVENT_LOADING,,"[114917796.02108437, -114887610.89471903]",False,0.0,EXACT_SOURCE_MATCH,0,EXACT_SOURCE_MATCH,0.0,2.5e-11,163513,SOURCE_OWNED_DYNAMIC,29.364093703732184,c7c95d75b51715afb6fa497772043a5475a2f811a72cec7fad447cfca528b3ed,c7c95d75b51715afb6fa497772043a5475a2f811a72cec7fad447cfca528b3ed,1200.0,False,1e-06,EXACT_SOURCE_MATCH
0.4928570537418175,0.6003463314227574,0.0,PF,5410536.123506928,EXACT_SOURCE_MATCH,EXACT_SOURCE_MATCH,v913_zeroD_sobol_0077080,"[[[-13922303.313643422,-10562316.03521371],[-10562316.03521371,1422550146.9499114]],[[-14006016.043896297,10184723.65045037],[10184723.65045037,1422089120.140092]]]",1e-06,1.0,0.0,"[0.8302901566190988, 0.8300720666959955]",True,1e-12,[],0,False,EXACT_SOURCE_MATCH,68d955e47461ff394c7ff1187a2f3db5660547b58f3af651a95af2c79a0f74a3,1,EXACT_SOURCE_MATCH,9.98988092422714e-06,EXACT_SOURCE_MATCH,0,4f53cda18c2baa0c0354bb5f9a3ecbe5ed12ab4d8e11ba873c2f11161202b945,EXACT_SOURCE_MATCH,0,1,1000000.0,17675738341.580967,EXACT_SOURCE_MATCH,ceramic-like,EXACT_SOURCE_MATCH,True,0.016130514173011937,EXACT_SOURCE_MATCH,EXACT_SOURCE_MATCH,1388.0238712409846,24849586.299286023,1.25e-05,EXPLICIT_FIXTURE_INPUT,"[[59812295.72075786,-344779.39791841136],[-344779.39791841136,1730084813.989946]]",EMISSION_EVOLUTION,,"[718236225.1317774, -718047568.0919942]",True,3.6290954514458337e-31,EXACT_SOURCE_MATCH,0,EXACT_SOURCE_MATCH,-2.687098865775365,2.4974712615585816e-11,163522,SOURCE_OWNED_DYNAMIC,29.334392058713767,7f62f624073f63f948750f85ab20025aae60fd8b8ac18ee5c7054cb0dec9586a,7f62f624073f63f948750f85ab20025aae60fd8b8ac18ee5c7054cb0dec9586a,1200.0,True,1.00000041261825e-06,EXACT_SOURCE_MATCH
0.4928570537568723,0.6003463641719692,5e-06,PF,5411993.309979928,EXACT_SOURCE_MATCH,EXACT_SOURCE_MATCH,v913_zeroD_sobol_0077080,"[[[-13922303.313643422,-10562316.03521371],[-10562316.03521371,1422550146.9499114]],[[-14006016.043896297,10184723.65045037],[10184723.65045037,1422089120.140092]]]",0.0,1.0,0.0,"[0.8302901566190988, 0.8300720666959955]",True,1.0500000868773896e-16,[],1,True,EXACT_SOURCE_MATCH,68d955e47461ff394c7ff1187a2f3db5660547b58f3af651a95af2c79a0f74a3,1,EXACT_SOURCE_MATCH,9.989875481152064e-06,EXACT_SOURCE_MATCH,0,4f53cda18c2baa0c0354bb5f9a3ecbe5ed12ab4d8e11ba873c2f11161202b945,EXACT_SOURCE_MATCH,0,2,1000000.0,17662950743.518433,EXACT_SOURCE_MATCH,ceramic-like,EXACT_SOURCE_MATCH,True,0.016139204012561616,EXACT_SOURCE_MATCH,EXACT_SOURCE_MATCH,1388.0238712409846,24849586.299286023,1.25e-05,EXPLICIT_FIXTURE_INPUT,"[[59812295.72075786,-344779.39791841136],[-344779.39791841136,1730084813.989946]]",CLEAVAGE_FIRST_PASSAGE_AND_RENEWAL,,"[718236225.1317774, -718047568.0919942]",False,3.6290954514458337e-31,EXACT_SOURCE_MATCH,0,EXACT_SOURCE_MATCH,-2.6885464630055185,2.497469901344403e-11,163524,SOURCE_OWNED_DYNAMIC,29.33437608213113,5fda88a209d4d28ac9a534dd486016bf240e479e0568e7ea16ee260eb345dd76,5fda88a209d4d28ac9a534dd486016bf240e479e0568e7ea16ee260eb345dd76,1200.0,True,1.0000004128405357e-06,EXACT_SOURCE_MATCH
1.5127378191342158,1.7989416193797407,0.0,FEMCZM,0.0,EXACT_SOURCE_MATCH,EXACT_SOURCE_MATCH,v913_zeroD_sobol_0242980,"[[[2054313851.7319014,114347778.86851238],[114347778.86851238,3369784002.86551]],[[2047714924.6770573,-122574921.0619689],[-122574921.0619689,3370761762.728746]]]",0.0,0.8573135604369198,0.0,"[0.4364054708350312, 0.4389190266302769]",True,0.0,"[0.0, 0.0]",0,False,EXACT_SOURCE_MATCH,dac0fd5e4df0c08676b79342826f327bfe0a957d3e1472d5bcd61eda1dc85b74,1,EXACT_SOURCE_MATCH,9.999999999999999e-06,EXACT_SOURCE_MATCH,0,2f9617d7e5d71b7128addb406afac9ee9f6e5a172bc78ebaa903772f4b9e1b86,EXACT_SOURCE_MATCH,0,0,0.0,0.0,EXACT_SOURCE_MATCH,Peak,EXACT_SOURCE_MATCH,False,0.0,EXACT_SOURCE_MATCH,EXACT_SOURCE_MATCH,187.9093763745355,9143130.551279135,2e-06,EXPLICIT_FIXTURE_INPUT,"[[2383621655.006647,-4421744.932666104],[-4421744.932666104,3014299110.7320633]]",NO_EVENT_LOADING,187.82228015548955,"[657735075.5668042, -661523419.0258445]",False,0.0,EXACT_SOURCE_MATCH,1,EXACT_SOURCE_MATCH,0.0,2.5e-11,4306,SOURCE_OWNED_DYNAMIC,352563.0211119992,016ed424b0157948e50332d74796807ee57304539650bc73189d548976d0defe,016ed424b0157948e50332d74796807ee57304539650bc73189d548976d0defe,300.0,False,1e-06,EXACT_SOURCE_MATCH
0.05940599999007849,1.346426654873783,0.0,FEMCZM,0.0,EXACT_SOURCE_MATCH,EXACT_SOURCE_MATCH,v913_zeroD_sobol_0242980,"[[[12839461573.324387,714673617.9282022],[714673617.9282022,21061150017.90944]],[[12798218279.231613,-766093256.6373057],[-766093256.6373057,21067261017.05467]]]",1.16643436677983e-06,0.8573135604369198,0.0,"[0.4364054708350311, 0.4389190266302768]",True,1e-12,"[1.8768036866594904e-24, 1.9787139136355177e-24]",0,False,EXACT_SOURCE_MATCH,dac0fd5e4df0c08676b79342826f327bfe0a957d3e1472d5bcd61eda1dc85b74,1,EXACT_SOURCE_MATCH,9.999999999999999e-06,EXACT_SOURCE_MATCH,0,2f9617d7e5d71b7128addb406afac9ee9f6e5a172bc78ebaa903772f4b9e1b86,EXACT_SOURCE_MATCH,0,1,1000000.0,1.4823306280540637e-11,EXACT_SOURCE_MATCH,Peak,EXACT_SOURCE_MATCH,False,0.0,EXACT_SOURCE_MATCH,EXACT_SOURCE_MATCH,7340.210014630293,57144565.94549459,1.25e-05,EXPLICIT_FIXTURE_INPUT,"[[14897635343.791546,-27635905.82916308],[-27635905.82916308,18839369442.075397]]",EMISSION_EVOLUTION,7336.807818573811,"[4110844222.2925262, -4134521368.911528]",False,0.0,EXACT_SOURCE_MATCH,1,EXACT_SOURCE_MATCH,0.0,2.5e-11,4312,SOURCE_OWNED_DYNAMIC,352563.0211119992,1111355fe8ff84afc9cadf0fa8329d9737492437a39ae99014c64471f820f61b,1111355fe8ff84afc9cadf0fa8329d9737492437a39ae99014c64471f820f61b,300.0,False,1e-06,EXACT_SOURCE_MATCH
0.05940599999007849,1.346426654873783,3.939081633829308e-06,FEMCZM,0.0,EXACT_SOURCE_MATCH,EXACT_SOURCE_MATCH,v913_zeroD_sobol_0242980,"[[[12839461573.324387,714673617.9282022],[714673617.9282022,21061150017.90944]],[[12798218279.231613,-766093256.6373057],[-766093256.6373057,21067261017.05467]]]",0.0,0.14625818600138327,0.0,"[0.4364054708350311, 0.4389190266302768]",True,9.001793129399298e-17,"[1.8774529300357365e-24, 1.979399033625583e-24]",1,True,EXACT_SOURCE_MATCH,dac0fd5e4df0c08676b79342826f327bfe0a957d3e1472d5bcd61eda1dc85b74,1,EXACT_SOURCE_MATCH,9.999999999999999e-06,EXACT_SOURCE_MATCH,0,2f9617d7e5d71b7128addb406afac9ee9f6e5a172bc78ebaa903772f4b9e1b86,EXACT_SOURCE_MATCH,0,2,1000000.0,1.4823306280540637e-11,EXACT_SOURCE_MATCH,Peak,EXACT_SOURCE_MATCH,False,0.0,EXACT_SOURCE_MATCH,EXACT_SOURCE_MATCH,7340.210014630293,57144565.94549459,1.25e-05,EXPLICIT_FIXTURE_INPUT,"[[14897635343.791546,-27635905.82916308],[-27635905.82916308,18839369442.075397]]",CLEAVAGE_FIRST_PASSAGE_AND_RENEWAL,7336.807818573811,"[4110844222.2925262, -4134521368.911528]",False,0.0,EXACT_SOURCE_MATCH,1,EXACT_SOURCE_MATCH,0.0,2.5e-11,4314,SOURCE_OWNED_DYNAMIC,352563.0211119992,b94b7ff5e520942631e1c48261793534ef94c8248302cdcc9aed8b319bbd04a4,b94b7ff5e520942631e1c48261793534ef94c8248302cdcc9aed8b319bbd04a4,300.0,False,1e-06,EXACT_SOURCE_MATCH
4.5282181050722246,2.445290892724656,0.0,FEMCZM,0.0,EXACT_SOURCE_MATCH,EXACT_SOURCE_MATCH,v913_zeroD_sobol_0242980,"[[[2054313851.7319014,114347778.86851238],[114347778.86851238,3369784002.86551]],[[2047714924.6770573,-122574921.0619689],[-122574921.0619689,3370761762.728746]]]",0.0,0.8573135604369198,0.0,"[0.4364054708350312, 0.4389190266302769]",True,0.0,"[0.0, 0.0]",0,False,EXACT_SOURCE_MATCH,dac0fd5e4df0c08676b79342826f327bfe0a957d3e1472d5bcd61eda1dc85b74,1,EXACT_SOURCE_MATCH,9.999999999999999e-06,EXACT_SOURCE_MATCH,0,2f9617d7e5d71b7128addb406afac9ee9f6e5a172bc78ebaa903772f4b9e1b86,EXACT_SOURCE_MATCH,0,0,0.0,0.0,EXACT_SOURCE_MATCH,Peak,EXACT_SOURCE_MATCH,False,0.0,EXACT_SOURCE_MATCH,EXACT_SOURCE_MATCH,187.9093763745355,9143130.551279135,2e-06,EXPLICIT_FIXTURE_INPUT,"[[2383621655.006647,-4421744.932666104],[-4421744.932666104,3014299110.7320633]]",NO_EVENT_LOADING,187.82228015548955,"[657735075.5668042, -661523419.0258445]",False,0.0,EXACT_SOURCE_MATCH,1,EXACT_SOURCE_MATCH,0.0,2.5e-11,4306,SOURCE_OWNED_DYNAMIC,352563.0211119992,016ed424b0157948e50332d74796807ee57304539650bc73189d548976d0defe,016ed424b0157948e50332d74796807ee57304539650bc73189d548976d0defe,1000.0,False,1e-06,EXACT_SOURCE_MATCH
0.16956764002694683,1.9024342724780117,0.0,FEMCZM,0.0,EXACT_SOURCE_MATCH,EXACT_SOURCE_MATCH,v913_zeroD_sobol_0242980,"[[[12839461573.324387,714673617.9282022],[714673617.9282022,21061150017.90944]],[[12798218279.231613,-766093256.6373057],[-766093256.6373057,21067261017.05467]]]",1.16643436677983e-06,0.8573135604369198,0.0,"[0.4364054708350311, 0.4389190266302768]",True,1e-12,"[5.198222633082011e-08, 5.2813195441509065e-08]",0,False,EXACT_SOURCE_MATCH,dac0fd5e4df0c08676b79342826f327bfe0a957d3e1472d5bcd61eda1dc85b74,1,EXACT_SOURCE_MATCH,9.999999999999999e-06,EXACT_SOURCE_MATCH,0,2f9617d7e5d71b7128addb406afac9ee9f6e5a172bc78ebaa903772f4b9e1b86,EXACT_SOURCE_MATCH,0,1,1000000.0,268089.7266638509,EXACT_SOURCE_MATCH,Peak,EXACT_SOURCE_MATCH,False,0.0,EXACT_SOURCE_MATCH,EXACT_SOURCE_MATCH,7340.210014630293,57144565.94549459,1.25e-05,EXPLICIT_FIXTURE_INPUT,"[[14897635343.791546,-27635905.82916308],[-27635905.82916308,18839369442.075397]]",EMISSION_EVOLUTION,7336.807818573811,"[4110844222.2925262, -4134521368.911528]",False,0.0,EXACT_SOURCE_MATCH,1,EXACT_SOURCE_MATCH,0.0,2.5e-11,4312,SOURCE_OWNED_DYNAMIC,352563.0211119992,a7cd0b7171d5795be0ad828d005db95b9b15a4bddd459d75bceaee24eb54c709,a7cd0b7171d5795be0ad828d005db95b9b15a4bddd459d75bceaee24eb54c709,1000.0,False,1e-06,EXACT_SOURCE_MATCH
0.16956764002694683,1.9024342724780117,3.939081633829308e-06,FEMCZM,0.0,EXACT_SOURCE_MATCH,EXACT_SOURCE_MATCH,v913_zeroD_sobol_0242980,"[[[12839461573.324387,714673617.9282022],[714673617.9282022,21061150017.90944]],[[12798218279.231613,-766093256.6373057],[-766093256.6373057,21067261017.05467]]]",0.0,0.14625818600138327,0.0,"[0.4364054708350311, 0.4389190266302768]",True,9.001793129399298e-17,"[5.19941767797825e-08, 5.282537787514213e-08]",1,True,EXACT_SOURCE_MATCH,dac0fd5e4df0c08676b79342826f327bfe0a957d3e1472d5bcd61eda1dc85b74,1,EXACT_SOURCE_MATCH,9.999999999999999e-06,EXACT_SOURCE_MATCH,0,2f9617d7e5d71b7128addb406afac9ee9f6e5a172bc78ebaa903772f4b9e1b86,EXACT_SOURCE_MATCH,0,2,1000000.0,268089.7266638509,EXACT_SOURCE_MATCH,Peak,EXACT_SOURCE_MATCH,False,0.0,EXACT_SOURCE_MATCH,EXACT_SOURCE_MATCH,7340.210014630293,57144565.94549459,1.25e-05,EXPLICIT_FIXTURE_INPUT,"[[14897635343.791546,-27635905.82916308],[-27635905.82916308,18839369442.075397]]",CLEAVAGE_FIRST_PASSAGE_AND_RENEWAL,7336.807818573811,"[4110844222.2925262, -4134521368.911528]",False,0.0,EXACT_SOURCE_MATCH,1,EXACT_SOURCE_MATCH,0.0,2.5e-11,4314,SOURCE_OWNED_DYNAMIC,352563.0211119992,0d79aaa1b3bf8751fe7434767659e06d7b827663534b27818b871fb5fe1987fb,0d79aaa1b3bf8751fe7434767659e06d7b827663534b27818b871fb5fe1987fb,1000.0,False,1e-06,EXACT_SOURCE_MATCH
5.27446310192521,2.630606056274724,0.0,FEMCZM,0.0,EXACT_SOURCE_MATCH,EXACT_SOURCE_MATCH,v913_zeroD_sobol_0242980,"[[[2054313851.7319014,114347778.86851238],[114347778.86851238,3369784002.86551]],[[2047714924.6770573,-122574921.0619689],[-122574921.0619689,3370761762.728746]]]",0.0,0.8573135604369198,0.0,"[0.4364054708350312, 0.4389190266302769]",True,0.0,"[0.0, 0.0]",0,False,EXACT_SOURCE_MATCH,dac0fd5e4df0c08676b79342826f327bfe0a957d3e1472d5bcd61eda1dc85b74,1,EXACT_SOURCE_MATCH,9.999999999999999e-06,EXACT_SOURCE_MATCH,0,2f9617d7e5d71b7128addb406afac9ee9f6e5a172bc78ebaa903772f4b9e1b86,EXACT_SOURCE_MATCH,0,0,0.0,0.0,EXACT_SOURCE_MATCH,Peak,EXACT_SOURCE_MATCH,False,0.0,EXACT_SOURCE_MATCH,EXACT_SOURCE_MATCH,187.9093763745355,9143130.551279135,2e-06,EXPLICIT_FIXTURE_INPUT,"[[2383621655.006647,-4421744.932666104],[-4421744.932666104,3014299110.7320633]]",NO_EVENT_LOADING,187.82228015548955,"[657735075.5668042, -661523419.0258445]",False,0.0,EXACT_SOURCE_MATCH,1,EXACT_SOURCE_MATCH,0.0,2.5e-11,4306,SOURCE_OWNED_DYNAMIC,352563.0211119992,016ed424b0157948e50332d74796807ee57304539650bc73189d548976d0defe,016ed424b0157948e50332d74796807ee57304539650bc73189d548976d0defe,1200.0,False,1e-06,EXACT_SOURCE_MATCH
0.19782560671325183,2.0657946426478655,0.0,FEMCZM,0.0,EXACT_SOURCE_MATCH,EXACT_SOURCE_MATCH,v913_zeroD_sobol_0242980,"[[[12839461573.324387,714673617.9282022],[714673617.9282022,21061150017.90944]],[[12798218279.231613,-766093256.6373057],[-766093256.6373057,21067261017.05467]]]",1.16643436677983e-06,0.8573135604369198,0.0,"[0.4364054708350311, 0.4389190266302768]",True,1e-12,"[8.033260722165195e-07, 8.140468347634132e-07]",0,False,EXACT_SOURCE_MATCH,dac0fd5e4df0c08676b79342826f327bfe0a957d3e1472d5bcd61eda1dc85b74,1,EXACT_SOURCE_MATCH,9.999999999999999e-06,EXACT_SOURCE_MATCH,0,2f9617d7e5d71b7128addb406afac9ee9f6e5a172bc78ebaa903772f4b9e1b86,EXACT_SOURCE_MATCH,0,1,1000000.0,3813749.020026821,EXACT_SOURCE_MATCH,Peak,EXACT_SOURCE_MATCH,False,0.0,EXACT_SOURCE_MATCH,EXACT_SOURCE_MATCH,7340.210014630293,57144565.94549459,1.25e-05,EXPLICIT_FIXTURE_INPUT,"[[14897635343.791546,-27635905.82916308],[-27635905.82916308,18839369442.075397]]",EMISSION_EVOLUTION,7336.807818573811,"[4110844222.2925262, -4134521368.911528]",False,0.0,EXACT_SOURCE_MATCH,1,EXACT_SOURCE_MATCH,0.0,2.5e-11,4312,SOURCE_OWNED_DYNAMIC,352563.0211119992,7442f8272ca3e0e4d787215715781cd25a3b89ece578212ef5b510db30be5d11,7442f8272ca3e0e4d787215715781cd25a3b89ece578212ef5b510db30be5d11,1200.0,False,1e-06,EXACT_SOURCE_MATCH
0.19782560671325183,2.0657946426478655,3.939081633829308e-06,FEMCZM,0.0,EXACT_SOURCE_MATCH,EXACT_SOURCE_MATCH,v913_zeroD_sobol_0242980,"[[[12839461573.324387,714673617.9282022],[714673617.9282022,21061150017.90944]],[[12798218279.231613,-766093256.6373057],[-766093256.6373057,21067261017.05467]]]",0.0,0.14625818600138327,0.0,"[0.4364054708350311, 0.4389190266302768]",True,9.001793129399298e-17,"[8.034962968061771e-07, 8.142199159710128e-07]",1,True,EXACT_SOURCE_MATCH,dac0fd5e4df0c08676b79342826f327bfe0a957d3e1472d5bcd61eda1dc85b74,1,EXACT_SOURCE_MATCH,9.999999999999999e-06,EXACT_SOURCE_MATCH,0,2f9617d7e5d71b7128addb406afac9ee9f6e5a172bc78ebaa903772f4b9e1b86,EXACT_SOURCE_MATCH,0,2,1000000.0,3813749.020026821,EXACT_SOURCE_MATCH,Peak,EXACT_SOURCE_MATCH,False,0.0,EXACT_SOURCE_MATCH,EXACT_SOURCE_MATCH,7340.210014630293,57144565.94549459,1.25e-05,EXPLICIT_FIXTURE_INPUT,"[[14897635343.791546,-27635905.82916308],[-27635905.82916308,18839369442.075397]]",CLEAVAGE_FIRST_PASSAGE_AND_RENEWAL,7336.807818573811,"[4110844222.2925262, -4134521368.911528]",False,0.0,EXACT_SOURCE_MATCH,1,EXACT_SOURCE_MATCH,0.0,2.5e-11,4314,SOURCE_OWNED_DYNAMIC,352563.0211119992,3baf2856c44a0215aa5c6ce02a4bcb057855803141b777b2d234edd4913072df,3baf2856c44a0215aa5c6ce02a4bcb057855803141b777b2d234edd4913072df,1200.0,False,1e-06,EXACT_SOURCE_MATCH
1.2269350103762036,1.9065980099734035,0.0,FEMCZM,0.0,EXACT_SOURCE_MATCH,EXACT_SOURCE_MATCH,v913_zeroD_sobol_0202500,"[[[2054313851.7319014,114347778.86851238],[114347778.86851238,3369784002.86551]],[[2047714924.6770573,-122574921.0619689],[-122574921.0619689,3370761762.728746]]]",0.0,0.4440559965529964,0.0,"[0.4364054708350312, 0.4389190266302769]",True,0.0,"[0.0, 0.0]",0,False,EXACT_SOURCE_MATCH,dac0fd5e4df0c08676b79342826f327bfe0a957d3e1472d5bcd61eda1dc85b74,1,EXACT_SOURCE_MATCH,9.999999999999999e-06,EXACT_SOURCE_MATCH,0,2f9617d7e5d71b7128addb406afac9ee9f6e5a172bc78ebaa903772f4b9e1b86,EXACT_SOURCE_MATCH,0,0,0.0,0.0,EXACT_SOURCE_MATCH,DBTT,EXACT_SOURCE_MATCH,False,0.0,EXACT_SOURCE_MATCH,EXACT_SOURCE_MATCH,187.9093763745355,9143130.551279135,2e-06,EXPLICIT_FIXTURE_INPUT,"[[2383621655.006647,-4421744.932666104],[-4421744.932666104,3014299110.7320633]]",NO_EVENT_LOADING,187.82228015548955,"[657735075.5668042, -661523419.0258445]",False,0.0,EXACT_SOURCE_MATCH,1,EXACT_SOURCE_MATCH,0.0,2.5e-11,4306,SOURCE_OWNED_DYNAMIC,13098.721493975596,d01ade3b92ae1ab8308acfc649d1a7b211aa4604d356a3990d4c25a43066ae64,d01ade3b92ae1ab8308acfc649d1a7b211aa4604d356a3990d4c25a43066ae64,300.0,False,1e-06,EXACT_SOURCE_MATCH
0.03520016383288259,1.4946520294827552,0.0,FEMCZM,0.0,EXACT_SOURCE_MATCH,EXACT_SOURCE_MATCH,v913_zeroD_sobol_0202500,"[[[12839461573.324387,714673617.9282022],[714673617.9282022,21061150017.90944]],[[12798218279.231613,-766093256.6373057],[-766093256.6373057,21067261017.05467]]]",1.9307812678027324e-06,0.4440559965529964,0.0,"[0.4364054708350311, 0.4389190266302768]",True,1e-12,"[4.299139509241481e-27, 4.522810630777287e-27]",0,False,EXACT_SOURCE_MATCH,dac0fd5e4df0c08676b79342826f327bfe0a957d3e1472d5bcd61eda1dc85b74,1,EXACT_SOURCE_MATCH,9.999999999999999e-06,EXACT_SOURCE_MATCH,0,2f9617d7e5d71b7128addb406afac9ee9f6e5a172bc78ebaa903772f4b9e1b86,EXACT_SOURCE_MATCH,0,1,1000000.0,3.9114525238730656e-14,EXACT_SOURCE_MATCH,DBTT,EXACT_SOURCE_MATCH,False,0.0,EXACT_SOURCE_MATCH,EXACT_SOURCE_MATCH,7340.210014630293,57144565.94549459,1.25e-05,EXPLICIT_FIXTURE_INPUT,"[[14897635343.791546,-27635905.82916308],[-27635905.82916308,18839369442.075397]]",EMISSION_EVOLUTION,7336.807818573811,"[4110844222.2925262, -4134521368.911528]",False,0.0,EXACT_SOURCE_MATCH,1,EXACT_SOURCE_MATCH,0.0,2.5e-11,4312,SOURCE_OWNED_DYNAMIC,13098.721493975596,fc223ab83bd49cb0eb9ad5b1d5dca2dd9f9f302346e4e74a439e98d7ca4beafe,fc223ab83bd49cb0eb9ad5b1d5dca2dd9f9f302346e4e74a439e98d7ca4beafe,300.0,False,1e-06,EXACT_SOURCE_MATCH
0.03520016383288259,1.4946520294827552,2.2973400956248734e-06,FEMCZM,0.0,EXACT_SOURCE_MATCH,EXACT_SOURCE_MATCH,v913_zeroD_sobol_0202500,"[[[12839461573.324387,714673617.9282022],[714673617.9282022,21061150017.90944]],[[12798218279.231613,-766093256.6373057],[-766093256.6373057,21067261017.05467]]]",0.0,0.3368891321838584,0.0,"[0.4364054708350311, 0.4389190266302768]",True,4.66258834959072e-17,"[4.300028076613667e-27, 4.52374581270188e-27]",1,True,EXACT_SOURCE_MATCH,dac0fd5e4df0c08676b79342826f327bfe0a957d3e1472d5bcd61eda1dc85b74,1,EXACT_SOURCE_MATCH,9.999999999999999e-06,EXACT_SOURCE_MATCH,0,2f9617d7e5d71b7128addb406afac9ee9f6e5a172bc78ebaa903772f4b9e1b86,EXACT_SOURCE_MATCH,0,2,1000000.0,3.911452523873039e-14,EXACT_SOURCE_MATCH,DBTT,EXACT_SOURCE_MATCH,False,0.0,EXACT_SOURCE_MATCH,EXACT_SOURCE_MATCH,7340.210014630293,57144565.94549459,1.25e-05,EXPLICIT_FIXTURE_INPUT,"[[14897635343.791546,-27635905.82916308],[-27635905.82916308,18839369442.075397]]",CLEAVAGE_FIRST_PASSAGE_AND_RENEWAL,7336.807818573811,"[4110844222.2925262, -4134521368.911528]",False,0.0,EXACT_SOURCE_MATCH,1,EXACT_SOURCE_MATCH,0.0,2.5e-11,4314,SOURCE_OWNED_DYNAMIC,13098.721493975596,65217115c7c72d81438e9e6c589d49abe1fa6dcc2cd844bd0a0de7a682f9e9fc,65217115c7c72d81438e9e6c589d49abe1fa6dcc2cd844bd0a0de7a682f9e9fc,300.0,False,1e-06,EXACT_SOURCE_MATCH
4.651316899927772,0.13022182305383045,0.0,FEMCZM,0.0,EXACT_SOURCE_MATCH,EXACT_SOURCE_MATCH,v913_zeroD_sobol_0202500,"[[[2054313851.7319014,114347778.86851238],[114347778.86851238,3369784002.86551]],[[2047714924.6770573,-122574921.0619689],[-122574921.0619689,3370761762.728746]]]",0.0,0.4440559965529964,0.0,"[0.4364054708350312, 0.4389190266302769]",True,0.0,"[0.0, 0.0]",0,False,EXACT_SOURCE_MATCH,dac0fd5e4df0c08676b79342826f327bfe0a957d3e1472d5bcd61eda1dc85b74,1,EXACT_SOURCE_MATCH,9.999999999999999e-06,EXACT_SOURCE_MATCH,0,2f9617d7e5d71b7128addb406afac9ee9f6e5a172bc78ebaa903772f4b9e1b86,EXACT_SOURCE_MATCH,0,0,0.0,0.0,EXACT_SOURCE_MATCH,DBTT,EXACT_SOURCE_MATCH,False,0.0,EXACT_SOURCE_MATCH,EXACT_SOURCE_MATCH,187.9093763745355,9143130.551279135,2e-06,EXPLICIT_FIXTURE_INPUT,"[[2383621655.006647,-4421744.932666104],[-4421744.932666104,3014299110.7320633]]",NO_EVENT_LOADING,187.82228015548955,"[657735075.5668042, -661523419.0258445]",False,0.0,EXACT_SOURCE_MATCH,1,EXACT_SOURCE_MATCH,0.0,2.5e-11,4306,SOURCE_OWNED_DYNAMIC,13098.721493975596,d01ade3b92ae1ab8308acfc649d1a7b211aa4604d356a3990d4c25a43066ae64,d01ade3b92ae1ab8308acfc649d1a7b211aa4604d356a3990d4c25a43066ae64,1000.0,False,1e-06,EXACT_SOURCE_MATCH
0.13819647081911876,0.06789099438463231,0.0,FEMCZM,603446772.2948298,EXACT_SOURCE_MATCH,EXACT_SOURCE_MATCH,v913_zeroD_sobol_0202500,"[[[12839461573.324387,714673617.9282022],[714673617.9282022,21061150017.90944]],[[12798218279.231613,-766093256.6373057],[-766093256.6373057,21067261017.05467]]]",1.9307812678027324e-06,0.4440559965529964,0.0,"[0.4364054708350311, 0.4389190266302768]",True,1e-12,"[0.570984640807769, 4.199038361415726]",0,False,EXACT_SOURCE_MATCH,dac0fd5e4df0c08676b79342826f327bfe0a957d3e1472d5bcd61eda1dc85b74,1,EXACT_SOURCE_MATCH,1.951215371176161e-06,EXACT_SOURCE_MATCH,0,2f9617d7e5d71b7128addb406afac9ee9f6e5a172bc78ebaa903772f4b9e1b86,EXACT_SOURCE_MATCH,0,1,1000000.0,231502978038617.88,EXACT_SOURCE_MATCH,DBTT,EXACT_SOURCE_MATCH,True,78.2665138725576,EXACT_SOURCE_MATCH,EXACT_SOURCE_MATCH,7340.210014630293,57144565.94549459,1.25e-05,EXPLICIT_FIXTURE_INPUT,"[[14897635343.791546,-27635905.82916308],[-27635905.82916308,18839369442.075397]]",EMISSION_EVOLUTION,7336.807818573811,"[4110844222.2925262, -4134521368.911528]",True,125.20045654169124,EXACT_SOURCE_MATCH,1,EXACT_SOURCE_MATCH,-20938.233057304416,5.0656235926003795e-12,4312,SOURCE_OWNED_DYNAMIC,2654.1277053113786,53e69e1b9b5ac180b6ca3b28b88e9035e01a0b6a2d949f4763458b82e12a99e3,53e69e1b9b5ac180b6ca3b28b88e9035e01a0b6a2d949f4763458b82e12a99e3,1000.0,True,1.038455040367359e-06,EXACT_SOURCE_MATCH
0.13819647081713443,0.0678909943770533,2.2973400956248734e-06,FEMCZM,603446610.4571004,EXACT_SOURCE_MATCH,EXACT_SOURCE_MATCH,v913_zeroD_sobol_0202500,"[[[13895615999.029758,3314933918.438467],[3314933918.438467,23631177366.519215]],[[13855636769.460882,-3376700422.5457387],[-3376700422.5457387,23647814680.77204]]]",0.0,0.3368891321838584,0.0,"[0.4759740620073486, 0.47874205918002566]",True,4.66258834959072e-17,"[0.5764497643271818, 4.204508391251366]",1,True,EXACT_SOURCE_MATCH,dac0fd5e4df0c08676b79342826f327bfe0a957d3e1472d5bcd61eda1dc85b74,1,EXACT_SOURCE_MATCH,1.9512158748452646e-06,EXACT_SOURCE_MATCH,0,2f9617d7e5d71b7128addb406afac9ee9f6e5a172bc78ebaa903772f4b9e1b86,EXACT_SOURCE_MATCH,0,2,1000000.0,234529707004502.97,EXACT_SOURCE_MATCH,DBTT,EXACT_SOURCE_MATCH,True,78.25751985575636,EXACT_SOURCE_MATCH,EXACT_SOURCE_MATCH,7340.210014630293,57144565.94549459,1.25e-05,EXPLICIT_FIXTURE_INPUT,"[[18756300753.88387,-33961704.17327474],[-33961704.17327474,20453295186.47683]]",CLEAVAGE_FIRST_PASSAGE_AND_RENEWAL,7336.807818573811,"[4867780683.744728, -4896088955.655581]",True,125.20945054014132,EXACT_SOURCE_MATCH,1,EXACT_SOURCE_MATCH,-20939.73920474863,5.065624900192468e-12,4314,SOURCE_OWNED_DYNAMIC,2654.128390422762,59639edc71b8ec779af0e911cf1f113f57fa5a6411b0e4571b2a5b5e1d1ee011,59639edc71b8ec779af0e911cf1f113f57fa5a6411b0e4571b2a5b5e1d1ee011,1000.0,True,1.038455040366906e-06,EXACT_SOURCE_MATCH
5.565005452452596,0.08063161593978066,0.0,FEMCZM,0.0,EXACT_SOURCE_MATCH,EXACT_SOURCE_MATCH,v913_zeroD_sobol_0202500,"[[[2054313851.7319014,114347778.86851238],[114347778.86851238,3369784002.86551]],[[2047714924.6770573,-122574921.0619689],[-122574921.0619689,3370761762.728746]]]",0.0,0.4440559965529964,0.0,"[0.4364054708350312, 0.4389190266302769]",True,0.0,"[0.0, 0.0]",0,False,EXACT_SOURCE_MATCH,dac0fd5e4df0c08676b79342826f327bfe0a957d3e1472d5bcd61eda1dc85b74,1,EXACT_SOURCE_MATCH,9.999999999999999e-06,EXACT_SOURCE_MATCH,0,2f9617d7e5d71b7128addb406afac9ee9f6e5a172bc78ebaa903772f4b9e1b86,EXACT_SOURCE_MATCH,0,0,0.0,0.0,EXACT_SOURCE_MATCH,DBTT,EXACT_SOURCE_MATCH,False,0.0,EXACT_SOURCE_MATCH,EXACT_SOURCE_MATCH,187.9093763745355,9143130.551279135,2e-06,EXPLICIT_FIXTURE_INPUT,"[[2383621655.006647,-4421744.932666104],[-4421744.932666104,3014299110.7320633]]",NO_EVENT_LOADING,187.82228015548955,"[657735075.5668042, -661523419.0258445]",False,0.0,EXACT_SOURCE_MATCH,1,EXACT_SOURCE_MATCH,0.0,2.5e-11,4306,SOURCE_OWNED_DYNAMIC,13098.721493975596,d01ade3b92ae1ab8308acfc649d1a7b211aa4604d356a3990d4c25a43066ae64,d01ade3b92ae1ab8308acfc649d1a7b211aa4604d356a3990d4c25a43066ae64,1200.0,False,1e-06,EXACT_SOURCE_MATCH
0.16762788702951611,0.08063161593978066,0.0,FEMCZM,704767382.698005,EXACT_SOURCE_MATCH,EXACT_SOURCE_MATCH,v913_zeroD_sobol_0202500,"[[[12839461573.324387,714673617.9282022],[714673617.9282022,21061150017.90944]],[[12798218279.231613,-766093256.6373057],[-766093256.6373057,21067261017.05467]]]",1.9307812678027324e-06,0.4440559965529964,0.0,"[0.4364054708350311, 0.4389190266302768]",True,1e-12,"[0.26599609530463425, 0.5901010676191555]",0,False,EXACT_SOURCE_MATCH,dac0fd5e4df0c08676b79342826f327bfe0a957d3e1472d5bcd61eda1dc85b74,1,EXACT_SOURCE_MATCH,1.6793486410340364e-06,EXACT_SOURCE_MATCH,0,2f9617d7e5d71b7128addb406afac9ee9f6e5a172bc78ebaa903772f4b9e1b86,EXACT_SOURCE_MATCH,0,1,1000000.0,212301090223907.88,EXACT_SOURCE_MATCH,DBTT,EXACT_SOURCE_MATCH,True,82.56948771670042,EXACT_SOURCE_MATCH,EXACT_SOURCE_MATCH,7340.210014630293,57144565.94549459,1.25e-05,EXPLICIT_FIXTURE_INPUT,"[[14897635343.791546,-27635905.82916308],[-27635905.82916308,18839369442.075397]]",EMISSION_EVOLUTION,7336.807818573811,"[4110844222.2925262, -4134521368.911528]",True,194.8024361071121,EXACT_SOURCE_MATCH,1,EXACT_SOURCE_MATCH,-32584.643256363084,4.418462889440433e-12,4312,SOURCE_OWNED_DYNAMIC,2315.0485928098765,4f57e28f3f4b3eca36c9f937b8b12eb3c714aaacde932764bc8f42d7dd9fa938,4f57e28f3f4b3eca36c9f937b8b12eb3c714aaacde932764bc8f42d7dd9fa938,1200.0,True,1.0524230124650763e-06,EXACT_SOURCE_MATCH
0.16762788702877707,0.08063161593978066,2.2973400956248734e-06,FEMCZM,704767258.9331594,EXACT_SOURCE_MATCH,EXACT_SOURCE_MATCH,v913_zeroD_sobol_0202500,"[[[13895615999.029758,3314933918.438467],[3314933918.438467,23631177366.519215]],[[13855636769.460882,-3376700422.5457387],[-3376700422.5457387,23647814680.77204]]]",0.0,0.3368891321838584,0.0,"[0.4759740620073486, 0.47874205918002566]",True,4.66258834959072e-17,"[0.2709454586764524, 0.5950504309909735]",1,True,EXACT_SOURCE_MATCH,dac0fd5e4df0c08676b79342826f327bfe0a957d3e1472d5bcd61eda1dc85b74,1,EXACT_SOURCE_MATCH,1.679348927676406e-06,EXACT_SOURCE_MATCH,0,2f9617d7e5d71b7128addb406afac9ee9f6e5a172bc78ebaa903772f4b9e1b86,EXACT_SOURCE_MATCH,0,2,1000000.0,212301126460742.12,EXACT_SOURCE_MATCH,DBTT,EXACT_SOURCE_MATCH,True,82.55960731202688,EXACT_SOURCE_MATCH,EXACT_SOURCE_MATCH,7340.210014630293,57144565.94549459,1.25e-05,EXPLICIT_FIXTURE_INPUT,"[[18756300753.88387,-33961704.17327474],[-33961704.17327474,20453295186.47683]]",CLEAVAGE_FIRST_PASSAGE_AND_RENEWAL,7336.807818573811,"[4867780683.744728, -4896088955.655581]",True,194.81231648675123,EXACT_SOURCE_MATCH,1,EXACT_SOURCE_MATCH,-32586.29558741673,4.418463643610405e-12,4314,SOURCE_OWNED_DYNAMIC,2315.0489879563734,cc61a4d874ecda4cb240614a312a14d0917caa5e83e6a5516e8c1204fe0935b6,cc61a4d874ecda4cb240614a312a14d0917caa5e83e6a5516e8c1204fe0935b6,1200.0,True,1.0524230124644586e-06,EXACT_SOURCE_MATCH
0.7089497291150795,0.10815118447386891,0.0,FEMCZM,0.0,EXACT_SOURCE_MATCH,EXACT_SOURCE_MATCH,v913_zeroD_sobol_0129902,"[[[2054313851.7319014,114347778.86851238],[114347778.86851238,3369784002.86551]],[[2047714924.6770573,-122574921.0619689],[-122574921.0619689,3370761762.728746]]]",0.0,0.3812787824641684,0.0,"[0.4364054708350312, 0.4389190266302769]",True,0.0,"[0.0, 0.0]",0,False,EXACT_SOURCE_MATCH,dac0fd5e4df0c08676b79342826f327bfe0a957d3e1472d5bcd61eda1dc85b74,1,EXACT_SOURCE_MATCH,9.999999999999999e-06,EXACT_SOURCE_MATCH,0,2f9617d7e5d71b7128addb406afac9ee9f6e5a172bc78ebaa903772f4b9e1b86,EXACT_SOURCE_MATCH,0,0,0.0,0.0,EXACT_SOURCE_MATCH,weak-T,EXACT_SOURCE_MATCH,False,0.0,EXACT_SOURCE_MATCH,EXACT_SOURCE_MATCH,187.9093763745355,9143130.551279135,2e-06,EXPLICIT_FIXTURE_INPUT,"[[2383621655.006647,-4421744.932666104],[-4421744.932666104,3014299110.7320633]]",NO_EVENT_LOADING,187.82228015548955,"[657735075.5668042, -661523419.0258445]",False,0.0,EXACT_SOURCE_MATCH,1,EXACT_SOURCE_MATCH,0.0,2.5e-11,4306,SOURCE_OWNED_DYNAMIC,472.38905390836175,a8d306a0b78cc9b65f03efce06b3390840f3031e610d5df9061234acb6b22e5e,a8d306a0b78cc9b65f03efce06b3390840f3031e610d5df9061234acb6b22e5e,300.0,False,1e-06,EXACT_SOURCE_MATCH
0.005751350047143102,0.002444271843058919,0.0,FEMCZM,192718397.39623448,EXACT_SOURCE_MATCH,EXACT_SOURCE_MATCH,v913_zeroD_sobol_0129902,"[[[12839461573.324387,714673617.9282022],[714673617.9282022,21061150017.90944]],[[12798218279.231613,-766093256.6373057],[-766093256.6373057,21067261017.05467]]]",2.2489637934936638e-06,0.3812787824641684,0.0,"[0.4364054708350311, 0.4389190266302768]",True,1e-12,"[0.925074949550131, 2.219089079061985]",0,False,EXACT_SOURCE_MATCH,dac0fd5e4df0c08676b79342826f327bfe0a957d3e1472d5bcd61eda1dc85b74,1,EXACT_SOURCE_MATCH,5.279341106637609e-06,EXACT_SOURCE_MATCH,0,2f9617d7e5d71b7128addb406afac9ee9f6e5a172bc78ebaa903772f4b9e1b86,EXACT_SOURCE_MATCH,0,1,1000000.0,37457994454430.91,EXACT_SOURCE_MATCH,weak-T,EXACT_SOURCE_MATCH,True,10.215798009172,EXACT_SOURCE_MATCH,EXACT_SOURCE_MATCH,7340.210014630293,57144565.94549459,1.25e-05,EXPLICIT_FIXTURE_INPUT,"[[14897635343.791546,-27635905.82916308],[-27635905.82916308,18839369442.075397]]",EMISSION_EVOLUTION,7336.807818573811,"[4110844222.2925262, -4134521368.911528]",True,10.76958735889196,EXACT_SOURCE_MATCH,1,EXACT_SOURCE_MATCH,-1799.5625646827682,1.323321435991915e-11,4312,SOURCE_OWNED_DYNAMIC,250.04902446595014,b124108eb1ab7066181d90df8359bb5aead34524585ef3b0dcdeb9b5d6692848,b124108eb1ab7066181d90df8359bb5aead34524585ef3b0dcdeb9b5d6692848,300.0,True,1.0026413594136809e-06,EXACT_SOURCE_MATCH
0.005751349981361899,0.0024442718424164387,2.2973400956248734e-06,FEMCZM,192718229.600677,EXACT_SOURCE_MATCH,EXACT_SOURCE_MATCH,v913_zeroD_sobol_0129902,"[[[12839461573.324387,714673617.9282022],[714673617.9282022,21061150017.90944]],[[12798218279.231613,-766093256.6373057],[-766093256.6373057,21067261017.05467]]]",0.0,3.1440078145471584,0.0,"[0.4364054708350311, 0.4389190266302768]",True,4.0034275471188216e-17,"[0.925821963743806, 2.2198416690243827]",1,True,EXACT_SOURCE_MATCH,dac0fd5e4df0c08676b79342826f327bfe0a957d3e1472d5bcd61eda1dc85b74,1,EXACT_SOURCE_MATCH,5.279344443048561e-06,EXACT_SOURCE_MATCH,0,2f9617d7e5d71b7128addb406afac9ee9f6e5a172bc78ebaa903772f4b9e1b86,EXACT_SOURCE_MATCH,0,2,1000000.0,37458018807410.17,EXACT_SOURCE_MATCH,weak-T,EXACT_SOURCE_MATCH,True,10.214643507091434,EXACT_SOURCE_MATCH,EXACT_SOURCE_MATCH,7340.210014630293,57144565.94549459,1.25e-05,EXPLICIT_FIXTURE_INPUT,"[[14897635343.791546,-27635905.82916308],[-27635905.82916308,18839369442.075397]]",CLEAVAGE_FIRST_PASSAGE_AND_RENEWAL,7336.807818573811,"[4110844222.2925262, -4134521368.911528]",True,10.770741859100234,EXACT_SOURCE_MATCH,1,EXACT_SOURCE_MATCH,-1799.757369719728,1.3233222722977769e-11,4314,SOURCE_OWNED_DYNAMIC,250.04918249064409,7bbd5c4f8c3910b88edcb5367cb3a6f9314c685ffaf8ea6ccc5cc30000f7ac6c,7bbd5c4f8c3910b88edcb5367cb3a6f9314c685ffaf8ea6ccc5cc30000f7ac6c,300.0,True,1.0026413594136497e-06,EXACT_SOURCE_MATCH
2.4973956064177063,0.2087502658712316,0.0,FEMCZM,0.0,EXACT_SOURCE_MATCH,EXACT_SOURCE_MATCH,v913_zeroD_sobol_0129902,"[[[2054313851.7319014,114347778.86851238],[114347778.86851238,3369784002.86551]],[[2047714924.6770573,-122574921.0619689],[-122574921.0619689,3370761762.728746]]]",0.0,0.3812787824641684,0.0,"[0.4364054708350312, 0.4389190266302769]",True,0.0,"[0.0, 0.0]",0,False,EXACT_SOURCE_MATCH,dac0fd5e4df0c08676b79342826f327bfe0a957d3e1472d5bcd61eda1dc85b74,1,EXACT_SOURCE_MATCH,9.999999999999999e-06,EXACT_SOURCE_MATCH,0,2f9617d7e5d71b7128addb406afac9ee9f6e5a172bc78ebaa903772f4b9e1b86,EXACT_SOURCE_MATCH,0,0,0.0,0.0,EXACT_SOURCE_MATCH,weak-T,EXACT_SOURCE_MATCH,False,0.0,EXACT_SOURCE_MATCH,EXACT_SOURCE_MATCH,187.9093763745355,9143130.551279135,2e-06,EXPLICIT_FIXTURE_INPUT,"[[2383621655.006647,-4421744.932666104],[-4421744.932666104,3014299110.7320633]]",NO_EVENT_LOADING,187.82228015548955,"[657735075.5668042, -661523419.0258445]",False,0.0,EXACT_SOURCE_MATCH,1,EXACT_SOURCE_MATCH,0.0,2.5e-11,4306,SOURCE_OWNED_DYNAMIC,472.38905390836175,a8d306a0b78cc9b65f03efce06b3390840f3031e610d5df9061234acb6b22e5e,a8d306a0b78cc9b65f03efce06b3390840f3031e610d5df9061234acb6b22e5e,1000.0,False,1e-06,EXACT_SOURCE_MATCH
0.018655395594981902,0.005959486946810329,0.0,FEMCZM,225779656.1189631,EXACT_SOURCE_MATCH,EXACT_SOURCE_MATCH,v913_zeroD_sobol_0129902,"[[[12839461573.324387,714673617.9282022],[714673617.9282022,21061150017.90944]],[[12798218279.231613,-766093256.6373057],[-766093256.6373057,21067261017.05467]]]",2.248758223572667e-06,0.3812787824641684,0.0,"[0.4364054708350311, 0.4389190266302768]",True,1e-12,"[0.2720208358638251, 2.5261397341678866]",0,False,EXACT_SOURCE_MATCH,dac0fd5e4df0c08676b79342826f327bfe0a957d3e1472d5bcd61eda1dc85b74,1,EXACT_SOURCE_MATCH,4.665112864031473e-06,EXACT_SOURCE_MATCH,0,2f9617d7e5d71b7128addb406afac9ee9f6e5a172bc78ebaa903772f4b9e1b86,EXACT_SOURCE_MATCH,0,1,1000000.0,37942915797160.086,EXACT_SOURCE_MATCH,weak-T,EXACT_SOURCE_MATCH,True,11.04855146511495,EXACT_SOURCE_MATCH,EXACT_SOURCE_MATCH,7340.210014630293,57144565.94549459,1.25e-05,EXPLICIT_FIXTURE_INPUT,"[[14897635343.791546,-27635905.82916308],[-27635905.82916308,18839369442.075397]]",EMISSION_EVOLUTION,7336.807818573811,"[4110844222.2925262, -4134521368.911528]",True,18.14850706056741,EXACT_SOURCE_MATCH,1,EXACT_SOURCE_MATCH,-3044.0984635167215,1.170564212459087e-11,4312,SOURCE_OWNED_DYNAMIC,221.18468834501385,b9a80a7419ea2bb24da8a6d0e9e8b359905d3633548914fd5866eee1295f8516,b9a80a7419ea2bb24da8a6d0e9e8b359905d3633548914fd5866eee1295f8516,1000.0,True,1.003674934841782e-06,EXACT_SOURCE_MATCH
0.01865539532366479,0.005959486945984801,2.2973400956248734e-06,FEMCZM,225779488.87082556,EXACT_SOURCE_MATCH,EXACT_SOURCE_MATCH,v913_zeroD_sobol_0129902,"[[[12839461573.324387,714673617.9282022],[714673617.9282022,21061150017.90944]],[[12798218279.231613,-766093256.6373057],[-766093256.6373057,21067261017.05467]]]",0.0,3.1440078145471584,0.0,"[0.4364054708350311, 0.4389190266302768]",True,4.0034275471188216e-17,"[0.27277847145629164, 2.5269011161794506]",1,True,EXACT_SOURCE_MATCH,dac0fd5e4df0c08676b79342826f327bfe0a957d3e1472d5bcd61eda1dc85b74,1,EXACT_SOURCE_MATCH,4.665115651106399e-06,EXACT_SOURCE_MATCH,0,2f9617d7e5d71b7128addb406afac9ee9f6e5a172bc78ebaa903772f4b9e1b86,EXACT_SOURCE_MATCH,0,2,1000000.0,37942938818261.484,EXACT_SOURCE_MATCH,weak-T,EXACT_SOURCE_MATCH,True,11.046910748463016,EXACT_SOURCE_MATCH,EXACT_SOURCE_MATCH,7340.210014630293,57144565.94549459,1.25e-05,EXPLICIT_FIXTURE_INPUT,"[[14897635343.791546,-27635905.82916308],[-27635905.82916308,18839369442.075397]]",CLEAVAGE_FIRST_PASSAGE_AND_RENEWAL,7336.807818573811,"[4110844222.2925262, -4134521368.911528]",True,18.15014777462069,EXACT_SOURCE_MATCH,1,EXACT_SOURCE_MATCH,-3044.3754917866536,1.170564911788348e-11,4314,SOURCE_OWNED_DYNAMIC,221.18482048720904,e395bf523deb2f65d7d9c762441286e79ba7d84c444a7a340e2723187bdca1cb,e395bf523deb2f65d7d9c762441286e79ba7d84c444a7a340e2723187bdca1cb,1000.0,True,1.0036749348417387e-06,EXACT_SOURCE_MATCH
2.983983217877438,0.22570629027023684,0.0,FEMCZM,0.0,EXACT_SOURCE_MATCH,EXACT_SOURCE_MATCH,v913_zeroD_sobol_0129902,"[[[2054313851.7319014,114347778.86851238],[114347778.86851238,3369784002.86551]],[[2047714924.6770573,-122574921.0619689],[-122574921.0619689,3370761762.728746]]]",0.0,0.3812787824641684,0.0,"[0.4364054708350312, 0.4389190266302769]",True,0.0,"[0.0, 0.0]",0,False,EXACT_SOURCE_MATCH,dac0fd5e4df0c08676b79342826f327bfe0a957d3e1472d5bcd61eda1dc85b74,1,EXACT_SOURCE_MATCH,9.999999999999999e-06,EXACT_SOURCE_MATCH,0,2f9617d7e5d71b7128addb406afac9ee9f6e5a172bc78ebaa903772f4b9e1b86,EXACT_SOURCE_MATCH,0,0,0.0,0.0,EXACT_SOURCE_MATCH,weak-T,EXACT_SOURCE_MATCH,False,0.0,EXACT_SOURCE_MATCH,EXACT_SOURCE_MATCH,187.9093763745355,9143130.551279135,2e-06,EXPLICIT_FIXTURE_INPUT,"[[2383621655.006647,-4421744.932666104],[-4421744.932666104,3014299110.7320633]]",NO_EVENT_LOADING,187.82228015548955,"[657735075.5668042, -661523419.0258445]",False,0.0,EXACT_SOURCE_MATCH,1,EXACT_SOURCE_MATCH,0.0,2.5e-11,4306,SOURCE_OWNED_DYNAMIC,472.38905390836175,a8d306a0b78cc9b65f03efce06b3390840f3031e610d5df9061234acb6b22e5e,a8d306a0b78cc9b65f03efce06b3390840f3031e610d5df9061234acb6b22e5e,1200.0,False,1e-06,EXACT_SOURCE_MATCH
0.02181392480938819,0.006961728041545421,0.0,FEMCZM,228882727.39912882,EXACT_SOURCE_MATCH,EXACT_SOURCE_MATCH,v913_zeroD_sobol_0129902,"[[[12839461573.324387,714673617.9282022],[714673617.9282022,21061150017.90944]],[[12798218279.231613,-766093256.6373057],[-766093256.6373057,21067261017.05467]]]",2.2488110466185446e-06,0.3812787824641684,0.0,"[0.4364054708350311, 0.4389190266302768]",True,1e-12,"[0.10170294741728263, 3.1060185637382984]",0,False,EXACT_SOURCE_MATCH,dac0fd5e4df0c08676b79342826f327bfe0a957d3e1472d5bcd61eda1dc85b74,1,EXACT_SOURCE_MATCH,4.609629852826195e-06,EXACT_SOURCE_MATCH,0,2f9617d7e5d71b7128addb406afac9ee9f6e5a172bc78ebaa903772f4b9e1b86,EXACT_SOURCE_MATCH,0,1,1000000.0,38152651565473.516,EXACT_SOURCE_MATCH,weak-T,EXACT_SOURCE_MATCH,True,10.6781887955643,EXACT_SOURCE_MATCH,EXACT_SOURCE_MATCH,7340.210014630293,57144565.94549459,1.25e-05,EXPLICIT_FIXTURE_INPUT,"[[14897635343.791546,-27635905.82916308],[-27635905.82916308,18839369442.075397]]",EMISSION_EVOLUTION,7336.807818573811,"[4110844222.2925262, -4134521368.911528]",True,19.431276198331155,EXACT_SOURCE_MATCH,1,EXACT_SOURCE_MATCH,-3260.5127817469647,1.156774829962468e-11,4312,SOURCE_OWNED_DYNAMIC,218.57910700439052,bff7842a9532751661c2821a1d7e2710e00d44a679a2cdd2b8f03376a1d25153,bff7842a9532751661c2821a1d7e2710e00d44a679a2cdd2b8f03376a1d25153,1200.0,True,1.0037897765290125e-06,EXACT_SOURCE_MATCH
0.02181392450816251,0.006961728040861507,2.2973400956248734e-06,FEMCZM,228882570.19485384,EXACT_SOURCE_MATCH,EXACT_SOURCE_MATCH,v913_zeroD_sobol_0129902,"[[[12839461573.324387,714673617.9282022],[714673617.9282022,21061150017.90944]],[[12798218279.231613,-766093256.6373057],[-766093256.6373057,21067261017.05467]]]",0.0,3.1440078145471584,0.0,"[0.4364054708350311, 0.4389190266302768]",True,4.0034275471188216e-17,"[0.10246498597328468, 3.1067839393793846]",1,True,EXACT_SOURCE_MATCH,dac0fd5e4df0c08676b79342826f327bfe0a957d3e1472d5bcd61eda1dc85b74,1,EXACT_SOURCE_MATCH,4.609632440226499e-06,EXACT_SOURCE_MATCH,0,2f9617d7e5d71b7128addb406afac9ee9f6e5a172bc78ebaa903772f4b9e1b86,EXACT_SOURCE_MATCH,0,2,1000000.0,38152673264375.45,EXACT_SOURCE_MATCH,weak-T,EXACT_SOURCE_MATCH,True,10.676571846190654,EXACT_SOURCE_MATCH,EXACT_SOURCE_MATCH,7340.210014630293,57144565.94549459,1.25e-05,EXPLICIT_FIXTURE_INPUT,"[[14897635343.791546,-27635905.82916308],[-27635905.82916308,18839369442.075397]]",CLEAVAGE_FIRST_PASSAGE_AND_RENEWAL,7336.807818573811,"[4110844222.2925262, -4134521368.911528]",True,19.432893145026178,EXACT_SOURCE_MATCH,1,EXACT_SOURCE_MATCH,-3260.785935373066,1.1567754792639097e-11,4314,SOURCE_OWNED_DYNAMIC,218.579229693548,af180dff3f4fbd2f6b5ca77d93ecdafa96352184f58a44eb1402322d2b9fe212,af180dff3f4fbd2f6b5ca77d93ecdafa96352184f58a44eb1402322d2b9fe212,1200.0,True,1.0037897765289678e-06,EXACT_SOURCE_MATCH
0.765471809996402,2.6001575909223873,0.0,FEMCZM,0.0,EXACT_SOURCE_MATCH,EXACT_SOURCE_MATCH,v913_zeroD_sobol_0077080,"[[[2054313851.7319014,114347778.86851238],[114347778.86851238,3369784002.86551]],[[2047714924.6770573,-122574921.0619689],[-122574921.0619689,3370761762.728746]]]",0.0,2.5896062123590666,0.0,"[0.4364054708350312, 0.4389190266302769]",True,0.0,"[0.0, 0.0]",0,False,EXACT_SOURCE_MATCH,dac0fd5e4df0c08676b79342826f327bfe0a957d3e1472d5bcd61eda1dc85b74,1,EXACT_SOURCE_MATCH,9.999999999999999e-06,EXACT_SOURCE_MATCH,0,2f9617d7e5d71b7128addb406afac9ee9f6e5a172bc78ebaa903772f4b9e1b86,EXACT_SOURCE_MATCH,0,0,0.0,0.0,EXACT_SOURCE_MATCH,ceramic-like,EXACT_SOURCE_MATCH,False,0.0,EXACT_SOURCE_MATCH,EXACT_SOURCE_MATCH,187.9093763745355,9143130.551279135,2e-06,EXPLICIT_FIXTURE_INPUT,"[[2383621655.006647,-4421744.932666104],[-4421744.932666104,3014299110.7320633]]",NO_EVENT_LOADING,187.82228015548955,"[657735075.5668042, -661523419.0258445]",False,0.0,EXACT_SOURCE_MATCH,1,EXACT_SOURCE_MATCH,0.0,2.5e-11,4306,SOURCE_OWNED_DYNAMIC,29.364093703732184,785171987654af8ffaba5f24b207554fce12d86dc419525f4a5c3b1d1c526ca3,785171987654af8ffaba5f24b207554fce12d86dc419525f4a5c3b1d1c526ca3,300.0,False,1e-06,EXACT_SOURCE_MATCH
0.09123985022028536,1.1992163978747532,0.0,FEMCZM,0.0,EXACT_SOURCE_MATCH,EXACT_SOURCE_MATCH,v913_zeroD_sobol_0077080,"[[[12839461573.324387,714673617.9282022],[714673617.9282022,21061150017.90944]],[[12798218279.231613,-766093256.6373057],[-766093256.6373057,21067261017.05467]]]",3.8615909833218427e-07,2.5896062123590666,0.0,"[0.4364054708350311, 0.4389190266302768]",True,1e-12,"[1.5783566194651486e-33, 1.8905150722807275e-33]",0,False,EXACT_SOURCE_MATCH,dac0fd5e4df0c08676b79342826f327bfe0a957d3e1472d5bcd61eda1dc85b74,1,EXACT_SOURCE_MATCH,9.999999999999999e-06,EXACT_SOURCE_MATCH,0,2f9617d7e5d71b7128addb406afac9ee9f6e5a172bc78ebaa903772f4b9e1b86,EXACT_SOURCE_MATCH,0,1,1000000.0,1.3875480699836948e-20,EXACT_SOURCE_MATCH,ceramic-like,EXACT_SOURCE_MATCH,False,0.0,EXACT_SOURCE_MATCH,EXACT_SOURCE_MATCH,7340.210014630293,57144565.94549459,1.25e-05,EXPLICIT_FIXTURE_INPUT,"[[14897635343.791546,-27635905.82916308],[-27635905.82916308,18839369442.075397]]",EMISSION_EVOLUTION,7336.807818573811,"[4110844222.2925262, -4134521368.911528]",False,0.0,EXACT_SOURCE_MATCH,1,EXACT_SOURCE_MATCH,0.0,2.5e-11,4312,SOURCE_OWNED_DYNAMIC,29.364093703732184,73a0529954f1260dc5102d114d66e68c88289890f521ff1a9ecd0182fcaf5700,73a0529954f1260dc5102d114d66e68c88289890f521ff1a9ecd0182fcaf5700,300.0,False,1e-06,EXACT_SOURCE_MATCH
0.09123985022028536,1.1992163978747532,1.1898412367063488e-05,FEMCZM,0.0,EXACT_SOURCE_MATCH,EXACT_SOURCE_MATCH,v913_zeroD_sobol_0077080,"[[[12839461573.324387,714673617.9282022],[714673617.9282022,21061150017.90944]],[[12798218279.231613,-766093256.6373057],[-766093256.6373057,21067261017.05467]]]",0.0,0.36709085156106797,0.0,"[0.4364054708350311, 0.4389190266302768]",True,2.7190867479552475e-16,"[1.580073294125846e-33, 1.892571261189273e-33]",1,True,EXACT_SOURCE_MATCH,dac0fd5e4df0c08676b79342826f327bfe0a957d3e1472d5bcd61eda1dc85b74,1,EXACT_SOURCE_MATCH,9.999999999999999e-06,EXACT_SOURCE_MATCH,0,2f9617d7e5d71b7128addb406afac9ee9f6e5a172bc78ebaa903772f4b9e1b86,EXACT_SOURCE_MATCH,0,2,1000000.0,1.3875480699836948e-20,EXACT_SOURCE_MATCH,ceramic-like,EXACT_SOURCE_MATCH,False,0.0,EXACT_SOURCE_MATCH,EXACT_SOURCE_MATCH,7340.210014630293,57144565.94549459,1.25e-05,EXPLICIT_FIXTURE_INPUT,"[[14897635343.791546,-27635905.82916308],[-27635905.82916308,18839369442.075397]]",CLEAVAGE_FIRST_PASSAGE_AND_RENEWAL,7336.807818573811,"[4110844222.2925262, -4134521368.911528]",False,0.0,EXACT_SOURCE_MATCH,1,EXACT_SOURCE_MATCH,0.0,2.5e-11,4314,SOURCE_OWNED_DYNAMIC,29.364093703732184,8ef202b152f2391419a927c2c674a5a96dd0855b32931cf146ad8d642b6dc59e,8ef202b152f2391419a927c2c674a5a96dd0855b32931cf146ad8d642b6dc59e,300.0,False,1e-06,EXACT_SOURCE_MATCH
1.9755170700272435,1.1547689408617188,0.0,FEMCZM,0.0,EXACT_SOURCE_MATCH,EXACT_SOURCE_MATCH,v913_zeroD_sobol_0077080,"[[[2054313851.7319014,114347778.86851238],[114347778.86851238,3369784002.86551]],[[2047714924.6770573,-122574921.0619689],[-122574921.0619689,3370761762.728746]]]",0.0,2.5896062123590666,0.0,"[0.4364054708350312, 0.4389190266302769]",True,0.0,"[0.0, 0.0]",0,False,EXACT_SOURCE_MATCH,dac0fd5e4df0c08676b79342826f327bfe0a957d3e1472d5bcd61eda1dc85b74,1,EXACT_SOURCE_MATCH,9.999999999999999e-06,EXACT_SOURCE_MATCH,0,2f9617d7e5d71b7128addb406afac9ee9f6e5a172bc78ebaa903772f4b9e1b86,EXACT_SOURCE_MATCH,0,0,0.0,0.0,EXACT_SOURCE_MATCH,ceramic-like,EXACT_SOURCE_MATCH,False,0.0,EXACT_SOURCE_MATCH,EXACT_SOURCE_MATCH,187.9093763745355,9143130.551279135,2e-06,EXPLICIT_FIXTURE_INPUT,"[[2383621655.006647,-4421744.932666104],[-4421744.932666104,3014299110.7320633]]",NO_EVENT_LOADING,187.82228015548955,"[657735075.5668042, -661523419.0258445]",False,0.0,EXACT_SOURCE_MATCH,1,EXACT_SOURCE_MATCH,0.0,2.5e-11,4306,SOURCE_OWNED_DYNAMIC,29.364093703732184,785171987654af8ffaba5f24b207554fce12d86dc419525f4a5c3b1d1c526ca3,785171987654af8ffaba5f24b207554fce12d86dc419525f4a5c3b1d1c526ca3,1000.0,False,1e-06,EXACT_SOURCE_MATCH
0.36230331042540803,0.7254717443760956,0.0,FEMCZM,0.0,EXACT_SOURCE_MATCH,EXACT_SOURCE_MATCH,v913_zeroD_sobol_0077080,"[[[12839461573.324387,714673617.9282022],[714673617.9282022,21061150017.90944]],[[12798218279.231613,-766093256.6373057],[-766093256.6373057,21067261017.05467]]]",3.8615909833218427e-07,2.5896062123590666,0.0,"[0.4364054708350311, 0.4389190266302768]",True,1e-12,"[1.3350598081068814e-05, 1.353544287867488e-05]",0,False,EXACT_SOURCE_MATCH,dac0fd5e4df0c08676b79342826f327bfe0a957d3e1472d5bcd61eda1dc85b74,1,EXACT_SOURCE_MATCH,9.999999999999999e-06,EXACT_SOURCE_MATCH,0,2f9617d7e5d71b7128addb406afac9ee9f6e5a172bc78ebaa903772f4b9e1b86,EXACT_SOURCE_MATCH,0,1,1000000.0,75791238.73685096,EXACT_SOURCE_MATCH,ceramic-like,EXACT_SOURCE_MATCH,False,0.0,EXACT_SOURCE_MATCH,EXACT_SOURCE_MATCH,7340.210014630293,57144565.94549459,1.25e-05,EXPLICIT_FIXTURE_INPUT,"[[14897635343.791546,-27635905.82916308],[-27635905.82916308,18839369442.075397]]",EMISSION_EVOLUTION,7336.807818573811,"[4110844222.2925262, -4134521368.911528]",False,0.0,EXACT_SOURCE_MATCH,1,EXACT_SOURCE_MATCH,0.0,2.5e-11,4312,SOURCE_OWNED_DYNAMIC,29.364093703732184,10e8dfcedf7e8dbb5520d0f7b605a87dff621cf6ad32f6aa1a2ef6f3a9deb4f9,10e8dfcedf7e8dbb5520d0f7b605a87dff621cf6ad32f6aa1a2ef6f3a9deb4f9,1000.0,False,1e-06,EXACT_SOURCE_MATCH
0.36230331042540803,0.7254717443760956,1.1898412367063488e-05,FEMCZM,0.0,EXACT_SOURCE_MATCH,EXACT_SOURCE_MATCH,v913_zeroD_sobol_0077080,"[[[12839461573.324387,714673617.9282022],[714673617.9282022,21061150017.90944]],[[12798218279.231613,-766093256.6373057],[-766093256.6373057,21067261017.05467]]]",0.0,0.36709085156106797,0.0,"[0.4364054708350311, 0.4389190266302768]",True,2.7190867479552475e-16,"[1.336081879978355e-05, 1.354583045524619e-05]",1,True,EXACT_SOURCE_MATCH,dac0fd5e4df0c08676b79342826f327bfe0a957d3e1472d5bcd61eda1dc85b74,1,EXACT_SOURCE_MATCH,9.999999999999999e-06,EXACT_SOURCE_MATCH,0,2f9617d7e5d71b7128addb406afac9ee9f6e5a172bc78ebaa903772f4b9e1b86,EXACT_SOURCE_MATCH,0,2,1000000.0,75791238.73685096,EXACT_SOURCE_MATCH,ceramic-like,EXACT_SOURCE_MATCH,False,0.0,EXACT_SOURCE_MATCH,EXACT_SOURCE_MATCH,7340.210014630293,57144565.94549459,1.25e-05,EXPLICIT_FIXTURE_INPUT,"[[14897635343.791546,-27635905.82916308],[-27635905.82916308,18839369442.075397]]",CLEAVAGE_FIRST_PASSAGE_AND_RENEWAL,7336.807818573811,"[4110844222.2925262, -4134521368.911528]",False,0.0,EXACT_SOURCE_MATCH,1,EXACT_SOURCE_MATCH,0.0,2.5e-11,4314,SOURCE_OWNED_DYNAMIC,29.364093703732184,3a5680580dedd4d136556473fd11b85488a24187ce187c69d48a53fffe57ad23,3a5680580dedd4d136556473fd11b85488a24187ce187c69d48a53fffe57ad23,1000.0,False,1e-06,EXACT_SOURCE_MATCH
1.9536703962792539,0.6747505000151917,0.0,FEMCZM,0.0,EXACT_SOURCE_MATCH,EXACT_SOURCE_MATCH,v913_zeroD_sobol_0077080,"[[[2054313851.7319014,114347778.86851238],[114347778.86851238,3369784002.86551]],[[2047714924.6770573,-122574921.0619689],[-122574921.0619689,3370761762.728746]]]",0.0,2.5896062123590666,0.0,"[0.4364054708350312, 0.4389190266302769]",True,0.0,"[0.0, 0.0]",0,False,EXACT_SOURCE_MATCH,dac0fd5e4df0c08676b79342826f327bfe0a957d3e1472d5bcd61eda1dc85b74,1,EXACT_SOURCE_MATCH,9.999999999999999e-06,EXACT_SOURCE_MATCH,0,2f9617d7e5d71b7128addb406afac9ee9f6e5a172bc78ebaa903772f4b9e1b86,EXACT_SOURCE_MATCH,0,0,0.0,0.0,EXACT_SOURCE_MATCH,ceramic-like,EXACT_SOURCE_MATCH,False,0.0,EXACT_SOURCE_MATCH,EXACT_SOURCE_MATCH,187.9093763745355,9143130.551279135,2e-06,EXPLICIT_FIXTURE_INPUT,"[[2383621655.006647,-4421744.932666104],[-4421744.932666104,3014299110.7320633]]",NO_EVENT_LOADING,187.82228015548955,"[657735075.5668042, -661523419.0258445]",False,0.0,EXACT_SOURCE_MATCH,1,EXACT_SOURCE_MATCH,0.0,2.5e-11,4306,SOURCE_OWNED_DYNAMIC,29.364093703732184,785171987654af8ffaba5f24b207554fce12d86dc419525f4a5c3b1d1c526ca3,785171987654af8ffaba5f24b207554fce12d86dc419525f4a5c3b1d1c526ca3,1200.0,False,1e-06,EXACT_SOURCE_MATCH
0.4400029622819489,0.4432287071029075,0.0,FEMCZM,0.0,EXACT_SOURCE_MATCH,EXACT_SOURCE_MATCH,v913_zeroD_sobol_0077080,"[[[12839461573.324387,714673617.9282022],[714673617.9282022,21061150017.90944]],[[12798218279.231613,-766093256.6373057],[-766093256.6373057,21067261017.05467]]]",3.8615909833218427e-07,2.5896062123590666,0.0,"[0.4364054708350311, 0.4389190266302768]",True,1e-12,"[0.006466426803978513, 0.006502876923636958]",0,False,EXACT_SOURCE_MATCH,dac0fd5e4df0c08676b79342826f327bfe0a957d3e1472d5bcd61eda1dc85b74,1,EXACT_SOURCE_MATCH,9.999999999999999e-06,EXACT_SOURCE_MATCH,0,2f9617d7e5d71b7128addb406afac9ee9f6e5a172bc78ebaa903772f4b9e1b86,EXACT_SOURCE_MATCH,0,1,1000000.0,22272934618.65818,EXACT_SOURCE_MATCH,ceramic-like,EXACT_SOURCE_MATCH,False,0.0,EXACT_SOURCE_MATCH,EXACT_SOURCE_MATCH,7340.210014630293,57144565.94549459,1.25e-05,EXPLICIT_FIXTURE_INPUT,"[[14897635343.791546,-27635905.82916308],[-27635905.82916308,18839369442.075397]]",EMISSION_EVOLUTION,7336.807818573811,"[4110844222.2925262, -4134521368.911528]",False,0.0,EXACT_SOURCE_MATCH,1,EXACT_SOURCE_MATCH,0.0,2.5e-11,4312,SOURCE_OWNED_DYNAMIC,29.364093703732184,1841ee58cf87aeba0db5ec2cfab62f2576697331e9ab3cd3e87c56f31500b392,1841ee58cf87aeba0db5ec2cfab62f2576697331e9ab3cd3e87c56f31500b392,1200.0,False,1e-06,EXACT_SOURCE_MATCH
0.4400029622819489,0.4432287071029075,1.1898412367063488e-05,FEMCZM,0.0,EXACT_SOURCE_MATCH,EXACT_SOURCE_MATCH,v913_zeroD_sobol_0077080,"[[[12839461573.324387,714673617.9282022],[714673617.9282022,21061150017.90944]],[[12798218279.231613,-766093256.6373057],[-766093256.6373057,21067261017.05467]]]",0.0,0.36709085156106797,0.0,"[0.4364054708350311, 0.4389190266302768]",True,2.7190867479552475e-16,"[0.006469443932926415, 0.006505915998825022]",1,True,EXACT_SOURCE_MATCH,dac0fd5e4df0c08676b79342826f327bfe0a957d3e1472d5bcd61eda1dc85b74,1,EXACT_SOURCE_MATCH,9.999999999999999e-06,EXACT_SOURCE_MATCH,0,2f9617d7e5d71b7128addb406afac9ee9f6e5a172bc78ebaa903772f4b9e1b86,EXACT_SOURCE_MATCH,0,2,1000000.0,22272934618.65818,EXACT_SOURCE_MATCH,ceramic-like,EXACT_SOURCE_MATCH,False,0.0,EXACT_SOURCE_MATCH,EXACT_SOURCE_MATCH,7340.210014630293,57144565.94549459,1.25e-05,EXPLICIT_FIXTURE_INPUT,"[[14897635343.791546,-27635905.82916308],[-27635905.82916308,18839369442.075397]]",CLEAVAGE_FIRST_PASSAGE_AND_RENEWAL,7336.807818573811,"[4110844222.2925262, -4134521368.911528]",False,0.0,EXACT_SOURCE_MATCH,1,EXACT_SOURCE_MATCH,0.0,2.5e-11,4314,SOURCE_OWNED_DYNAMIC,29.364093703732184,35ab8c54bcdc53924538ffd99e0df9317d7170c80285fe76aeb59c50e89ff688,35ab8c54bcdc53924538ffd99e0df9317d7170c80285fe76aeb59c50e89ff688,1200.0,False,1e-06,EXACT_SOURCE_MATCH
