candidate_id,target_class,parent_control_id,search_stage,search_method,canonical_parameter_json,full_material_sha256,cleavage_barrier_sha256,emission_barrier_sha256,taylor_peierls_subvector_sha256,peierls_H0_eV,peierls_activation_entropy_kB,peierls_exp_a,peierls_exp_n,taylor_H0_eV,taylor_activation_entropy_kB,taylor_exp_a,taylor_exp_n,taylor_corr_rho_c_m2,taylor_corr_scale
v913_zeroD_sobol_0242980,Peak,v913_zeroD_sobol_0242980,STAGE0_KINETIC_REGIME_MAP,HISTORICAL_CONTROL,"{""Tref_K"":481.33,""c_blunt"":2.687256144359708,""cleave_G00_eV"":4.011803912930191,""cleave_exp_a"":1.3227705595549195,""cleave_exp_n"":1.2558047282509506,""cleave_floor_frac"":0.0184513317135146,""cleave_gT_eV_per_K"":0.0081468212408944,""cleave_sT_GPa_per_K"":-0.0012099820682778,""cleave_sigc0_GPa"":7.349638969637454,""emit_G00_eV"":2.0446315124630927,""emit_exp_a"":0.0858719444833695,""emit_exp_n"":1.1423492641188204,""emit_floor_frac"":0.0058420097608974,""emit_gT_eV_per_K"":0.000941995373927,""emit_sT_GPa_per_K"":0.0013325903080403,""emit_sigc0_GPa"":7.205215461552143,""peierls_H0_eV"":6.368386985268444,""peierls_activation_entropy_kB"":12.2265643812716,""peierls_exp_a"":1.9097672308795155,""peierls_exp_n"":1.1372957159765065,""peierls_nu0_s"":1000000000000.0,""rho_source0_m2"":1.4102520844479966e+16,""taylor_H0_eV"":1.6986502355337143,""taylor_activation_entropy_kB"":38.45378890633583,""taylor_corr_rho_c_m2"":58780073970578.01,""taylor_corr_scale"":0.8638954413677038,""taylor_exp_a"":0.4561179580539465,""taylor_exp_n"":1.2506696581840515,""taylor_nu0_s"":100000000000.0}",d004ea60768cfb90435d8d10f9badd180e614c0fc23950b24554b5a0b4bbe3a2,50ead03bdc1dc5240eb2fea00eda4bcd24535887379f356a3105f3405852ed76,8197ce770333504c47b05ecaeb7497cf66ae6399cd8524360e3146bf2a9cc1f6,3e712899f824be784d5990b30f878bf1a1d0dda7790781f6398e43bad420901a,6.368386985268444,12.2265643812716,1.9097672308795155,1.1372957159765065,1.6986502355337143,38.45378890633583,0.4561179580539465,1.2506696581840515,58780073970578.01,0.8638954413677038
oneD_v2_peak_TP_01a2f8bf69bf77b5,Peak,v913_zeroD_sobol_0242980,STAGE0_KINETIC_REGIME_MAP,SOBOL_EMPIRICAL_BOUNDS,"{""Tref_K"":481.33,""c_blunt"":2.687256144359708,""cleave_G00_eV"":4.011803912930191,""cleave_exp_a"":1.3227705595549195,""cleave_exp_n"":1.2558047282509506,""cleave_floor_frac"":0.0184513317135146,""cleave_gT_eV_per_K"":0.0081468212408944,""cleave_sT_GPa_per_K"":-0.0012099820682778,""cleave_sigc0_GPa"":7.349638969637454,""emit_G00_eV"":2.0446315124630927,""emit_exp_a"":0.0858719444833695,""emit_exp_n"":1.1423492641188204,""emit_floor_frac"":0.0058420097608974,""emit_gT_eV_per_K"":0.000941995373927,""emit_sT_GPa_per_K"":0.0013325903080403,""emit_sigc0_GPa"":7.205215461552143,""peierls_H0_eV"":9.389663568527041,""peierls_activation_entropy_kB"":11.765163607006315,""peierls_exp_a"":1.4821794010471638,""peierls_exp_n"":1.6013169501869464,""peierls_nu0_s"":1000000000000.0,""rho_source0_m2"":1.4102520844479966e+16,""taylor_H0_eV"":0.8591336957648933,""taylor_activation_entropy_kB"":-16.740903208563466,""taylor_corr_rho_c_m2"":1111918609329454.4,""taylor_corr_scale"":1.6732662707395631,""taylor_exp_a"":1.0212160125534817,""taylor_exp_n"":0.7797810924988243,""taylor_nu0_s"":100000000000.0}",01a2f8bf69bf77b5f6abb4b2254251ab5e62b2a9ac6d93f07fd62db22177a06c,50ead03bdc1dc5240eb2fea00eda4bcd24535887379f356a3105f3405852ed76,8197ce770333504c47b05ecaeb7497cf66ae6399cd8524360e3146bf2a9cc1f6,4f4046c394067da8e9b6128821cb683b7e302c57b7eb4a55f082a1319d965665,9.389663568527041,11.765163607006315,1.4821794010471638,1.6013169501869464,0.8591336957648933,-16.740903208563466,1.0212160125534817,0.7797810924988243,1111918609329454.4,1.6732662707395631
oneD_v2_peak_TP_0db507b92e057487,Peak,v913_zeroD_sobol_0242980,STAGE0_KINETIC_REGIME_MAP,SOBOL_EMPIRICAL_BOUNDS,"{""Tref_K"":481.33,""c_blunt"":2.687256144359708,""cleave_G00_eV"":4.011803912930191,""cleave_exp_a"":1.3227705595549195,""cleave_exp_n"":1.2558047282509506,""cleave_floor_frac"":0.0184513317135146,""cleave_gT_eV_per_K"":0.0081468212408944,""cleave_sT_GPa_per_K"":-0.0012099820682778,""cleave_sigc0_GPa"":7.349638969637454,""emit_G00_eV"":2.0446315124630927,""emit_exp_a"":0.0858719444833695,""emit_exp_n"":1.1423492641188204,""emit_floor_frac"":0.0058420097608974,""emit_gT_eV_per_K"":0.000941995373927,""emit_sT_GPa_per_K"":0.0013325903080403,""emit_sigc0_GPa"":7.205215461552143,""peierls_H0_eV"":2.5625765153222106,""peierls_activation_entropy_kB"":16.624105357275624,""peierls_exp_a"":0.6285430893049739,""peierls_exp_n"":1.2523839033860058,""peierls_nu0_s"":1000000000000.0,""rho_source0_m2"":1.4102520844479966e+16,""taylor_H0_eV"":0.8092697201058764,""taylor_activation_entropy_kB"":47.54390887543897,""taylor_corr_rho_c_m2"":362535025113555.25,""taylor_corr_scale"":0.15873828691179262,""taylor_exp_a"":1.0449068739589242,""taylor_exp_n"":0.5560332084595527,""taylor_nu0_s"":100000000000.0}",0db507b92e057487ccb29e29e961e4b4931df44bc97e8285cd95a3de0520a407,50ead03bdc1dc5240eb2fea00eda4bcd24535887379f356a3105f3405852ed76,8197ce770333504c47b05ecaeb7497cf66ae6399cd8524360e3146bf2a9cc1f6,9761734178851eba968e8b1f61bacd09da0ceb053d9c19bfab8b16cf00a62228,2.5625765153222106,16.624105357275624,0.6285430893049739,1.2523839033860058,0.8092697201058764,47.54390887543897,1.0449068739589242,0.5560332084595527,362535025113555.25,0.15873828691179262
oneD_v2_peak_TP_3b628b5bc682c183,Peak,v913_zeroD_sobol_0242980,STAGE0_KINETIC_REGIME_MAP,SOBOL_EMPIRICAL_BOUNDS,"{""Tref_K"":481.33,""c_blunt"":2.687256144359708,""cleave_G00_eV"":4.011803912930191,""cleave_exp_a"":1.3227705595549195,""cleave_exp_n"":1.2558047282509506,""cleave_floor_frac"":0.0184513317135146,""cleave_gT_eV_per_K"":0.0081468212408944,""cleave_sT_GPa_per_K"":-0.0012099820682778,""cleave_sigc0_GPa"":7.349638969637454,""emit_G00_eV"":2.0446315124630927,""emit_exp_a"":0.0858719444833695,""emit_exp_n"":1.1423492641188204,""emit_floor_frac"":0.0058420097608974,""emit_gT_eV_per_K"":0.000941995373927,""emit_sT_GPa_per_K"":0.0013325903080403,""emit_sigc0_GPa"":7.205215461552143,""peierls_H0_eV"":4.32034260060734,""peierls_activation_entropy_kB"":-55.85127959936865,""peierls_exp_a"":0.25286541278150965,""peierls_exp_n"":1.0387935518029945,""peierls_nu0_s"":1000000000000.0,""rho_source0_m2"":1.4102520844479966e+16,""taylor_H0_eV"":1.434063491146294,""taylor_activation_entropy_kB"":-13.987053294326387,""taylor_corr_rho_c_m2"":21008964589596.242,""taylor_corr_scale"":0.15790772484195295,""taylor_exp_a"":0.48540668894064704,""taylor_exp_n"":0.5579937780823122,""taylor_nu0_s"":100000000000.0}",3b628b5bc682c1830ec4148844a229b33cd3beb6b80b59d8f650df1cffe77220,50ead03bdc1dc5240eb2fea00eda4bcd24535887379f356a3105f3405852ed76,8197ce770333504c47b05ecaeb7497cf66ae6399cd8524360e3146bf2a9cc1f6,d95dcc540cddb44b9ffa76fac4e666d37d8f52522a5b0ce18c43b63138969597,4.32034260060734,-55.85127959936865,0.25286541278150965,1.0387935518029945,1.434063491146294,-13.987053294326387,0.48540668894064704,0.5579937780823122,21008964589596.242,0.15790772484195295
oneD_v2_peak_TP_4585da848342a602,Peak,v913_zeroD_sobol_0242980,STAGE0_KINETIC_REGIME_MAP,SOBOL_EMPIRICAL_BOUNDS,"{""Tref_K"":481.33,""c_blunt"":2.687256144359708,""cleave_G00_eV"":4.011803912930191,""cleave_exp_a"":1.3227705595549195,""cleave_exp_n"":1.2558047282509506,""cleave_floor_frac"":0.0184513317135146,""cleave_gT_eV_per_K"":0.0081468212408944,""cleave_sT_GPa_per_K"":-0.0012099820682778,""cleave_sigc0_GPa"":7.349638969637454,""emit_G00_eV"":2.0446315124630927,""emit_exp_a"":0.0858719444833695,""emit_exp_n"":1.1423492641188204,""emit_floor_frac"":0.0058420097608974,""emit_gT_eV_per_K"":0.000941995373927,""emit_sT_GPa_per_K"":0.0013325903080403,""emit_sigc0_GPa"":7.205215461552143,""peierls_H0_eV"":7.2839476304799105,""peierls_activation_entropy_kB"":3.855445836026014,""peierls_exp_a"":0.6533272770548779,""peierls_exp_n"":1.023740619833468,""peierls_nu0_s"":1000000000000.0,""rho_source0_m2"":1.4102520844479966e+16,""taylor_H0_eV"":2.5892710091243223,""taylor_activation_entropy_kB"":4.546601389232766,""taylor_corr_rho_c_m2"":1.6449299766542994e+16,""taylor_corr_scale"":0.1591551051012953,""taylor_exp_a"":0.9612281257439914,""taylor_exp_n"":1.1429852984604276,""taylor_nu0_s"":100000000000.0}",4585da848342a6026dc22fe407722c987a3d648f3e11f943c7f3e9c90429111e,50ead03bdc1dc5240eb2fea00eda4bcd24535887379f356a3105f3405852ed76,8197ce770333504c47b05ecaeb7497cf66ae6399cd8524360e3146bf2a9cc1f6,bd183994fad1de378ae02cb2853392793ce96a6bf9cb71ad380e54816220956a,7.2839476304799105,3.855445836026014,0.6533272770548779,1.023740619833468,2.5892710091243223,4.546601389232766,0.9612281257439914,1.1429852984604276,1.6449299766542994e+16,0.1591551051012953
oneD_v2_peak_TP_6962e84b2eb78fbb,Peak,v913_zeroD_sobol_0242980,STAGE0_KINETIC_REGIME_MAP,SOBOL_EMPIRICAL_BOUNDS,"{""Tref_K"":481.33,""c_blunt"":2.687256144359708,""cleave_G00_eV"":4.011803912930191,""cleave_exp_a"":1.3227705595549195,""cleave_exp_n"":1.2558047282509506,""cleave_floor_frac"":0.0184513317135146,""cleave_gT_eV_per_K"":0.0081468212408944,""cleave_sT_GPa_per_K"":-0.0012099820682778,""cleave_sigc0_GPa"":7.349638969637454,""emit_G00_eV"":2.0446315124630927,""emit_exp_a"":0.0858719444833695,""emit_exp_n"":1.1423492641188204,""emit_floor_frac"":0.0058420097608974,""emit_gT_eV_per_K"":0.000941995373927,""emit_sT_GPa_per_K"":0.0013325903080403,""emit_sigc0_GPa"":7.205215461552143,""peierls_H0_eV"":2.357904889593788,""peierls_activation_entropy_kB"":10.948438215557502,""peierls_exp_a"":1.314337235201403,""peierls_exp_n"":1.8811877055512485,""peierls_nu0_s"":1000000000000.0,""rho_source0_m2"":1.4102520844479966e+16,""taylor_H0_eV"":1.7721181319222952,""taylor_activation_entropy_kB"":-13.888906731632792,""taylor_corr_rho_c_m2"":2.0992877629063372e+16,""taylor_corr_scale"":1.0247317648336276,""taylor_exp_a"":0.5644857497867264,""taylor_exp_n"":0.5653873479618026,""taylor_nu0_s"":100000000000.0}",6962e84b2eb78fbb12f8d4dc2539eac097f3686c98b0ac78b6d2e3627ffd4643,50ead03bdc1dc5240eb2fea00eda4bcd24535887379f356a3105f3405852ed76,8197ce770333504c47b05ecaeb7497cf66ae6399cd8524360e3146bf2a9cc1f6,94d6ff136130de8457ca5d4acdbe91167a8e4625b57b7e7f22a1b2b14f81485b,2.357904889593788,10.948438215557502,1.314337235201403,1.8811877055512485,1.7721181319222952,-13.888906731632792,0.5644857497867264,0.5653873479618026,2.0992877629063372e+16,1.0247317648336276
oneD_v2_peak_TP_6c016fecc91e4a91,Peak,v913_zeroD_sobol_0242980,STAGE0_KINETIC_REGIME_MAP,SOBOL_EMPIRICAL_BOUNDS,"{""Tref_K"":481.33,""c_blunt"":2.687256144359708,""cleave_G00_eV"":4.011803912930191,""cleave_exp_a"":1.3227705595549195,""cleave_exp_n"":1.2558047282509506,""cleave_floor_frac"":0.0184513317135146,""cleave_gT_eV_per_K"":0.0081468212408944,""cleave_sT_GPa_per_K"":-0.0012099820682778,""cleave_sigc0_GPa"":7.349638969637454,""emit_G00_eV"":2.0446315124630927,""emit_exp_a"":0.0858719444833695,""emit_exp_n"":1.1423492641188204,""emit_floor_frac"":0.0058420097608974,""emit_gT_eV_per_K"":0.000941995373927,""emit_sT_GPa_per_K"":0.0013325903080403,""emit_sigc0_GPa"":7.205215461552143,""peierls_H0_eV"":2.416912506732555,""peierls_activation_entropy_kB"":9.470387777891204,""peierls_exp_a"":0.2806349982871355,""peierls_exp_n"":1.8429800327274208,""peierls_nu0_s"":1000000000000.0,""rho_source0_m2"":1.4102520844479966e+16,""taylor_H0_eV"":0.6621516250365926,""taylor_activation_entropy_kB"":-6.730123651358623,""taylor_corr_rho_c_m2"":1.6178075489818538e+16,""taylor_corr_scale"":0.8593398009277177,""taylor_exp_a"":0.49819921925020444,""taylor_exp_n"":0.5972936064064971,""taylor_nu0_s"":100000000000.0}",6c016fecc91e4a915e75c26dbcd7eedb09ee6e1936b821473c47b838b1370166,50ead03bdc1dc5240eb2fea00eda4bcd24535887379f356a3105f3405852ed76,8197ce770333504c47b05ecaeb7497cf66ae6399cd8524360e3146bf2a9cc1f6,c7e4e705fd94c2d102734fd7a66213bc8e0359bc17db6c83b7a8414357206c16,2.416912506732555,9.470387777891204,0.2806349982871355,1.8429800327274208,0.6621516250365926,-6.730123651358623,0.49819921925020444,0.5972936064064971,1.6178075489818538e+16,0.8593398009277177
oneD_v2_peak_TP_71e8b92cf7175d8d,Peak,v913_zeroD_sobol_0242980,STAGE0_KINETIC_REGIME_MAP,SOBOL_EMPIRICAL_BOUNDS,"{""Tref_K"":481.33,""c_blunt"":2.687256144359708,""cleave_G00_eV"":4.011803912930191,""cleave_exp_a"":1.3227705595549195,""cleave_exp_n"":1.2558047282509506,""cleave_floor_frac"":0.0184513317135146,""cleave_gT_eV_per_K"":0.0081468212408944,""cleave_sT_GPa_per_K"":-0.0012099820682778,""cleave_sigc0_GPa"":7.349638969637454,""emit_G00_eV"":2.0446315124630927,""emit_exp_a"":0.0858719444833695,""emit_exp_n"":1.1423492641188204,""emit_floor_frac"":0.0058420097608974,""emit_gT_eV_per_K"":0.000941995373927,""emit_sT_GPa_per_K"":0.0013325903080403,""emit_sigc0_GPa"":7.205215461552143,""peierls_H0_eV"":8.529258816624338,""peierls_activation_entropy_kB"":16.523050842821092,""peierls_exp_a"":0.22865133203211713,""peierls_exp_n"":1.2751830531400696,""peierls_nu0_s"":1000000000000.0,""rho_source0_m2"":1.4102520844479966e+16,""taylor_H0_eV"":2.4135834986405276,""taylor_activation_entropy_kB"":21.077905014952307,""taylor_corr_rho_c_m2"":1545264471893895.2,""taylor_corr_scale"":1.658072836513794,""taylor_exp_a"":0.4871972971600971,""taylor_exp_n"":0.5772470377725221,""taylor_nu0_s"":100000000000.0}",71e8b92cf7175d8df33da487a343ba2d33c11debbdce4222754292b6eda5c750,50ead03bdc1dc5240eb2fea00eda4bcd24535887379f356a3105f3405852ed76,8197ce770333504c47b05ecaeb7497cf66ae6399cd8524360e3146bf2a9cc1f6,82daa385a48642224677f186dc5870069937dc9d79de0f871409b0f9b6baaba4,8.529258816624338,16.523050842821092,0.22865133203211713,1.2751830531400696,2.4135834986405276,21.077905014952307,0.4871972971600971,0.5772470377725221,1545264471893895.2,1.658072836513794
oneD_v2_peak_TP_7a03896ca794e794,Peak,v913_zeroD_sobol_0242980,STAGE0_KINETIC_REGIME_MAP,SOBOL_EMPIRICAL_BOUNDS,"{""Tref_K"":481.33,""c_blunt"":2.687256144359708,""cleave_G00_eV"":4.011803912930191,""cleave_exp_a"":1.3227705595549195,""cleave_exp_n"":1.2558047282509506,""cleave_floor_frac"":0.0184513317135146,""cleave_gT_eV_per_K"":0.0081468212408944,""cleave_sT_GPa_per_K"":-0.0012099820682778,""cleave_sigc0_GPa"":7.349638969637454,""emit_G00_eV"":2.0446315124630927,""emit_exp_a"":0.0858719444833695,""emit_exp_n"":1.1423492641188204,""emit_floor_frac"":0.0058420097608974,""emit_gT_eV_per_K"":0.000941995373927,""emit_sT_GPa_per_K"":0.0013325903080403,""emit_sigc0_GPa"":7.205215461552143,""peierls_H0_eV"":2.300070228235149,""peierls_activation_entropy_kB"":-56.00682313800826,""peierls_exp_a"":0.26636825982450085,""peierls_exp_n"":1.098736516707708,""peierls_nu0_s"":1000000000000.0,""rho_source0_m2"":1.4102520844479966e+16,""taylor_H0_eV"":0.6782274892847583,""taylor_activation_entropy_kB"":53.206942936427424,""taylor_corr_rho_c_m2"":47634024831120.336,""taylor_corr_scale"":2.275580897183754,""taylor_exp_a"":0.686329264350605,""taylor_exp_n"":0.8617370957515189,""taylor_nu0_s"":100000000000.0}",7a03896ca794e7943ad1cdd8439ee2a4a696ae7d419e8758e8746f65e22a9fb6,50ead03bdc1dc5240eb2fea00eda4bcd24535887379f356a3105f3405852ed76,8197ce770333504c47b05ecaeb7497cf66ae6399cd8524360e3146bf2a9cc1f6,0c1335c8fd57e4e134c12168d2bd5d635bc33b7876f1bf861ce6d3106528b8d4,2.300070228235149,-56.00682313800826,0.26636825982450085,1.098736516707708,0.6782274892847583,53.206942936427424,0.686329264350605,0.8617370957515189,47634024831120.336,2.275580897183754
oneD_v2_peak_TP_9f7b2122fdfaa109,Peak,v913_zeroD_sobol_0242980,STAGE0_KINETIC_REGIME_MAP,SOBOL_EMPIRICAL_BOUNDS,"{""Tref_K"":481.33,""c_blunt"":2.687256144359708,""cleave_G00_eV"":4.011803912930191,""cleave_exp_a"":1.3227705595549195,""cleave_exp_n"":1.2558047282509506,""cleave_floor_frac"":0.0184513317135146,""cleave_gT_eV_per_K"":0.0081468212408944,""cleave_sT_GPa_per_K"":-0.0012099820682778,""cleave_sigc0_GPa"":7.349638969637454,""emit_G00_eV"":2.0446315124630927,""emit_exp_a"":0.0858719444833695,""emit_exp_n"":1.1423492641188204,""emit_floor_frac"":0.0058420097608974,""emit_gT_eV_per_K"":0.000941995373927,""emit_sT_GPa_per_K"":0.0013325903080403,""emit_sigc0_GPa"":7.205215461552143,""peierls_H0_eV"":2.3125228607273844,""peierls_activation_entropy_kB"":9.312330454524727,""peierls_exp_a"":1.1256347198042649,""peierls_exp_n"":1.0396591985484784,""peierls_nu0_s"":1000000000000.0,""rho_source0_m2"":1.4102520844479966e+16,""taylor_H0_eV"":1.2583842013401019,""taylor_activation_entropy_kB"":44.53294432331271,""taylor_corr_rho_c_m2"":118358602973836.45,""taylor_corr_scale"":2.168074786887567,""taylor_exp_a"":0.9498926980477514,""taylor_exp_n"":1.01467849138484,""taylor_nu0_s"":100000000000.0}",9f7b2122fdfaa10966f61670f708bdebc18eea858474f01d949c2e93c69bdb15,50ead03bdc1dc5240eb2fea00eda4bcd24535887379f356a3105f3405852ed76,8197ce770333504c47b05ecaeb7497cf66ae6399cd8524360e3146bf2a9cc1f6,ed53f8dda16cdafbbebd80c3e47b07f2eda129678e5660cfeca444e3a8590606,2.3125228607273844,9.312330454524727,1.1256347198042649,1.0396591985484784,1.2583842013401019,44.53294432331271,0.9498926980477514,1.01467849138484,118358602973836.45,2.168074786887567
oneD_v2_peak_TP_a46e700eb110a4ef,Peak,v913_zeroD_sobol_0242980,STAGE0_KINETIC_REGIME_MAP,SOBOL_EMPIRICAL_BOUNDS,"{""Tref_K"":481.33,""c_blunt"":2.687256144359708,""cleave_G00_eV"":4.011803912930191,""cleave_exp_a"":1.3227705595549195,""cleave_exp_n"":1.2558047282509506,""cleave_floor_frac"":0.0184513317135146,""cleave_gT_eV_per_K"":0.0081468212408944,""cleave_sT_GPa_per_K"":-0.0012099820682778,""cleave_sigc0_GPa"":7.349638969637454,""emit_G00_eV"":2.0446315124630927,""emit_exp_a"":0.0858719444833695,""emit_exp_n"":1.1423492641188204,""emit_floor_frac"":0.0058420097608974,""emit_gT_eV_per_K"":0.000941995373927,""emit_sT_GPa_per_K"":0.0013325903080403,""emit_sigc0_GPa"":7.205215461552143,""peierls_H0_eV"":7.131273516148367,""peierls_activation_entropy_kB"":-50.02423208491137,""peierls_exp_a"":1.8984251869564137,""peierls_exp_n"":1.028383325082022,""peierls_nu0_s"":1000000000000.0,""rho_source0_m2"":1.4102520844479966e+16,""taylor_H0_eV"":0.7484330377019666,""taylor_activation_entropy_kB"":49.21860737372184,""taylor_corr_rho_c_m2"":170661868010064.72,""taylor_corr_scale"":0.23025458879492497,""taylor_exp_a"":1.0522220278134562,""taylor_exp_n"":1.0787620505493745,""taylor_nu0_s"":100000000000.0}",a46e700eb110a4efdf4bcb504403e48ba72ff838136229beb3e3b61c77ec98cb,50ead03bdc1dc5240eb2fea00eda4bcd24535887379f356a3105f3405852ed76,8197ce770333504c47b05ecaeb7497cf66ae6399cd8524360e3146bf2a9cc1f6,4c673f2b64bc585529b74f63963a7f2264db67f248992d6602ffe48325d864f5,7.131273516148367,-50.02423208491137,1.8984251869564137,1.028383325082022,0.7484330377019666,49.21860737372184,1.0522220278134562,1.0787620505493745,170661868010064.72,0.23025458879492497
oneD_v2_peak_TP_b939e94f9aeb3e70,Peak,v913_zeroD_sobol_0242980,STAGE0_KINETIC_REGIME_MAP,SOBOL_EMPIRICAL_BOUNDS,"{""Tref_K"":481.33,""c_blunt"":2.687256144359708,""cleave_G00_eV"":4.011803912930191,""cleave_exp_a"":1.3227705595549195,""cleave_exp_n"":1.2558047282509506,""cleave_floor_frac"":0.0184513317135146,""cleave_gT_eV_per_K"":0.0081468212408944,""cleave_sT_GPa_per_K"":-0.0012099820682778,""cleave_sigc0_GPa"":7.349638969637454,""emit_G00_eV"":2.0446315124630927,""emit_exp_a"":0.0858719444833695,""emit_exp_n"":1.1423492641188204,""emit_floor_frac"":0.0058420097608974,""emit_gT_eV_per_K"":0.000941995373927,""emit_sT_GPa_per_K"":0.0013325903080403,""emit_sigc0_GPa"":7.205215461552143,""peierls_H0_eV"":3.0022030731111853,""peierls_activation_entropy_kB"":-55.933602701381254,""peierls_exp_a"":0.4480051788289172,""peierls_exp_n"":1.7150869496204322,""peierls_nu0_s"":1000000000000.0,""rho_source0_m2"":1.4102520844479966e+16,""taylor_H0_eV"":2.503317393198685,""taylor_activation_entropy_kB"":-1.6833300327524547,""taylor_corr_rho_c_m2"":9784632707300.787,""taylor_corr_scale"":1.837473592664399,""taylor_exp_a"":0.9907508033653868,""taylor_exp_n"":0.9004037239062788,""taylor_nu0_s"":100000000000.0}",b939e94f9aeb3e705fec64a5f1ca6cd4bb8bc185c9761bb72840fd2377784e4c,50ead03bdc1dc5240eb2fea00eda4bcd24535887379f356a3105f3405852ed76,8197ce770333504c47b05ecaeb7497cf66ae6399cd8524360e3146bf2a9cc1f6,f9649b9c3c249219890116c0b37359dbceccbbaa1b56743a2d1f6cc93b9e953d,3.0022030731111853,-55.933602701381254,0.4480051788289172,1.7150869496204322,2.503317393198685,-1.6833300327524547,0.9907508033653868,0.9004037239062788,9784632707300.787,1.837473592664399
oneD_v2_peak_TP_c512d61e19550715,Peak,v913_zeroD_sobol_0242980,STAGE0_KINETIC_REGIME_MAP,SOBOL_EMPIRICAL_BOUNDS,"{""Tref_K"":481.33,""c_blunt"":2.687256144359708,""cleave_G00_eV"":4.011803912930191,""cleave_exp_a"":1.3227705595549195,""cleave_exp_n"":1.2558047282509506,""cleave_floor_frac"":0.0184513317135146,""cleave_gT_eV_per_K"":0.0081468212408944,""cleave_sT_GPa_per_K"":-0.0012099820682778,""cleave_sigc0_GPa"":7.349638969637454,""emit_G00_eV"":2.0446315124630927,""emit_exp_a"":0.0858719444833695,""emit_exp_n"":1.1423492641188204,""emit_floor_frac"":0.0058420097608974,""emit_gT_eV_per_K"":0.000941995373927,""emit_sT_GPa_per_K"":0.0013325903080403,""emit_sigc0_GPa"":7.205215461552143,""peierls_H0_eV"":2.677719569845301,""peierls_activation_entropy_kB"":-49.02501388614082,""peierls_exp_a"":0.48591091320503293,""peierls_exp_n"":1.181919825237974,""peierls_nu0_s"":1000000000000.0,""rho_source0_m2"":1.4102520844479966e+16,""taylor_H0_eV"":0.6965126162622233,""taylor_activation_entropy_kB"":-13.241540411438553,""taylor_corr_rho_c_m2"":4.1430392147666904e+16,""taylor_corr_scale"":0.1860136357110452,""taylor_exp_a"":0.5788535215307501,""taylor_exp_n"":1.3987349767399944,""taylor_nu0_s"":100000000000.0}",c512d61e19550715897aea0668ddead59941688dbce51821a7365d319a7c8cdb,50ead03bdc1dc5240eb2fea00eda4bcd24535887379f356a3105f3405852ed76,8197ce770333504c47b05ecaeb7497cf66ae6399cd8524360e3146bf2a9cc1f6,759e6f8a4543cd03714656d5259a5fc27bba375f8361ca70b9af024ab65c8f50,2.677719569845301,-49.02501388614082,0.48591091320503293,1.181919825237974,0.6965126162622233,-13.241540411438553,0.5788535215307501,1.3987349767399944,4.1430392147666904e+16,0.1860136357110452
oneD_v2_peak_TP_e4ec8154667ac3f2,Peak,v913_zeroD_sobol_0242980,STAGE0_KINETIC_REGIME_MAP,SOBOL_EMPIRICAL_BOUNDS,"{""Tref_K"":481.33,""c_blunt"":2.687256144359708,""cleave_G00_eV"":4.011803912930191,""cleave_exp_a"":1.3227705595549195,""cleave_exp_n"":1.2558047282509506,""cleave_floor_frac"":0.0184513317135146,""cleave_gT_eV_per_K"":0.0081468212408944,""cleave_sT_GPa_per_K"":-0.0012099820682778,""cleave_sigc0_GPa"":7.349638969637454,""emit_G00_eV"":2.0446315124630927,""emit_exp_a"":0.0858719444833695,""emit_exp_n"":1.1423492641188204,""emit_floor_frac"":0.0058420097608974,""emit_gT_eV_per_K"":0.000941995373927,""emit_sT_GPa_per_K"":0.0013325903080403,""emit_sigc0_GPa"":7.205215461552143,""peierls_H0_eV"":9.781682715215743,""peierls_activation_entropy_kB"":-41.884856814630794,""peierls_exp_a"":0.22993638338789157,""peierls_exp_n"":1.3857947555913535,""peierls_nu0_s"":1000000000000.0,""rho_source0_m2"":1.4102520844479966e+16,""taylor_H0_eV"":0.6718917480994603,""taylor_activation_entropy_kB"":18.086097320678554,""taylor_corr_rho_c_m2"":925925795341812.0,""taylor_corr_scale"":0.3241063960707151,""taylor_exp_a"":0.9207953647309017,""taylor_exp_n"":0.5696151578478056,""taylor_nu0_s"":100000000000.0}",e4ec8154667ac3f211ef225272b735a3130bc590dd795dba21def026ee844153,50ead03bdc1dc5240eb2fea00eda4bcd24535887379f356a3105f3405852ed76,8197ce770333504c47b05ecaeb7497cf66ae6399cd8524360e3146bf2a9cc1f6,78575f3a8f5f35f95e0f94b115b33bd8d66863116cf7e7eca7ccaecbc30b950b,9.781682715215743,-41.884856814630794,0.22993638338789157,1.3857947555913535,0.6718917480994603,18.086097320678554,0.9207953647309017,0.5696151578478056,925925795341812.0,0.3241063960707151
oneD_v2_peak_TP_fb712b4db7f9cae4,Peak,v913_zeroD_sobol_0242980,STAGE0_KINETIC_REGIME_MAP,SOBOL_EMPIRICAL_BOUNDS,"{""Tref_K"":481.33,""c_blunt"":2.687256144359708,""cleave_G00_eV"":4.011803912930191,""cleave_exp_a"":1.3227705595549195,""cleave_exp_n"":1.2558047282509506,""cleave_floor_frac"":0.0184513317135146,""cleave_gT_eV_per_K"":0.0081468212408944,""cleave_sT_GPa_per_K"":-0.0012099820682778,""cleave_sigc0_GPa"":7.349638969637454,""emit_G00_eV"":2.0446315124630927,""emit_exp_a"":0.0858719444833695,""emit_exp_n"":1.1423492641188204,""emit_floor_frac"":0.0058420097608974,""emit_gT_eV_per_K"":0.000941995373927,""emit_sT_GPa_per_K"":0.0013325903080403,""emit_sigc0_GPa"":7.205215461552143,""peierls_H0_eV"":7.875876626631843,""peierls_activation_entropy_kB"":-47.28768652374537,""peierls_exp_a"":0.9838723576085869,""peierls_exp_n"":1.50889182365175,""peierls_nu0_s"":1000000000000.0,""rho_source0_m2"":1.4102520844479966e+16,""taylor_H0_eV"":2.438523540304244,""taylor_activation_entropy_kB"":48.30311665445171,""taylor_corr_rho_c_m2"":8477020800221.15,""taylor_corr_scale"":0.14282255622467352,""taylor_exp_a"":0.5506520241319668,""taylor_exp_n"":0.6355615199194113,""taylor_nu0_s"":100000000000.0}",fb712b4db7f9cae4a7bc0d2688e904edb998e21d6624f83757dffced08b1310b,50ead03bdc1dc5240eb2fea00eda4bcd24535887379f356a3105f3405852ed76,8197ce770333504c47b05ecaeb7497cf66ae6399cd8524360e3146bf2a9cc1f6,f769ac7cd35ef9cc85493882992ad8d2ca6be0306097daf160706d4f1060d56a,7.875876626631843,-47.28768652374537,0.9838723576085869,1.50889182365175,2.438523540304244,48.30311665445171,0.5506520241319668,0.6355615199194113,8477020800221.15,0.14282255622467352
oneD_v2_peak_TP_fd54262dfa5dcfc0,Peak,v913_zeroD_sobol_0242980,STAGE0_KINETIC_REGIME_MAP,SOBOL_EMPIRICAL_BOUNDS,"{""Tref_K"":481.33,""c_blunt"":2.687256144359708,""cleave_G00_eV"":4.011803912930191,""cleave_exp_a"":1.3227705595549195,""cleave_exp_n"":1.2558047282509506,""cleave_floor_frac"":0.0184513317135146,""cleave_gT_eV_per_K"":0.0081468212408944,""cleave_sT_GPa_per_K"":-0.0012099820682778,""cleave_sigc0_GPa"":7.349638969637454,""emit_G00_eV"":2.0446315124630927,""emit_exp_a"":0.0858719444833695,""emit_exp_n"":1.1423492641188204,""emit_floor_frac"":0.0058420097608974,""emit_gT_eV_per_K"":0.000941995373927,""emit_sT_GPa_per_K"":0.0013325903080403,""emit_sigc0_GPa"":7.205215461552143,""peierls_H0_eV"":5.201713246648907,""peierls_activation_entropy_kB"":-51.272571246039945,""peierls_exp_a"":0.7914789887095557,""peierls_exp_n"":1.8435113901574272,""peierls_nu0_s"":1000000000000.0,""rho_source0_m2"":1.4102520844479966e+16,""taylor_H0_eV"":1.514634121773065,""taylor_activation_entropy_kB"":49.62597323453991,""taylor_corr_rho_c_m2"":5.048658963827588e+16,""taylor_corr_scale"":1.6868526506645987,""taylor_exp_a"":0.4999374499749951,""taylor_exp_n"":0.7764663297484417,""taylor_nu0_s"":100000000000.0}",fd54262dfa5dcfc0e600e028d2e04bbf7d3cc88a1d96e4a1724b6d75a851d380,50ead03bdc1dc5240eb2fea00eda4bcd24535887379f356a3105f3405852ed76,8197ce770333504c47b05ecaeb7497cf66ae6399cd8524360e3146bf2a9cc1f6,053d1575de97285ab9bde8a5c93bd121ccbeb9412630d9a0bad11ff5a6ced2e6,5.201713246648907,-51.272571246039945,0.7914789887095557,1.8435113901574272,1.514634121773065,49.62597323453991,0.4999374499749951,0.7764663297484417,5.048658963827588e+16,1.6868526506645987
v913_zeroD_sobol_0202500,DBTT,v913_zeroD_sobol_0202500,STAGE0_KINETIC_REGIME_MAP,HISTORICAL_CONTROL,"{""Tref_K"":481.33,""c_blunt"":2.929164256900549,""cleave_G00_eV"":2.357721022795886,""cleave_exp_a"":0.4968366474844515,""cleave_exp_n"":2.618804107885808,""cleave_floor_frac"":0.026239358201278,""cleave_gT_eV_per_K"":0.0056085130451247,""cleave_sT_GPa_per_K"":-0.0012041387008503,""cleave_sigc0_GPa"":6.7501407796517015,""emit_G00_eV"":3.344896922819316,""emit_exp_a"":0.1572539726179093,""emit_exp_n"":0.5156166724395007,""emit_floor_frac"":0.0103682254353579,""emit_gT_eV_per_K"":0.0061668124636635,""emit_sT_GPa_per_K"":-0.0052233074344694,""emit_sigc0_GPa"":2.7143102660775185,""peierls_H0_eV"":3.525720003992319,""peierls_activation_entropy_kB"":-36.33932862430811,""peierls_exp_a"":1.448395521938801,""peierls_exp_n"":1.871259921230376,""peierls_nu0_s"":1000000000000.0,""rho_source0_m2"":523948859759023.8,""taylor_H0_eV"":1.4998139148950578,""taylor_activation_entropy_kB"":31.365934647619724,""taylor_corr_rho_c_m2"":22042481205294.297,""taylor_corr_scale"":1.2690231726199324,""taylor_exp_a"":0.7048910272121429,""taylor_exp_n"":0.5389550719410181,""taylor_nu0_s"":100000000000.0}",54104a30a31aa19517810249cb3ea42a346b92670ce3bd4f007110ba3babb1c2,ca51dcc632ec9d96dcda209413dbf3b7a914ecb488433a281d6359ddf663c156,75bc5a555c5412dfb9c8337c0c0686a3fdc3e9f5a4774cfe4671664f61a40186,bac6b3b793ca3ac8948d4edaae059dfa6c410218904ef1f2f482767f0b3ce247,3.525720003992319,-36.33932862430811,1.448395521938801,1.871259921230376,1.4998139148950578,31.365934647619724,0.7048910272121429,0.5389550719410181,22042481205294.297,1.2690231726199324
oneD_v2_dbtt_TP_14b54bd9bc90d181,DBTT,v913_zeroD_sobol_0202500,STAGE0_KINETIC_REGIME_MAP,SOBOL_EMPIRICAL_BOUNDS,"{""Tref_K"":481.33,""c_blunt"":2.929164256900549,""cleave_G00_eV"":2.357721022795886,""cleave_exp_a"":0.4968366474844515,""cleave_exp_n"":2.618804107885808,""cleave_floor_frac"":0.026239358201278,""cleave_gT_eV_per_K"":0.0056085130451247,""cleave_sT_GPa_per_K"":-0.0012041387008503,""cleave_sigc0_GPa"":6.7501407796517015,""emit_G00_eV"":3.344896922819316,""emit_exp_a"":0.1572539726179093,""emit_exp_n"":0.5156166724395007,""emit_floor_frac"":0.0103682254353579,""emit_gT_eV_per_K"":0.0061668124636635,""emit_sT_GPa_per_K"":-0.0052233074344694,""emit_sigc0_GPa"":2.7143102660775185,""peierls_H0_eV"":2.550825880616673,""peierls_activation_entropy_kB"":17.999447152179556,""peierls_exp_a"":0.8937109238075837,""peierls_exp_n"":1.0604331473712694,""peierls_nu0_s"":1000000000000.0,""rho_source0_m2"":523948859759023.8,""taylor_H0_eV"":0.6982663060269714,""taylor_activation_entropy_kB"":-14.275309330251773,""taylor_corr_rho_c_m2"":50980238008865.42,""taylor_corr_scale"":0.36849617381522765,""taylor_exp_a"":1.0299385484306467,""taylor_exp_n"":0.5535228729501208,""taylor_nu0_s"":100000000000.0}",14b54bd9bc90d181f94e5bb8cc73e315b675a4f2afc35e0bee981c39a4ef2d31,ca51dcc632ec9d96dcda209413dbf3b7a914ecb488433a281d6359ddf663c156,75bc5a555c5412dfb9c8337c0c0686a3fdc3e9f5a4774cfe4671664f61a40186,b4423d9f46b5c02f63a166625d51e33d78b441956da48f0a3ca513702447f5c8,2.550825880616673,17.999447152179556,0.8937109238075837,1.0604331473712694,0.6982663060269714,-14.275309330251773,1.0299385484306467,0.5535228729501208,50980238008865.42,0.36849617381522765
oneD_v2_dbtt_TP_2541edf147d2fd05,DBTT,v913_zeroD_sobol_0202500,STAGE0_KINETIC_REGIME_MAP,SOBOL_EMPIRICAL_BOUNDS,"{""Tref_K"":481.33,""c_blunt"":2.929164256900549,""cleave_G00_eV"":2.357721022795886,""cleave_exp_a"":0.4968366474844515,""cleave_exp_n"":2.618804107885808,""cleave_floor_frac"":0.026239358201278,""cleave_gT_eV_per_K"":0.0056085130451247,""cleave_sT_GPa_per_K"":-0.0012041387008503,""cleave_sigc0_GPa"":6.7501407796517015,""emit_G00_eV"":3.344896922819316,""emit_exp_a"":0.1572539726179093,""emit_exp_n"":0.5156166724395007,""emit_floor_frac"":0.0103682254353579,""emit_gT_eV_per_K"":0.0061668124636635,""emit_sT_GPa_per_K"":-0.0052233074344694,""emit_sigc0_GPa"":2.7143102660775185,""peierls_H0_eV"":2.8991357589319686,""peierls_activation_entropy_kB"":11.274910542441589,""peierls_exp_a"":1.6786464897502749,""peierls_exp_n"":1.022712691857822,""peierls_nu0_s"":1000000000000.0,""rho_source0_m2"":523948859759023.8,""taylor_H0_eV"":0.6776213919280148,""taylor_activation_entropy_kB"":51.38946913025366,""taylor_corr_rho_c_m2"":2.65755176218519e+16,""taylor_corr_scale"":0.6835863768010061,""taylor_exp_a"":0.8862560714515578,""taylor_exp_n"":1.3569440126695878,""taylor_nu0_s"":100000000000.0}",2541edf147d2fd052ea929729b44fae21e2e9cef02ec826090780f1c3ddde54e,ca51dcc632ec9d96dcda209413dbf3b7a914ecb488433a281d6359ddf663c156,75bc5a555c5412dfb9c8337c0c0686a3fdc3e9f5a4774cfe4671664f61a40186,ed3468ff9e946c01a071ac724a0d7a704b0e0c2d64fc541b036136b305180d64,2.8991357589319686,11.274910542441589,1.6786464897502749,1.022712691857822,0.6776213919280148,51.38946913025366,0.8862560714515578,1.3569440126695878,2.65755176218519e+16,0.6835863768010061
oneD_v2_dbtt_TP_2677489447fc5cd0,DBTT,v913_zeroD_sobol_0202500,STAGE0_KINETIC_REGIME_MAP,SOBOL_EMPIRICAL_BOUNDS,"{""Tref_K"":481.33,""c_blunt"":2.929164256900549,""cleave_G00_eV"":2.357721022795886,""cleave_exp_a"":0.4968366474844515,""cleave_exp_n"":2.618804107885808,""cleave_floor_frac"":0.026239358201278,""cleave_gT_eV_per_K"":0.0056085130451247,""cleave_sT_GPa_per_K"":-0.0012041387008503,""cleave_sigc0_GPa"":6.7501407796517015,""emit_G00_eV"":3.344896922819316,""emit_exp_a"":0.1572539726179093,""emit_exp_n"":0.5156166724395007,""emit_floor_frac"":0.0103682254353579,""emit_gT_eV_per_K"":0.0061668124636635,""emit_sT_GPa_per_K"":-0.0052233074344694,""emit_sigc0_GPa"":2.7143102660775185,""peierls_H0_eV"":4.095012678199593,""peierls_activation_entropy_kB"":-51.66385279615534,""peierls_exp_a"":0.6451761007550051,""peierls_exp_n"":1.8791603292457184,""peierls_nu0_s"":1000000000000.0,""rho_source0_m2"":523948859759023.8,""taylor_H0_eV"":1.0122342008373624,""taylor_activation_entropy_kB"":10.320248088477328,""taylor_corr_rho_c_m2"":4.4380588571907176e+16,""taylor_corr_scale"":2.244009059149036,""taylor_exp_a"":0.4584426669902566,""taylor_exp_n"":1.2838289852419145,""taylor_nu0_s"":100000000000.0}",2677489447fc5cd0c70e02dbeadfb5586b39852adf72302a5e77e94ea221025c,ca51dcc632ec9d96dcda209413dbf3b7a914ecb488433a281d6359ddf663c156,75bc5a555c5412dfb9c8337c0c0686a3fdc3e9f5a4774cfe4671664f61a40186,8d0994a0cd8a0b8a79b2e556b28a308b62a2d4286d0499a74b6a99d48547c65e,4.095012678199593,-51.66385279615534,0.6451761007550051,1.8791603292457184,1.0122342008373624,10.320248088477328,0.4584426669902566,1.2838289852419145,4.4380588571907176e+16,2.244009059149036
oneD_v2_dbtt_TP_2aca55acc7844b78,DBTT,v913_zeroD_sobol_0202500,STAGE0_KINETIC_REGIME_MAP,SOBOL_EMPIRICAL_BOUNDS,"{""Tref_K"":481.33,""c_blunt"":2.929164256900549,""cleave_G00_eV"":2.357721022795886,""cleave_exp_a"":0.4968366474844515,""cleave_exp_n"":2.618804107885808,""cleave_floor_frac"":0.026239358201278,""cleave_gT_eV_per_K"":0.0056085130451247,""cleave_sT_GPa_per_K"":-0.0012041387008503,""cleave_sigc0_GPa"":6.7501407796517015,""emit_G00_eV"":3.344896922819316,""emit_exp_a"":0.1572539726179093,""emit_exp_n"":0.5156166724395007,""emit_floor_frac"":0.0103682254353579,""emit_gT_eV_per_K"":0.0061668124636635,""emit_sT_GPa_per_K"":-0.0052233074344694,""emit_sigc0_GPa"":2.7143102660775185,""peierls_H0_eV"":5.091042709243077,""peierls_activation_entropy_kB"":-51.76734960491173,""peierls_exp_a"":0.28488758857883734,""peierls_exp_n"":1.9297267128393876,""peierls_nu0_s"":1000000000000.0,""rho_source0_m2"":523948859759023.8,""taylor_H0_eV"":1.6348567659044928,""taylor_activation_entropy_kB"":-11.98470740989486,""taylor_corr_rho_c_m2"":9455443978630.674,""taylor_corr_scale"":0.18104751558764556,""taylor_exp_a"":0.7655989736139666,""taylor_exp_n"":1.3912764853871311,""taylor_nu0_s"":100000000000.0}",2aca55acc7844b7809ef1e4ac20177fe7fc2a1789270a7d5892cf3d54145acb9,ca51dcc632ec9d96dcda209413dbf3b7a914ecb488433a281d6359ddf663c156,75bc5a555c5412dfb9c8337c0c0686a3fdc3e9f5a4774cfe4671664f61a40186,0a65ef533c1a7e3995293602992d72380a56e75174a90e0b7bfabc72420fb0d6,5.091042709243077,-51.76734960491173,0.28488758857883734,1.9297267128393876,1.6348567659044928,-11.98470740989486,0.7655989736139666,1.3912764853871311,9455443978630.674,0.18104751558764556
oneD_v2_dbtt_TP_4f71a68276e22b73,DBTT,v913_zeroD_sobol_0202500,STAGE0_KINETIC_REGIME_MAP,SOBOL_EMPIRICAL_BOUNDS,"{""Tref_K"":481.33,""c_blunt"":2.929164256900549,""cleave_G00_eV"":2.357721022795886,""cleave_exp_a"":0.4968366474844515,""cleave_exp_n"":2.618804107885808,""cleave_floor_frac"":0.026239358201278,""cleave_gT_eV_per_K"":0.0056085130451247,""cleave_sT_GPa_per_K"":-0.0012041387008503,""cleave_sigc0_GPa"":6.7501407796517015,""emit_G00_eV"":3.344896922819316,""emit_exp_a"":0.1572539726179093,""emit_exp_n"":0.5156166724395007,""emit_floor_frac"":0.0103682254353579,""emit_gT_eV_per_K"":0.0061668124636635,""emit_sT_GPa_per_K"":-0.0052233074344694,""emit_sigc0_GPa"":2.7143102660775185,""peierls_H0_eV"":2.3468038848420023,""peierls_activation_entropy_kB"":-32.3666276494681,""peierls_exp_a"":0.3157052503629686,""peierls_exp_n"":1.0481523094219487,""peierls_nu0_s"":1000000000000.0,""rho_source0_m2"":523948859759023.8,""taylor_H0_eV"":2.529443639856913,""taylor_activation_entropy_kB"":-16.322073075429998,""taylor_corr_rho_c_m2"":9083260807289.557,""taylor_corr_scale"":2.3944906657104057,""taylor_exp_a"":0.6219377704661262,""taylor_exp_n"":0.602640551226665,""taylor_nu0_s"":100000000000.0}",4f71a68276e22b73d23519ad6bc44d7ad7e1f48cc1052add2e76ca9d368cfb57,ca51dcc632ec9d96dcda209413dbf3b7a914ecb488433a281d6359ddf663c156,75bc5a555c5412dfb9c8337c0c0686a3fdc3e9f5a4774cfe4671664f61a40186,47eaa5d4bd492bfe76c569e47fd7aa5ffdbc87914eeada3b7be62b3668de1903,2.3468038848420023,-32.3666276494681,0.3157052503629686,1.0481523094219487,2.529443639856913,-16.322073075429998,0.6219377704661262,0.602640551226665,9083260807289.557,2.3944906657104057
oneD_v2_dbtt_TP_6ca03f05fbae34e9,DBTT,v913_zeroD_sobol_0202500,STAGE0_KINETIC_REGIME_MAP,SOBOL_EMPIRICAL_BOUNDS,"{""Tref_K"":481.33,""c_blunt"":2.929164256900549,""cleave_G00_eV"":2.357721022795886,""cleave_exp_a"":0.4968366474844515,""cleave_exp_n"":2.618804107885808,""cleave_floor_frac"":0.026239358201278,""cleave_gT_eV_per_K"":0.0056085130451247,""cleave_sT_GPa_per_K"":-0.0012041387008503,""cleave_sigc0_GPa"":6.7501407796517015,""emit_G00_eV"":3.344896922819316,""emit_exp_a"":0.1572539726179093,""emit_exp_n"":0.5156166724395007,""emit_floor_frac"":0.0103682254353579,""emit_gT_eV_per_K"":0.0061668124636635,""emit_sT_GPa_per_K"":-0.0052233074344694,""emit_sigc0_GPa"":2.7143102660775185,""peierls_H0_eV"":7.880182977008354,""peierls_activation_entropy_kB"":-46.12489256430072,""peierls_exp_a"":0.2348148585753673,""peierls_exp_n"":1.1677829988555286,""peierls_nu0_s"":1000000000000.0,""rho_source0_m2"":523948859759023.8,""taylor_H0_eV"":0.616509666462619,""taylor_activation_entropy_kB"":42.67988842897373,""taylor_corr_rho_c_m2"":1.8684656953253076e+16,""taylor_corr_scale"":0.24904376882485638,""taylor_exp_a"":0.7118217167260968,""taylor_exp_n"":1.398649126948054,""taylor_nu0_s"":100000000000.0}",6ca03f05fbae34e95e7eca2e194633788631e38be9b56ff7be629ac3ba44b9e0,ca51dcc632ec9d96dcda209413dbf3b7a914ecb488433a281d6359ddf663c156,75bc5a555c5412dfb9c8337c0c0686a3fdc3e9f5a4774cfe4671664f61a40186,bffdd185a7bd9dda8bc47179936b5d123ff680fae4aa8f1604bcc6b7886a88e1,7.880182977008354,-46.12489256430072,0.2348148585753673,1.1677829988555286,0.616509666462619,42.67988842897373,0.7118217167260968,1.398649126948054,1.8684656953253076e+16,0.24904376882485638
oneD_v2_dbtt_TP_6e28531f9ed61cfd,DBTT,v913_zeroD_sobol_0202500,STAGE0_KINETIC_REGIME_MAP,SOBOL_EMPIRICAL_BOUNDS,"{""Tref_K"":481.33,""c_blunt"":2.929164256900549,""cleave_G00_eV"":2.357721022795886,""cleave_exp_a"":0.4968366474844515,""cleave_exp_n"":2.618804107885808,""cleave_floor_frac"":0.026239358201278,""cleave_gT_eV_per_K"":0.0056085130451247,""cleave_sT_GPa_per_K"":-0.0012041387008503,""cleave_sigc0_GPa"":6.7501407796517015,""emit_G00_eV"":3.344896922819316,""emit_exp_a"":0.1572539726179093,""emit_exp_n"":0.5156166724395007,""emit_floor_frac"":0.0103682254353579,""emit_gT_eV_per_K"":0.0061668124636635,""emit_sT_GPa_per_K"":-0.0052233074344694,""emit_sigc0_GPa"":2.7143102660775185,""peierls_H0_eV"":7.037877366941915,""peierls_activation_entropy_kB"":-31.002260591317423,""peierls_exp_a"":1.656130601282176,""peierls_exp_n"":1.2875916540010588,""peierls_nu0_s"":1000000000000.0,""rho_source0_m2"":523948859759023.8,""taylor_H0_eV"":2.478489428054097,""taylor_activation_entropy_kB"":-5.841615182309345,""taylor_corr_rho_c_m2"":1.4892092747453652e+16,""taylor_corr_scale"":2.3188429793933545,""taylor_exp_a"":0.8951952205645435,""taylor_exp_n"":0.6337122421771273,""taylor_nu0_s"":100000000000.0}",6e28531f9ed61cfd2a3e933e76146aeef1a877e8b9df0f179b18a63c0463cf1b,ca51dcc632ec9d96dcda209413dbf3b7a914ecb488433a281d6359ddf663c156,75bc5a555c5412dfb9c8337c0c0686a3fdc3e9f5a4774cfe4671664f61a40186,4c3f200594d1b70f79319d970b782ec5efba9fb9db61dd72390b57eac2135ddc,7.037877366941915,-31.002260591317423,1.656130601282176,1.2875916540010588,2.478489428054097,-5.841615182309345,0.8951952205645435,0.6337122421771273,1.4892092747453652e+16,2.3188429793933545
oneD_v2_dbtt_TP_7fdb5f77b0da77b0,DBTT,v913_zeroD_sobol_0202500,STAGE0_KINETIC_REGIME_MAP,SOBOL_EMPIRICAL_BOUNDS,"{""Tref_K"":481.33,""c_blunt"":2.929164256900549,""cleave_G00_eV"":2.357721022795886,""cleave_exp_a"":0.4968366474844515,""cleave_exp_n"":2.618804107885808,""cleave_floor_frac"":0.026239358201278,""cleave_gT_eV_per_K"":0.0056085130451247,""cleave_sT_GPa_per_K"":-0.0012041387008503,""cleave_sigc0_GPa"":6.7501407796517015,""emit_G00_eV"":3.344896922819316,""emit_exp_a"":0.1572539726179093,""emit_exp_n"":0.5156166724395007,""emit_floor_frac"":0.0103682254353579,""emit_gT_eV_per_K"":0.0061668124636635,""emit_sT_GPa_per_K"":-0.0052233074344694,""emit_sigc0_GPa"":2.7143102660775185,""peierls_H0_eV"":9.1072321175572,""peierls_activation_entropy_kB"":-35.85211250054895,""peierls_exp_a"":1.4279923050762915,""peierls_exp_n"":1.560670596161147,""peierls_nu0_s"":1000000000000.0,""rho_source0_m2"":523948859759023.8,""taylor_H0_eV"":2.6567171689406757,""taylor_activation_entropy_kB"":51.56388472970512,""taylor_corr_rho_c_m2"":2.3659872136372228e+16,""taylor_corr_scale"":0.19970878152669308,""taylor_exp_a"":0.5975033455224952,""taylor_exp_n"":0.7414808787220369,""taylor_nu0_s"":100000000000.0}",7fdb5f77b0da77b08d8190f947e5a38e3b0f1147669f372def472e459107a082,ca51dcc632ec9d96dcda209413dbf3b7a914ecb488433a281d6359ddf663c156,75bc5a555c5412dfb9c8337c0c0686a3fdc3e9f5a4774cfe4671664f61a40186,c31ecbcf7bb4b30d3f166e52cd969f13add748434a5e47f8763673657edfaaa4,9.1072321175572,-35.85211250054895,1.4279923050762915,1.560670596161147,2.6567171689406757,51.56388472970512,0.5975033455224952,0.7414808787220369,2.3659872136372228e+16,0.19970878152669308
oneD_v2_dbtt_TP_9d9cf96a333db212,DBTT,v913_zeroD_sobol_0202500,STAGE0_KINETIC_REGIME_MAP,SOBOL_EMPIRICAL_BOUNDS,"{""Tref_K"":481.33,""c_blunt"":2.929164256900549,""cleave_G00_eV"":2.357721022795886,""cleave_exp_a"":0.4968366474844515,""cleave_exp_n"":2.618804107885808,""cleave_floor_frac"":0.026239358201278,""cleave_gT_eV_per_K"":0.0056085130451247,""cleave_sT_GPa_per_K"":-0.0012041387008503,""cleave_sigc0_GPa"":6.7501407796517015,""emit_G00_eV"":3.344896922819316,""emit_exp_a"":0.1572539726179093,""emit_exp_n"":0.5156166724395007,""emit_floor_frac"":0.0103682254353579,""emit_gT_eV_per_K"":0.0061668124636635,""emit_sT_GPa_per_K"":-0.0052233074344694,""emit_sigc0_GPa"":2.7143102660775185,""peierls_H0_eV"":7.636361925974472,""peierls_activation_entropy_kB"":-33.26344598176196,""peierls_exp_a"":0.2709378214351773,""peierls_exp_n"":1.0277824547526824,""peierls_nu0_s"":1000000000000.0,""rho_source0_m2"":523948859759023.8,""taylor_H0_eV"":0.6431295545567919,""taylor_activation_entropy_kB"":22.546547962578934,""taylor_corr_rho_c_m2"":25761598739418.535,""taylor_corr_scale"":1.277149197752465,""taylor_exp_a"":1.0118257779854813,""taylor_exp_n"":1.360946601417325,""taylor_nu0_s"":100000000000.0}",9d9cf96a333db212622276272d0d0fb37a8de0635bf652e6a5eccb09174acf95,ca51dcc632ec9d96dcda209413dbf3b7a914ecb488433a281d6359ddf663c156,75bc5a555c5412dfb9c8337c0c0686a3fdc3e9f5a4774cfe4671664f61a40186,7bc3f354a5362157c7b770c7b84aaf2edd6545ed08e604db9d908714cdcca32f,7.636361925974472,-33.26344598176196,0.2709378214351773,1.0277824547526824,0.6431295545567919,22.546547962578934,1.0118257779854813,1.360946601417325,25761598739418.535,1.277149197752465
oneD_v2_dbtt_TP_aad20e7160a81ecb,DBTT,v913_zeroD_sobol_0202500,STAGE0_KINETIC_REGIME_MAP,SOBOL_EMPIRICAL_BOUNDS,"{""Tref_K"":481.33,""c_blunt"":2.929164256900549,""cleave_G00_eV"":2.357721022795886,""cleave_exp_a"":0.4968366474844515,""cleave_exp_n"":2.618804107885808,""cleave_floor_frac"":0.026239358201278,""cleave_gT_eV_per_K"":0.0056085130451247,""cleave_sT_GPa_per_K"":-0.0012041387008503,""cleave_sigc0_GPa"":6.7501407796517015,""emit_G00_eV"":3.344896922819316,""emit_exp_a"":0.1572539726179093,""emit_exp_n"":0.5156166724395007,""emit_floor_frac"":0.0103682254353579,""emit_gT_eV_per_K"":0.0061668124636635,""emit_sT_GPa_per_K"":-0.0052233074344694,""emit_sigc0_GPa"":2.7143102660775185,""peierls_H0_eV"":3.5898528595432526,""peierls_activation_entropy_kB"":18.642889389345115,""peierls_exp_a"":0.3032445581243763,""peierls_exp_n"":1.600923516694453,""peierls_nu0_s"":1000000000000.0,""rho_source0_m2"":523948859759023.8,""taylor_H0_eV"":0.7440893103842946,""taylor_activation_entropy_kB"":-5.250578086549565,""taylor_corr_rho_c_m2"":53788790210970.16,""taylor_corr_scale"":1.6712768234895432,""taylor_exp_a"":0.4992196942923107,""taylor_exp_n"":1.27286752692181,""taylor_nu0_s"":100000000000.0}",aad20e7160a81ecbd5a841772260e1c85638ec9071b29ea3b81282012f4bbbaa,ca51dcc632ec9d96dcda209413dbf3b7a914ecb488433a281d6359ddf663c156,75bc5a555c5412dfb9c8337c0c0686a3fdc3e9f5a4774cfe4671664f61a40186,a69ca1667dfabaef683dbc43dcb2fa32000a6b83ba131bc6d35d6188589f29f1,3.5898528595432526,18.642889389345115,0.3032445581243763,1.600923516694453,0.7440893103842946,-5.250578086549565,0.4992196942923107,1.27286752692181,53788790210970.16,1.6712768234895432
oneD_v2_dbtt_TP_c9c33dbc01959598,DBTT,v913_zeroD_sobol_0202500,STAGE0_KINETIC_REGIME_MAP,SOBOL_EMPIRICAL_BOUNDS,"{""Tref_K"":481.33,""c_blunt"":2.929164256900549,""cleave_G00_eV"":2.357721022795886,""cleave_exp_a"":0.4968366474844515,""cleave_exp_n"":2.618804107885808,""cleave_floor_frac"":0.026239358201278,""cleave_gT_eV_per_K"":0.0056085130451247,""cleave_sT_GPa_per_K"":-0.0012041387008503,""cleave_sigc0_GPa"":6.7501407796517015,""emit_G00_eV"":3.344896922819316,""emit_exp_a"":0.1572539726179093,""emit_exp_n"":0.5156166724395007,""emit_floor_frac"":0.0103682254353579,""emit_gT_eV_per_K"":0.0061668124636635,""emit_sT_GPa_per_K"":-0.0052233074344694,""emit_sigc0_GPa"":2.7143102660775185,""peierls_H0_eV"":3.8907106505108167,""peierls_activation_entropy_kB"":-54.04036790062081,""peierls_exp_a"":0.23597818763481082,""peierls_exp_n"":1.2492593422472598,""peierls_nu0_s"":1000000000000.0,""rho_source0_m2"":523948859759023.8,""taylor_H0_eV"":1.9220344077774236,""taylor_activation_entropy_kB"":55.10850218633442,""taylor_corr_rho_c_m2"":104655867667126.88,""taylor_corr_scale"":0.14649685359088713,""taylor_exp_a"":0.4561506949163968,""taylor_exp_n"":0.5923771755023174,""taylor_nu0_s"":100000000000.0}",c9c33dbc019595987d1b61622e1b1954eb68e1e673ddeb22f05229ad54e186e1,ca51dcc632ec9d96dcda209413dbf3b7a914ecb488433a281d6359ddf663c156,75bc5a555c5412dfb9c8337c0c0686a3fdc3e9f5a4774cfe4671664f61a40186,3cfa984e28efe8b2730cc948694114da037cc9c17e0195ae0b7fb25000e52ded,3.8907106505108167,-54.04036790062081,0.23597818763481082,1.2492593422472598,1.9220344077774236,55.10850218633442,0.4561506949163968,0.5923771755023174,104655867667126.88,0.14649685359088713
oneD_v2_dbtt_TP_d9075bbb41851d0e,DBTT,v913_zeroD_sobol_0202500,STAGE0_KINETIC_REGIME_MAP,SOBOL_EMPIRICAL_BOUNDS,"{""Tref_K"":481.33,""c_blunt"":2.929164256900549,""cleave_G00_eV"":2.357721022795886,""cleave_exp_a"":0.4968366474844515,""cleave_exp_n"":2.618804107885808,""cleave_floor_frac"":0.026239358201278,""cleave_gT_eV_per_K"":0.0056085130451247,""cleave_sT_GPa_per_K"":-0.0012041387008503,""cleave_sigc0_GPa"":6.7501407796517015,""emit_G00_eV"":3.344896922819316,""emit_exp_a"":0.1572539726179093,""emit_exp_n"":0.5156166724395007,""emit_floor_frac"":0.0103682254353579,""emit_gT_eV_per_K"":0.0061668124636635,""emit_sT_GPa_per_K"":-0.0052233074344694,""emit_sigc0_GPa"":2.7143102660775185,""peierls_H0_eV"":2.527362563776405,""peierls_activation_entropy_kB"":-3.678003232388349,""peierls_exp_a"":0.23867957666067752,""peierls_exp_n"":1.0830372309504719,""peierls_nu0_s"":1000000000000.0,""rho_source0_m2"":523948859759023.8,""taylor_H0_eV"":2.6723611809418357,""taylor_activation_entropy_kB"":-6.841895677594941,""taylor_corr_rho_c_m2"":3.786736039178416e+16,""taylor_corr_scale"":1.5173838457088087,""taylor_exp_a"":0.9008544485663293,""taylor_exp_n"":1.4076413947127597,""taylor_nu0_s"":100000000000.0}",d9075bbb41851d0ec3fb1188d65966ca72743fddf1a0a5f10b9b99d9606c245c,ca51dcc632ec9d96dcda209413dbf3b7a914ecb488433a281d6359ddf663c156,75bc5a555c5412dfb9c8337c0c0686a3fdc3e9f5a4774cfe4671664f61a40186,9b598dfbd149f7e881d88d2892fd5ecc5f7575cc3ae6f8e83b49f35a985fdc4c,2.527362563776405,-3.678003232388349,0.23867957666067752,1.0830372309504719,2.6723611809418357,-6.841895677594941,0.9008544485663293,1.4076413947127597,3.786736039178416e+16,1.5173838457088087
oneD_v2_dbtt_TP_e063e08bdade4e14,DBTT,v913_zeroD_sobol_0202500,STAGE0_KINETIC_REGIME_MAP,SOBOL_EMPIRICAL_BOUNDS,"{""Tref_K"":481.33,""c_blunt"":2.929164256900549,""cleave_G00_eV"":2.357721022795886,""cleave_exp_a"":0.4968366474844515,""cleave_exp_n"":2.618804107885808,""cleave_floor_frac"":0.026239358201278,""cleave_gT_eV_per_K"":0.0056085130451247,""cleave_sT_GPa_per_K"":-0.0012041387008503,""cleave_sigc0_GPa"":6.7501407796517015,""emit_G00_eV"":3.344896922819316,""emit_exp_a"":0.1572539726179093,""emit_exp_n"":0.5156166724395007,""emit_floor_frac"":0.0103682254353579,""emit_gT_eV_per_K"":0.0061668124636635,""emit_sT_GPa_per_K"":-0.0052233074344694,""emit_sigc0_GPa"":2.7143102660775185,""peierls_H0_eV"":9.559459691249955,""peierls_activation_entropy_kB"":19.394877331398632,""peierls_exp_a"":0.8022069520100643,""peierls_exp_n"":1.378266703027734,""peierls_nu0_s"":1000000000000.0,""rho_source0_m2"":523948859759023.8,""taylor_H0_eV"":1.4008701634106844,""taylor_activation_entropy_kB"":-15.990877616260395,""taylor_corr_rho_c_m2"":108379142626510.69,""taylor_corr_scale"":0.1784392665460425,""taylor_exp_a"":0.5053591838146338,""taylor_exp_n"":0.7153170881850851,""taylor_nu0_s"":100000000000.0}",e063e08bdade4e14158727562c61d124c3dc83ca9144a27573ea57b253092388,ca51dcc632ec9d96dcda209413dbf3b7a914ecb488433a281d6359ddf663c156,75bc5a555c5412dfb9c8337c0c0686a3fdc3e9f5a4774cfe4671664f61a40186,c8c3722b7310fc66ddcb412e63c8c5223af3d380e697d2c7297b0bb6fa985ae5,9.559459691249955,19.394877331398632,0.8022069520100643,1.378266703027734,1.4008701634106844,-15.990877616260395,0.5053591838146338,0.7153170881850851,108379142626510.69,0.1784392665460425
oneD_v2_dbtt_TP_e535e29236d96df6,DBTT,v913_zeroD_sobol_0202500,STAGE0_KINETIC_REGIME_MAP,SOBOL_EMPIRICAL_BOUNDS,"{""Tref_K"":481.33,""c_blunt"":2.929164256900549,""cleave_G00_eV"":2.357721022795886,""cleave_exp_a"":0.4968366474844515,""cleave_exp_n"":2.618804107885808,""cleave_floor_frac"":0.026239358201278,""cleave_gT_eV_per_K"":0.0056085130451247,""cleave_sT_GPa_per_K"":-0.0012041387008503,""cleave_sigc0_GPa"":6.7501407796517015,""emit_G00_eV"":3.344896922819316,""emit_exp_a"":0.1572539726179093,""emit_exp_n"":0.5156166724395007,""emit_floor_frac"":0.0103682254353579,""emit_gT_eV_per_K"":0.0061668124636635,""emit_sT_GPa_per_K"":-0.0052233074344694,""emit_sigc0_GPa"":2.7143102660775185,""peierls_H0_eV"":2.2902724673343475,""peierls_activation_entropy_kB"":-53.971455948885044,""peierls_exp_a"":1.2671107657722371,""peierls_exp_n"":1.0181131939906478,""peierls_nu0_s"":1000000000000.0,""rho_source0_m2"":523948859759023.8,""taylor_H0_eV"":2.7327515415258867,""taylor_activation_entropy_kB"":48.7490118123354,""taylor_corr_rho_c_m2"":14720683447174.732,""taylor_corr_scale"":0.19615323653495942,""taylor_exp_a"":0.8499217301152303,""taylor_exp_n"":1.121105478302965,""taylor_nu0_s"":100000000000.0}",e535e29236d96df61b28a7e87250bdc86266572619ea1500ccaaf403eb7414de,ca51dcc632ec9d96dcda209413dbf3b7a914ecb488433a281d6359ddf663c156,75bc5a555c5412dfb9c8337c0c0686a3fdc3e9f5a4774cfe4671664f61a40186,71c899282fec395b4f8dd0859e9c3df6aa568ba1f9a546e8121f3460cd0e6a4e,2.2902724673343475,-53.971455948885044,1.2671107657722371,1.0181131939906478,2.7327515415258867,48.7490118123354,0.8499217301152303,1.121105478302965,14720683447174.732,0.19615323653495942
oneD_v2_dbtt_TP_fce787a9ea826e10,DBTT,v913_zeroD_sobol_0202500,STAGE0_KINETIC_REGIME_MAP,SOBOL_EMPIRICAL_BOUNDS,"{""Tref_K"":481.33,""c_blunt"":2.929164256900549,""cleave_G00_eV"":2.357721022795886,""cleave_exp_a"":0.4968366474844515,""cleave_exp_n"":2.618804107885808,""cleave_floor_frac"":0.026239358201278,""cleave_gT_eV_per_K"":0.0056085130451247,""cleave_sT_GPa_per_K"":-0.0012041387008503,""cleave_sigc0_GPa"":6.7501407796517015,""emit_G00_eV"":3.344896922819316,""emit_exp_a"":0.1572539726179093,""emit_exp_n"":0.5156166724395007,""emit_floor_frac"":0.0103682254353579,""emit_gT_eV_per_K"":0.0061668124636635,""emit_sT_GPa_per_K"":-0.0052233074344694,""emit_sigc0_GPa"":2.7143102660775185,""peierls_H0_eV"":4.573133423235115,""peierls_activation_entropy_kB"":17.16092419552082,""peierls_exp_a"":1.2607936660845276,""peierls_exp_n"":1.9362325873651869,""peierls_nu0_s"":1000000000000.0,""rho_source0_m2"":523948859759023.8,""taylor_H0_eV"":1.2230330352144616,""taylor_activation_entropy_kB"":55.162134295306686,""taylor_corr_rho_c_m2"":2.1983644956022172e+16,""taylor_corr_scale"":0.1764160553701598,""taylor_exp_a"":1.0529073910052151,""taylor_exp_n"":0.5599086707026526,""taylor_nu0_s"":100000000000.0}",fce787a9ea826e10551ef5a5fd3e7c5eec02b264486eebaec07bf9636582b50e,ca51dcc632ec9d96dcda209413dbf3b7a914ecb488433a281d6359ddf663c156,75bc5a555c5412dfb9c8337c0c0686a3fdc3e9f5a4774cfe4671664f61a40186,190773a852d310cb8443c5f35b2d2a43760f0e8ea8e67c189688867dac4c0ee3,4.573133423235115,17.16092419552082,1.2607936660845276,1.9362325873651869,1.2230330352144616,55.162134295306686,1.0529073910052151,0.5599086707026526,2.1983644956022172e+16,0.1764160553701598
