provider,material_class,candidate_id,temperature_K,target_um,status,event_count,physical_avalanche_count,precursor_reinitiation_count,largest_avalanche_fraction,first_event_opening_um,first_event_native_KJ_MPa_sqrt_m,onset_envelope_min_MPa_sqrt_m,onset_envelope_max_MPa_sqrt_m,qualified_G_onset_min_J_m2,qualified_G_onset_max_J_m2,mean_event_size_um,median_event_size_um,terminal_extension_um,terminal_opening_um,max_tip_radius_um,max_backstress_GPa,minimum_front_width_um,max_source_multiplicity,model_contract,resistance_candidate_policy,target_termination_semantics,initial_onset_native_KJ_MPa_sqrt_m,maximum_onset_native_KJ_MPa_sqrt_m,deltaK_reinit_MPa_sqrt_m,relative_deltaK_reinit,initial_onset_qualified_G_J_per_m2,maximum_onset_qualified_G_J_per_m2,deltaG_reinit_J_per_m2,relative_deltaG_reinit,N_reinit,onset_sequence_monotonicity,reload_increment_min_um,reload_increment_max_um,maximum_event_size_um,final_avalanche_extension_um,onset_candidates_json,avalanche_extensions_um_json,event_sizes_um_json,in_avalanche_native_drive_json,in_avalanche_drive_interpretation,hazard_seed,regression_status,reference_initial_onset_MPa_sqrt_m,initial_onset_absolute_error_MPa_sqrt_m,reference_physical_avalanche_count
PF,weak-T,oneD_v2_focused_weak_T_0016,300.0,100.0,TARGET_RIGHT_CENSORED,20,1,0,1.0,10.662828919716318,21.197350994801074,21.197350994801074,21.197350994801074,,,4.999999999999999,5.0,99.99999999999999,11.351045471669806,1.241411614413185,2.1060670885279267,0.5697009238876948,1542860.4606869381,SOURCE_NORMALIZED_DRIVE+V913_ZEROD_IMPLICIT_BACKSTRESS_V2,PRE_EVENT_RELOAD_SEPARATED_ONLY,RIGHT_CENSORED_NOT_PHYSICAL_ARREST,21.197350994801074,21.197350994801074,0.0,0.0,,,,,0,NOT_APPLICABLE,,,5.0,99.99999999999999,"[{""K_app_or_common_reference_MPa_sqrt_m"":21.197350994801074,""K_effective_local_equivalent_MPa_sqrt_m"":19.024957224639873,""K_native_MPa_sqrt_m"":21.197350994801074,""K_shield_MPa_sqrt_m"":NaN,""K_shield_status"":""NOT_REPRESENTED_IN_ZEROD_PREDICTIVE_STATE"",""backstress_Pa"":2106067088.5279264,""chi_ret_max"":719.0767147490095,""chi_taylor_completion_max"":1633.7461284258186,""encounter_rate_s_by_system"":[81434822.50899987,81422678.45769995],""event_index"":0,""event_opening_m"":1.0662828919716318e-05,""event_time_s"":447.83881462808534,""extension_before_m"":0.0,""front_width_m"":5.697009238876947e-07,""mobile_density_m2"":1066233288951468.5,""native_KJ_MPa_sqrt_m"":21.197350994801074,""onset_ordinal"":0,""peierls_rate_s_by_system"":[17780050.83367871,17777399.36539049],""peierls_velocity_m_s_by_system"":[0.22649828825961732,0.2264645114704352],""physical_avalanche_index"":0,""qualified_G_J_per_m2"":null,""reload_opening_m"":null,""resolved_emission_drive_Pa_by_system"":[6471936563.2970085,6469940767.855034],""retained_density_m2"":469317982763277.56,""retained_equilibrium_fraction_max"":0.3056546244922919,""retention_encounter_time_s_min"":1.2279759066086057e-08,""source_multiplicity"":109116.23624159402,""source_opening_stress_Pa"":7589859819.737542,""taylor_completion_rate_s_by_system"":[184992759.42033392,184992759.42033392],""taylor_completion_time_s_min"":5.405616971893672e-09,""timescale_source"":""ZEROD_PERSISTENT_V913_SOURCE_OWNED_RATES"",""tip_radius_m"":1.241411614413185e-06,""transport_distance_m"":2e-06,""transport_time_s_min"":8.830088807150524e-06}]",[99.99999999999999],"[5.0,5.0,5.0,5.0,5.0,5.0,5.0,5.0,5.0,5.0,5.0,5.0,5.0,5.0,5.0,5.0,5.0,5.0,5.0,4.999999999999986]","[21.197350994801074,21.260169000150363,21.26858387585538,21.26573428560872,21.270408796550047,21.321059066050207,21.252658269252105,21.15419264883162,21.042658132169265,20.92419038325107,20.801857356470524,20.714169849517162,20.624206033467104,20.53345964317987,20.443091605841005,20.35389282436058,20.268072736525045,20.184014089641778,20.1020323173147,20.02249560888366]",MODEL_NATIVE_TRAJECTORY_NOT_RESISTANCE,2008666,NUMERIC_REPRODUCTION_PASS,21.197350994801074,0.0,1.0
PF,weak-T,oneD_v2_focused_weak_T_0016,1000.0,100.0,TARGET_RIGHT_CENSORED,20,1,0,1.0,13.345645202126967,26.530700973592523,26.530700973592523,26.530700973592523,,,4.999999999999999,5.0,99.99999999999999,13.34596042377472,2.9190348247276967,5.937922936295213,0.20234923356223367,1353420.9033586793,SOURCE_NORMALIZED_DRIVE+V913_ZEROD_IMPLICIT_BACKSTRESS_V2,PRE_EVENT_RELOAD_SEPARATED_ONLY,RIGHT_CENSORED_NOT_PHYSICAL_ARREST,26.530700973592523,26.530700973592523,0.0,0.0,,,,,0,NOT_APPLICABLE,,,5.0,99.99999999999999,"[{""K_app_or_common_reference_MPa_sqrt_m"":26.530700973592523,""K_effective_local_equivalent_MPa_sqrt_m"":15.528484990094272,""K_native_MPa_sqrt_m"":26.530700973592523,""K_shield_MPa_sqrt_m"":NaN,""K_shield_status"":""NOT_REPRESENTED_IN_ZEROD_PREDICTIVE_STATE"",""backstress_Pa"":5937922936.295213,""chi_ret_max"":2954.812082181416,""chi_taylor_completion_max"":6026.2130614352245,""encounter_rate_s_by_system"":[41343625943.204735,41322250536.71744],""event_index"":0,""event_opening_m"":1.3345645202126967e-05,""event_time_s"":560.5170984893323,""extension_before_m"":0.0,""front_width_m"":2.0234923356223366e-07,""mobile_density_m2"":8189943134855032.0,""native_KJ_MPa_sqrt_m"":26.530700973592523,""onset_ordinal"":0,""peierls_rate_s_by_system"":[9026749838.34512,9022082844.518335],""peierls_velocity_m_s_by_system"":[40.8430318247631,40.821915234538835],""physical_avalanche_index"":0,""qualified_G_J_per_m2"":null,""reload_opening_m"":null,""resolved_emission_drive_Pa_by_system"":[5941000823.039305,5936183885.923209],""retained_density_m2"":4016496777899039.0,""retained_equilibrium_fraction_max"":0.32912027996583804,""retention_encounter_time_s_min"":2.4187525336402205e-11,""source_multiplicity"":91131.28401422736,""source_opening_stress_Pa"":6194969213.127627,""taylor_completion_rate_s_by_system"":[84274965373.91528,84274965373.91528],""taylor_completion_time_s_min"":1.1865920034059358e-11,""timescale_source"":""ZEROD_PERSISTENT_V913_SOURCE_OWNED_RATES"",""tip_radius_m"":2.9190348247276966e-06,""transport_distance_m"":2.9190348247276966e-06,""transport_time_s_min"":7.146959210207035e-08}]",[99.99999999999999],"[5.0,5.0,5.0,5.0,5.0,5.0,5.0,5.0,5.0,5.0,5.0,5.0,5.0,5.0,5.0,5.0,5.0,5.0,5.0,4.999999999999986]","[26.530700973592523,26.314525879873653,26.103599145935224,25.904165581839035,25.70478992574945,25.505488488577928,25.334816672831078,25.1641154112356,24.993402291672073,24.822685275664174,24.65196684268092,24.527567447966742,24.40316783253982,24.278768124261653,24.154368373917613,24.02996860355819,23.90782496256436,23.785681316840027,23.663537668779387,23.54139401945809]",MODEL_NATIVE_TRAJECTORY_NOT_RESISTANCE,2008666,NEW_TEMPERATURE_POINT,,,
PF,weak-T,oneD_v2_focused_weak_T_0016,1200.0,100.0,TARGET_RIGHT_CENSORED,20,1,0,1.0,11.827255190705285,23.512191883608768,23.512191883608768,23.512191883608768,,,4.999999999999999,5.0,99.99999999999999,11.851334591895524,2.632664460984623,5.476985710937533,0.21937085478872276,1353420.9033586793,SOURCE_NORMALIZED_DRIVE+V913_ZEROD_IMPLICIT_BACKSTRESS_V2,PRE_EVENT_RELOAD_SEPARATED_ONLY,RIGHT_CENSORED_NOT_PHYSICAL_ARREST,23.512191883608768,23.512191883608768,0.0,0.0,,,,,0,NOT_APPLICABLE,,,5.0,99.99999999999999,"[{""K_app_or_common_reference_MPa_sqrt_m"":23.512191883608768,""K_effective_local_equivalent_MPa_sqrt_m"":14.490900083748166,""K_native_MPa_sqrt_m"":23.512191883608768,""K_shield_MPa_sqrt_m"":NaN,""K_shield_status"":""NOT_REPRESENTED_IN_ZEROD_PREDICTIVE_STATE"",""backstress_Pa"":5476985710.937532,""chi_ret_max"":2458.152016960481,""chi_taylor_completion_max"":3822.265825986722,""encounter_rate_s_by_system"":[59931417088.340294,59861976807.4697],""event_index"":0,""event_opening_m"":1.1827255190705285e-05,""event_time_s"":496.74471800962175,""extension_before_m"":0.0,""front_width_m"":2.1937085478872276e-07,""mobile_density_m2"":6319249999817516.0,""native_KJ_MPa_sqrt_m"":23.512191883608768,""onset_ordinal"":0,""peierls_rate_s_by_system"":[13085110393.00573,13069949167.307137],""peierls_velocity_m_s_by_system"":[64.18614909748952,64.11177901852474],""physical_avalanche_index"":0,""qualified_G_J_per_m2"":null,""reload_opening_m"":null,""resolved_emission_drive_Pa_by_system"":[5479453070.015543,5475631016.615484],""retained_density_m2"":4065668701970851.0,""retained_equilibrium_fraction_max"":0.3916756334582175,""retention_encounter_time_s_min"":1.668573927637948e-11,""source_multiplicity"":89104.7975342577,""source_opening_stress_Pa"":5781032724.479805,""taylor_completion_rate_s_by_system"":[93081463899.91132,93081463899.91132],""taylor_completion_time_s_min"":1.0743277534561344e-11,""timescale_source"":""ZEROD_PERSISTENT_V913_SOURCE_OWNED_RATES"",""tip_radius_m"":2.632664460984623e-06,""transport_distance_m"":2.632664460984623e-06,""transport_time_s_min"":4.101608365670894e-08}]",[99.99999999999999],"[5.0,5.0,5.0,5.0,5.0,5.0,5.0,5.0,5.0,5.0,5.0,5.0,5.0,5.0,5.0,5.0,5.0,5.0,5.0,4.999999999999986]","[23.512191883608768,23.365200204223402,23.178666863820585,23.00180250946847,22.825125121542467,22.648808269220908,22.497422345580546,22.345909435900555,22.194346521287642,22.04276033771799,21.891166241636196,21.780700861645975,21.670234033596667,21.559766571892276,21.44929881271824,21.338830904023386,21.230366386486356,21.121901822876357,21.013437231565785,20.904972622819727]",MODEL_NATIVE_TRAJECTORY_NOT_RESISTANCE,2008666,NUMERIC_REPRODUCTION_PASS,23.512191883608768,0.0,1.0
FEMCZM,weak-T,oneD_v2_focused_weak_T_0016,300.0,100.0,TARGET_RIGHT_CENSORED,23,2,1,0.9565217391304348,5.660917597111318,25.87925431521108,25.87925431521108,39.54734800372116,1504.7376359374052,3513.920187555932,4.3478260869565215,2.7806925446768127,99.99999999999999,24.07763275780286,6.548156105372515,10.096343477223195,0.11902188431439918,1542860.4606806166,SOURCE_NORMALIZED_DRIVE+V913_ZEROD_IMPLICIT_BACKSTRESS_V2,PRE_EVENT_RELOAD_SEPARATED_ONLY,RIGHT_CENSORED_NOT_PHYSICAL_ARREST,25.87925431521108,39.54734800372116,13.66809368851008,0.5281486677333036,1504.7376359374052,3513.920187555932,2009.1825516185268,1.3352377873946562,1,NONDECREASING,2.9773102480223628,2.9773102480223628,14.445710426634236,97.70265990437511,"[{""K_app_or_common_reference_MPa_sqrt_m"":25.87925431521108,""K_effective_local_equivalent_MPa_sqrt_m"":25.791367000085817,""K_native_MPa_sqrt_m"":25.87925431521108,""K_shield_MPa_sqrt_m"":NaN,""K_shield_status"":""NOT_REPRESENTED_IN_ZEROD_PREDICTIVE_STATE"",""backstress_Pa"":354018435.186574,""chi_ret_max"":204.8293343693195,""chi_taylor_completion_max"":22317.12718138332,""encounter_rate_s_by_system"":[1737663.8826507397,2107206.3014186495],""event_index"":0,""event_opening_m"":5.660917597111318e-06,""event_time_s"":237.75853907867554,""extension_before_m"":0.0,""front_width_m"":3.213333452235336e-06,""mobile_density_m2"":43028294158002.16,""native_KJ_MPa_sqrt_m"":25.87925431521108,""onset_ordinal"":0,""peierls_rate_s_by_system"":[379392.3927563443,460076.34083233937],""peierls_velocity_m_s_by_system"":[0.027260223737265225,0.03305755262037245],""physical_avalanche_index"":0,""qualified_G_J_per_m2"":1504.7376359374052,""reload_opening_m"":null,""resolved_emission_drive_Pa_by_system"":[4496036692.43219,4521914028.978253],""retained_density_m2"":395455292934.2324,""retained_equilibrium_fraction_max"":0.011007486244344838,""retention_encounter_time_s_min"":4.745619825295525e-07,""source_multiplicity"":499157.0838488788,""source_opening_stress_Pa"":10289266765.684492,""taylor_completion_rate_s_by_system"":[189326719.1782738,189326719.1782738],""taylor_completion_time_s_min"":5.281874657418957e-09,""timescale_source"":""ZEROD_PERSISTENT_V913_SOURCE_OWNED_RATES"",""tip_radius_m"":1.006826862542413e-06,""transport_distance_m"":3.213333452235336e-06,""transport_time_s_min"":9.720421499851286e-05},{""K_app_or_common_reference_MPa_sqrt_m"":39.54734800372116,""K_effective_local_equivalent_MPa_sqrt_m"":35.5436698683974,""K_native_MPa_sqrt_m"":39.54734800372116,""K_shield_MPa_sqrt_m"":NaN,""K_shield_status"":""NOT_REPRESENTED_IN_ZEROD_PREDICTIVE_STATE"",""backstress_Pa"":2090930637.6571238,""chi_ret_max"":713.949747751579,""chi_taylor_completion_max"":1623.2438277609313,""encounter_rate_s_by_system"":[81381329.72904451,81595408.2760918],""event_index"":1,""event_opening_m"":8.638227845133681e-06,""event_time_s"":362.80556949561446,""extension_before_m"":2.2973400956248734e-06,""front_width_m"":5.737920211174035e-07,""mobile_density_m2"":1051039467936394.9,""native_KJ_MPa_sqrt_m"":39.54734800372116,""onset_ordinal"":1,""peierls_rate_s_by_system"":[17768371.501452792,17815112.285451923],""peierls_velocity_m_s_by_system"":[0.22797495197760442,0.22857465398106186],""physical_avalanche_index"":1,""qualified_G_J_per_m2"":3513.920187555932,""reload_opening_m"":2.9773102480223627e-06,""resolved_emission_drive_Pa_by_system"":[6463232578.850646,6499507010.529564],""retained_density_m2"":462622072116814.5,""retained_equilibrium_fraction_max"":0.3060307416564104,""retention_encounter_time_s_min"":1.2255591596727253e-08,""source_multiplicity"":109595.15428412546,""source_opening_stress_Pa"":14179872711.134148,""taylor_completion_rate_s_by_system"":[185029466.84087056,185029466.84087056],""taylor_completion_time_s_min"":5.404544568352576e-09,""timescale_source"":""ZEROD_PERSISTENT_V913_SOURCE_OWNED_RATES"",""tip_radius_m"":1.2379702213728981e-06,""transport_distance_m"":2e-06,""transport_time_s_min"":8.749876529029794e-06}]","[2.2973400956248735,97.70265990437511]","[2.2973400956248735,14.445710426634236,5.816017190784763,6.393914092728454,7.411737402293026,2.7806925446768127,2.2973400956248735,2.3254087241028714,2.2973400956248735,2.2973400956248735,2.878185596960064,2.2973400956248735,4.0507185013565605,2.2973400956248735,6.355973901558717,7.741216566156046,3.0219212343925097,11.656139675441198,2.2973400956248735,2.2973400956248735,2.2973400956248735,4.288491312812733,0.1578119694781231]","[25.87925431521108,39.54734800372116,45.435622576354056,51.70841380409516,59.01233015464311,61.94164152450535,62.473430007944906,64.80149369648163,65.93101650726868,67.29946170286735,70.17840614467156,70.61148762855444,74.63189360498755,76.00612043130306,82.29372810219188,90.1313144701377,93.44874025784233,105.05082419349098,106.8231968370005,107.83629704717923,109.8243728579575,114.19709288488707,116.15622135269386]",MODEL_NATIVE_TRAJECTORY_NOT_RESISTANCE,2008666,NUMERIC_REPRODUCTION_PASS,25.87925431521108,0.0,2.0
FEMCZM,weak-T,oneD_v2_focused_weak_T_0016,1000.0,100.0,TARGET_RIGHT_CENSORED,23,2,1,0.9565217391304348,6.244042886672173,28.545049640314755,28.545049640314755,42.22971833406161,1830.7071253139418,4006.761862997216,4.3478260869565215,2.7806925446768127,99.99999999999999,24.66353616847727,9.330712560070447,12.371787933869237,0.09713379515979147,1285651.775399044,SOURCE_NORMALIZED_DRIVE+V913_ZEROD_IMPLICIT_BACKSTRESS_V2,PRE_EVENT_RELOAD_SEPARATED_ONLY,RIGHT_CENSORED_NOT_PHYSICAL_ARREST,28.545049640314755,42.22971833406161,13.684668693746854,0.4794060219261177,1830.7071253139418,4006.761862997216,2176.0547376832747,1.1886416497724126,1,NONDECREASING,2.980088369135899,2.980088369135899,14.445710426634236,97.70265990437511,"[{""K_app_or_common_reference_MPa_sqrt_m"":28.545049640314755,""K_effective_local_equivalent_MPa_sqrt_m"":20.394316396785026,""K_native_MPa_sqrt_m"":28.545049640314755,""K_shield_MPa_sqrt_m"":NaN,""K_shield_status"":""NOT_REPRESENTED_IN_ZEROD_PREDICTIVE_STATE"",""backstress_Pa"":4197686674.362337,""chi_ret_max"":1431.4839933189494,""chi_taylor_completion_max"":36044.69986791253,""encounter_rate_s_by_system"":[3421648722.5178413,3791558990.7149954],""event_index"":0,""event_opening_m"":6.244042886672173e-06,""event_time_s"":262.24980124023153,""extension_before_m"":0.0,""front_width_m"":2.86177610543049e-07,""mobile_density_m2"":5857360756364616.0,""native_KJ_MPa_sqrt_m"":28.545049640314755,""onset_ordinal"":0,""peierls_rate_s_by_system"":[747064785.6405109,827829048.0261537],""peierls_velocity_m_s_by_system"":[4.780561624841672,5.297382308724421],""physical_avalanche_index"":0,""qualified_G_J_per_m2"":1830.7071253139418,""reload_opening_m"":null,""resolved_emission_drive_Pa_by_system"":[4188770147.965568,4210852696.026914],""retained_density_m2"":242822408187143.75,""retained_equilibrium_fraction_max"":0.042152547543676935,""retention_encounter_time_s_min"":2.6374375354540495e-10,""source_multiplicity"":86497.90770753885,""source_opening_stress_Pa"":8136155090.561748,""taylor_completion_rate_s_by_system"":[86156954483.73918,86156954483.73918],""taylor_completion_time_s_min"":1.1606724100127459e-11,""timescale_source"":""ZEROD_PERSISTENT_V913_SOURCE_OWNED_RATES"",""tip_radius_m"":1.959039983292816e-06,""transport_distance_m"":2e-06,""transport_time_s_min"":3.775449615381051e-07},{""K_app_or_common_reference_MPa_sqrt_m"":42.22971833406161,""K_effective_local_equivalent_MPa_sqrt_m"":25.904050291427115,""K_native_MPa_sqrt_m"":42.22971833406161,""K_shield_MPa_sqrt_m"":NaN,""K_shield_status"":""NOT_REPRESENTED_IN_ZEROD_PREDICTIVE_STATE"",""backstress_Pa"":5518749613.701946,""chi_ret_max"":2500.4214301914512,""chi_taylor_completion_max"":5590.429514653523,""encounter_rate_s_by_system"":[37892894676.110756,38247684579.02806],""event_index"":1,""event_opening_m"":9.224131255808072e-06,""event_time_s"":387.413512743939,""extension_before_m"":2.2973400956248734e-06,""front_width_m"":2.1771079396587826e-07,""mobile_density_m2"":7277909094952962.0,""native_KJ_MPa_sqrt_m"":42.22971833406161,""onset_ordinal"":1,""peierls_rate_s_by_system"":[8273335322.883815,8350798284.241019],""peierls_velocity_m_s_by_system"":[40.275931233203096,40.653033427539825],""physical_avalanche_index"":1,""qualified_G_J_per_m2"":4006.761862997216,""reload_opening_m"":2.980088369135899e-06,""resolved_emission_drive_Pa_by_system"":[5508466387.342703,5537361555.909016],""retained_density_m2"":3266061484014280.5,""retained_equilibrium_fraction_max"":0.3110366286900052,""retention_encounter_time_s_min"":2.61453735306194e-11,""source_multiplicity"":89270.43096518949,""source_opening_stress_Pa"":10334220894.89533,""taylor_completion_rate_s_by_system"":[84720741165.92699,84720741165.92699],""taylor_completion_time_s_min"":1.180348502902593e-11,""timescale_source"":""ZEROD_PERSISTENT_V913_SOURCE_OWNED_RATES"",""tip_radius_m"":2.6576697936963877e-06,""transport_distance_m"":2.6576697936963877e-06,""transport_time_s_min"":6.537445227632107e-08}]","[2.2973400956248735,97.70265990437511]","[2.2973400956248735,14.445710426634236,5.816017190784763,6.393914092728454,7.411737402293026,2.7806925446768127,2.2973400956248735,2.3254087241028714,2.2973400956248735,2.2973400956248735,2.878185596960064,2.2973400956248735,4.0507185013565605,2.2973400956248735,6.355973901558717,7.741216566156046,3.0219212343925097,11.656139675441198,2.2973400956248735,2.2973400956248735,2.2973400956248735,4.288491312812733,0.1578119694781231]","[28.545049640314755,42.22971833406161,48.141844723342885,54.42440770833941,61.73861526669648,64.67953288484479,65.21567573303435,67.54733689111161,68.68050112489487,70.05254379003411,72.93508570137891,73.37245698199976,77.39605829069036,78.77591919422319,85.06672219736946,92.91314898405597,96.2413419015612,107.84746504177213,109.63509722635511,110.65120498075734,112.64228833575908,117.01801590691214,118.98275861846972]",MODEL_NATIVE_TRAJECTORY_NOT_RESISTANCE,2008666,NEW_TEMPERATURE_POINT,,,
FEMCZM,weak-T,oneD_v2_focused_weak_T_0016,1200.0,100.0,TARGET_RIGHT_CENSORED,23,2,1,0.9565217391304348,5.619449315298871,25.689679358036862,25.689679358036862,39.372087691138276,1482.7728798692506,3482.8442160132245,4.3478260869565215,2.7806925446768127,99.99999999999999,24.039351088140513,10.46384773183761,13.186375912405731,0.09113391209946581,1285651.775399044,SOURCE_NORMALIZED_DRIVE+V913_ZEROD_IMPLICIT_BACKSTRESS_V2,PRE_EVENT_RELOAD_SEPARATED_ONLY,RIGHT_CENSORED_NOT_PHYSICAL_ARREST,25.689679358036862,39.372087691138276,13.682408333101414,0.5326033128872414,1482.7728798692506,3482.8442160132245,2000.071336143974,1.3488723480836378,1,NONDECREASING,2.980496860172464,2.980496860172464,14.445710426634236,97.70265990437511,"[{""K_app_or_common_reference_MPa_sqrt_m"":25.689679358036862,""K_effective_local_equivalent_MPa_sqrt_m"":19.136327363424734,""K_native_MPa_sqrt_m"":25.689679358036862,""K_shield_MPa_sqrt_m"":NaN,""K_shield_status"":""NOT_REPRESENTED_IN_ZEROD_PREDICTIVE_STATE"",""backstress_Pa"":3839103352.6758404,""chi_ret_max"":1309.305798072775,""chi_taylor_completion_max"":115303.6460444037,""encounter_rate_s_by_system"":[1079283468.8247468,1241259613.171975],""event_index"":0,""event_opening_m"":5.619449315298871e-06,""event_time_s"":236.01687124255272,""extension_before_m"":0.0,""front_width_m"":3.128823452409923e-07,""mobile_density_m2"":5042417756155056.0,""native_KJ_MPa_sqrt_m"":25.689679358036862,""onset_ordinal"":0,""peierls_rate_s_by_system"":[235645076.00581205,271010095.43615115],""peierls_velocity_m_s_by_system"":[1.6486346740591722,1.896057613124512],""physical_avalanche_index"":0,""qualified_G_J_per_m2"":1482.7728798692506,""reload_opening_m"":null,""resolved_emission_drive_Pa_by_system"":[3832467468.268295,3852937461.311412],""retained_density_m2"":60076510901289.34,""retained_equilibrium_fraction_max"":0.01289110705535467,""retention_encounter_time_s_min"":8.056332369056556e-10,""source_multiplicity"":86997.7241095779,""source_opening_stress_Pa"":7634290076.872998,""taylor_completion_rate_s_by_system"":[95046794457.12482,95046794457.12482],""taylor_completion_time_s_min"":1.0521133360800458e-11,""timescale_source"":""ZEROD_PERSISTENT_V913_SOURCE_OWNED_RATES"",""tip_radius_m"":1.802188374451701e-06,""transport_distance_m"":2e-06,""transport_time_s_min"":1.0548202682007122e-06},{""K_app_or_common_reference_MPa_sqrt_m"":39.372087691138276,""K_effective_local_equivalent_MPa_sqrt_m"":24.86379571180151,""K_native_MPa_sqrt_m"":39.372087691138276,""K_shield_MPa_sqrt_m"":NaN,""K_shield_status"":""NOT_REPRESENTED_IN_ZEROD_PREDICTIVE_STATE"",""backstress_Pa"":5262853053.682595,""chi_ret_max"":2249.805775007572,""chi_taylor_completion_max"":3837.6270479891136,""encounter_rate_s_by_system"":[54716853650.36373,55483043356.47569],""event_index"":1,""event_opening_m"":8.599946175471335e-06,""event_time_s"":361.197739369796,""extension_before_m"":2.2973400956248734e-06,""front_width_m"":2.2829119224018085e-07,""mobile_density_m2"":6034307745895044.0,""native_KJ_MPa_sqrt_m"":39.372087691138276,""onset_ordinal"":1,""peierls_rate_s_by_system"":[11946590038.369736,12113875868.966427],""peierls_velocity_m_s_by_system"":[60.98431064053712,61.83826235613989],""physical_avalanche_index"":1,""qualified_G_J_per_m2"":3482.8442160132245,""reload_opening_m"":2.980496860172464e-06,""resolved_emission_drive_Pa_by_system"":[5253466614.8510475,5281022983.829026],""retained_density_m2"":3554515037932878.5,""retained_equilibrium_fraction_max"":0.3728277627153115,""retention_encounter_time_s_min"":1.8023524657345335e-11,""source_multiplicity"":88319.75086724038,""source_opening_stress_Pa"":9919219360.701458,""taylor_completion_rate_s_by_system"":[93333780134.32782,93333780134.32782],""taylor_completion_time_s_min"":1.0714234423600761e-11,""timescale_source"":""ZEROD_PERSISTENT_V913_SOURCE_OWNED_RATES"",""tip_radius_m"":2.5075062820799466e-06,""transport_distance_m"":2.5075062820799466e-06,""transport_time_s_min"":4.05494298600869e-08}]","[2.2973400956248735,97.70265990437511]","[2.2973400956248735,14.445710426634236,5.816017190784763,6.393914092728454,7.411737402293026,2.7806925446768127,2.2973400956248735,2.3254087241028714,2.2973400956248735,2.2973400956248735,2.878185596960064,2.2973400956248735,4.0507185013565605,2.2973400956248735,6.355973901558717,7.741216566156046,3.0219212343925097,11.656139675441198,2.2973400956248735,2.2973400956248735,2.2973400956248735,4.288491312812733,0.1578119694781231]","[25.689679358036862,39.372087691138276,45.25880383733237,51.530956599455315,58.83420054460231,61.76275358714505,62.29425756575,64.62208620335842,65.75137109139285,67.11958123606323,69.99829062693912,70.43109182472256,74.4512890250132,75.82514773283177,82.11254662757811,89.94955538156273,93.26627766814633,104.86809769084971,106.63947330874043,107.65237701244327,109.6402563167456,114.01277983719928,115.97154148238522]",MODEL_NATIVE_TRAJECTORY_NOT_RESISTANCE,2008666,NUMERIC_REPRODUCTION_PASS,25.689679358036862,0.0,2.0
PF,ceramic-like,oneD_v2_focused_ceramic_like_0018,300.0,100.0,TARGET_RIGHT_CENSORED,20,1,0,1.0,7.859792006982987,15.62500638175698,15.62500638175698,15.62500638175698,,,4.999999999999999,5.0,99.99999999999999,8.973394550782183,1.0000000007817664,0.00021798190714059917,9.999983550236282,718464.2991236427,SOURCE_NORMALIZED_DRIVE+V913_ZEROD_IMPLICIT_BACKSTRESS_V2,PRE_EVENT_RELOAD_SEPARATED_ONLY,RIGHT_CENSORED_NOT_PHYSICAL_ARREST,15.62500638175698,15.62500638175698,0.0,0.0,,,,,0,NOT_APPLICABLE,,,5.0,99.99999999999999,"[{""K_app_or_common_reference_MPa_sqrt_m"":15.62500638175698,""K_effective_local_equivalent_MPa_sqrt_m"":15.625006375649429,""K_native_MPa_sqrt_m"":15.62500638175698,""K_shield_MPa_sqrt_m"":NaN,""K_shield_status"":""NOT_REPRESENTED_IN_ZEROD_PREDICTIVE_STATE"",""backstress_Pa"":217981.90714059916,""chi_ret_max"":204.82933436931953,""chi_taylor_completion_max"":3.8815332190315486e+57,""encounter_rate_s_by_system"":[3.885695652161648e-45,3.816997433531757e-45],""event_index"":0,""event_opening_m"":7.859792006982987e-06,""event_time_s"":330.11126429328556,""extension_before_m"":0.0,""front_width_m"":9.999983550236281e-06,""mobile_density_m2"":16449804.309689555,""native_KJ_MPa_sqrt_m"":15.62500638175698,""onset_ordinal"":0,""peierls_rate_s_by_system"":[8.483823515671457e-46,8.33383143835249e-46],""peierls_velocity_m_s_by_system"":[1.8970374884282845e-52,1.8634982955023934e-52],""physical_avalanche_index"":0,""qualified_G_J_per_m2"":null,""reload_opening_m"":null,""resolved_emission_drive_Pa_by_system"":[5175593494.754023,5174234036.522536],""retained_density_m2"":8.693790288274408e-49,""retained_equilibrium_fraction_max"":5.371996979889903e-56,""retention_encounter_time_s_min"":2.5735417529257364e+44,""source_multiplicity"":718463.11783479,""source_opening_stress_Pa"":6233475674.788507,""taylor_completion_rate_s_by_system"":[72332424361.14108,72332424361.14108],""taylor_completion_time_s_min"":1.3825058524337624e-11,""timescale_source"":""ZEROD_PERSISTENT_V913_SOURCE_OWNED_RATES"",""tip_radius_m"":1.0000000007817665e-06,""transport_distance_m"":9.999983550236281e-06,""transport_time_s_min"":5.271368442234303e+46}]",[99.99999999999999],"[5.0,5.0,5.0,5.0,5.0,5.0,5.0,5.0,5.0,5.0,5.0,5.0,5.0,5.0,5.0,5.0,5.0,5.0,5.0,4.999999999999986]","[15.62500638175698,15.707142150747853,15.741052768056953,15.759772655965211,15.768367140588897,15.771769910511397,15.782604796565161,15.787893073767243,15.790003183466562,15.790235572189331,15.78933865305851,15.806313609800487,15.816582672138265,15.822701246743343,15.82614518654108,15.827821489361366,15.829330723163533,15.82972716641118,15.829363296176291,15.82847619087075]",MODEL_NATIVE_TRAJECTORY_NOT_RESISTANCE,3008666,NUMERIC_REPRODUCTION_PASS,15.62500638175698,0.0,1.0
PF,ceramic-like,oneD_v2_focused_ceramic_like_0018,1000.0,100.0,TARGET_RIGHT_CENSORED,20,1,0,1.0,7.985386353195968,15.87468378535073,15.87468378535073,15.87468378535073,,,4.999999999999999,5.0,99.99999999999999,8.575640578865771,1.3756717188869603,4.778437124762713,0.251421049609753,630144.1982340935,SOURCE_NORMALIZED_DRIVE+V913_ZEROD_IMPLICIT_BACKSTRESS_V2,PRE_EVENT_RELOAD_SEPARATED_ONLY,RIGHT_CENSORED_NOT_PHYSICAL_ARREST,15.87468378535073,15.87468378535073,0.0,0.0,,,,,0,NOT_APPLICABLE,,,5.0,99.99999999999999,"[{""K_app_or_common_reference_MPa_sqrt_m"":15.87468378535073,""K_effective_local_equivalent_MPa_sqrt_m"":13.604531079456068,""K_native_MPa_sqrt_m"":15.87468378535073,""K_shield_MPa_sqrt_m"":NaN,""K_shield_status"":""NOT_REPRESENTED_IN_ZEROD_PREDICTIVE_STATE"",""backstress_Pa"":4687958961.940863,""chi_ret_max"":1598.5400733724769,""chi_taylor_completion_max"":5.383344813109589e+22,""encounter_rate_s_by_system"":[1.7694589599343875e-09,1.7586483869047168e-09],""event_index"":0,""event_opening_m"":7.985386353195968e-06,""event_time_s"":335.3862268342307,""extension_before_m"":0.0,""front_width_m"":2.5627050304367575e-07,""mobile_density_m2"":7608296812454570.0,""native_KJ_MPa_sqrt_m"":15.87468378535073,""onset_ordinal"":0,""peierls_rate_s_by_system"":[3.863343627017141e-10,3.8397403904548587e-10],""peierls_velocity_m_s_by_system"":[2.2138437308003408e-18,2.2003181730620686e-18],""physical_avalanche_index"":0,""qualified_G_J_per_m2"":null,""reload_opening_m"":null,""resolved_emission_drive_Pa_by_system"":[4688573716.639993,4687025336.27578],""retained_density_m2"":0.00022675978684657324,""retained_equilibrium_fraction_max"":2.987671237383239e-20,""retention_encounter_time_s_min"":565144500.4619268,""source_multiplicity"":25069.56660817137,""source_opening_stress_Pa"":5427422652.630368,""taylor_completion_rate_s_by_system"":[59225357120.75782,59225357120.722275],""taylor_completion_time_s_min"":1.6884659689954175e-11,""timescale_source"":""ZEROD_PERSISTENT_V913_SOURCE_OWNED_RATES"",""tip_radius_m"":1.3615795251423921e-06,""transport_distance_m"":2e-06,""transport_time_s_min"":903406131234.4603}]",[99.99999999999999],"[5.0,5.0,5.0,5.0,5.0,5.0,5.0,5.0,5.0,5.0,5.0,5.0,5.0,5.0,5.0,5.0,5.0,5.0,5.0,4.999999999999986]","[15.87468378535073,15.993973096721891,15.944947828657632,15.887470771511282,15.939405912597012,15.904279224323094,15.887208544181208,15.835590214944308,15.760609366775808,15.690329090481978,15.630433935330538,15.584313972952556,15.528124132266747,15.481500014564597,15.423679928233243,15.364323903336773,15.308382466269212,15.247957728961902,15.186286888809883,15.126864416343974]",MODEL_NATIVE_TRAJECTORY_NOT_RESISTANCE,3008666,NEW_TEMPERATURE_POINT,,,
PF,ceramic-like,oneD_v2_focused_ceramic_like_0018,1200.0,100.0,TARGET_RIGHT_CENSORED,20,1,0,1.0,6.954967042978007,13.826244299453771,13.826244299453771,13.826244299453771,,,4.999999999999999,5.0,99.99999999999999,7.755359778512428,1.410580285985846,4.995500286956834,0.2405018993419424,630144.1982340935,SOURCE_NORMALIZED_DRIVE+V913_ZEROD_IMPLICIT_BACKSTRESS_V2,PRE_EVENT_RELOAD_SEPARATED_ONLY,RIGHT_CENSORED_NOT_PHYSICAL_ARREST,13.826244299453771,13.826244299453771,0.0,0.0,,,,,0,NOT_APPLICABLE,,,5.0,99.99999999999999,"[{""K_app_or_common_reference_MPa_sqrt_m"":13.826244299453771,""K_effective_local_equivalent_MPa_sqrt_m"":12.194019817983033,""K_native_MPa_sqrt_m"":13.826244299453771,""K_shield_MPa_sqrt_m"":NaN,""K_shield_status"":""NOT_REPRESENTED_IN_ZEROD_PREDICTIVE_STATE"",""backstress_Pa"":4166590163.0057063,""chi_ret_max"":1420.8833657134246,""chi_taylor_completion_max"":3.968045562202594e+20,""encounter_rate_s_by_system"":[2.233298655966131e-07,2.2231446486500813e-07],""event_index"":0,""event_opening_m"":6.954967042978007e-06,""event_time_s"":292.10861580507657,""extension_before_m"":0.0,""front_width_m"":2.883126642368353e-07,""mobile_density_m2"":6010096036524754.0,""native_KJ_MPa_sqrt_m"":13.826244299453771,""onset_ordinal"":0,""peierls_rate_s_by_system"":[4.8760668233145285e-08,4.8538970977987694e-08],""peierls_velocity_m_s_by_system"":[3.1435355073564304e-16,3.129242979818885e-16],""physical_avalanche_index"":0,""qualified_G_J_per_m2"":null,""reload_opening_m"":null,""resolved_emission_drive_Pa_by_system"":[4168152610.5981026,4166833434.4303336],""retained_density_m2"":0.02150302639502289,""retained_equilibrium_fraction_max"":3.597169162767373e-18,""retention_encounter_time_s_min"":4477681.466061678,""source_multiplicity"":26630.760666044745,""source_opening_stress_Pa"":4864710073.446414,""taylor_completion_rate_s_by_system"":[62084893840.46677,62084893595.61973],""taylor_completion_time_s_min"":1.6106977690412072e-11,""timescale_source"":""ZEROD_PERSISTENT_V913_SOURCE_OWNED_RATES"",""tip_radius_m"":1.285626037537001e-06,""transport_distance_m"":2e-06,""transport_time_s_min"":6362263112.090337}]",[99.99999999999999],"[5.0,5.0,5.0,5.0,5.0,5.0,5.0,5.0,5.0,5.0,5.0,5.0,5.0,5.0,5.0,5.0,5.0,5.0,5.0,4.999999999999986]","[13.826244299453771,14.15459503245061,14.299901808760486,14.398512865318672,14.477364115163876,14.547632760171792,14.498599466634396,14.455933575789313,14.398499619289794,14.329470619832758,14.253505053367423,14.197778270642596,14.137907492230845,14.075291198741638,14.010797963196753,13.944995390238994,13.879544366734395,13.813420009907368,13.746831974238782,13.679943182161807]",MODEL_NATIVE_TRAJECTORY_NOT_RESISTANCE,3008666,NUMERIC_REPRODUCTION_PASS,13.826244299453773,-1.7763568394002505e-15,1.0
FEMCZM,ceramic-like,oneD_v2_focused_ceramic_like_0018,300.0,100.0,TARGET_RIGHT_CENSORED,20,1,0,1.0,7.5882599675529026,34.69022577019068,34.69022577019068,34.69022577019068,2703.781046533977,2703.781046533977,4.999999999999999,3.713907572715565,99.99999999999999,28.51430371634346,1.0000000281822599,0.0013087839408405927,9.999407046271328,718464.2991206958,SOURCE_NORMALIZED_DRIVE+V913_ZEROD_IMPLICIT_BACKSTRESS_V2,PRE_EVENT_RELOAD_SEPARATED_ONLY,RIGHT_CENSORED_NOT_PHYSICAL_ARREST,34.69022577019068,34.69022577019068,0.0,0.0,2703.781046533977,2703.781046533977,0.0,0.0,0,NOT_APPLICABLE,,,11.898412367063488,99.99999999999999,"[{""K_app_or_common_reference_MPa_sqrt_m"":34.69022577019068,""K_effective_local_equivalent_MPa_sqrt_m"":34.690225748680064,""K_native_MPa_sqrt_m"":34.69022577019068,""K_shield_MPa_sqrt_m"":NaN,""K_shield_status"":""NOT_REPRESENTED_IN_ZEROD_PREDICTIVE_STATE"",""backstress_Pa"":274547.8303139792,""chi_ret_max"":204.82933436931953,""chi_taylor_completion_max"":8.688590167232743e+52,""encounter_rate_s_by_system"":[1.70520209665492e-40,2.556468187701968e-40],""event_index"":0,""event_opening_m"":7.5882599675529024e-06,""event_time_s"":318.7069186372232,""extension_before_m"":0.0,""front_width_m"":9.999973904973301e-06,""mobile_density_m2"":26095128.842862517,""native_KJ_MPa_sqrt_m"":34.69022577019068,""onset_ordinal"":0,""peierls_rate_s_by_system"":[3.723048571373665e-41,5.581658181547588e-41],""peierls_velocity_m_s_by_system"":[8.32496796504217e-48,1.248093455199124e-47],""physical_avalanche_index"":0,""qualified_G_J_per_m2"":2703.781046533977,""reload_opening_m"":null,""resolved_emission_drive_Pa_by_system"":[6039588900.341854,6074374998.807455],""retained_density_m2"":6.352780687360526e-44,""retained_equilibrium_fraction_max"":3.5343322704366644e-51,""retention_encounter_time_s_min"":3.911646563061318e+39,""source_multiplicity"":718462.4251864136,""source_opening_stress_Pa"":13839397767.81892,""taylor_completion_rate_s_by_system"":[72332423555.24536,72332423555.24536],""taylor_completion_time_s_min"":1.3825058678370283e-11,""timescale_source"":""ZEROD_PERSISTENT_V913_SOURCE_OWNED_RATES"",""tip_radius_m"":1.0000000012401547e-06,""transport_distance_m"":9.999973904973301e-06,""transport_time_s_min"":8.012199617998861e+41}]",[99.99999999999999],"[11.898412367063488,2.2973400956248735,8.793474925600808,2.2973400956248735,4.5064059914624695,2.2973400956248735,2.2973400956248735,3.0331452806361257,2.2973400956248735,3.971193957862688,6.72967890578574,5.378224373166392,3.4566211875684423,7.524499294740751,9.78197748054008,10.385968784177136,6.798985526091555,2.2973400956248735,2.2973400956248735,1.6600312559301977]","[34.69022577019068,37.05170987381381,48.109554466629476,49.45147160676452,55.19962881099532,57.03521687816057,57.24419238313375,61.16166181292783,62.20313076686604,67.33045701801252,76.0529425642942,83.21734236467826,87.87343674055724,97.68740825674887,110.66349206158623,124.65007220930117,134.10420241105848,134.54198242773586,135.69209259803608,137.46406633710535]",MODEL_NATIVE_TRAJECTORY_NOT_RESISTANCE,3008666,NUMERIC_REPRODUCTION_PASS,34.69022577019068,0.0,1.0
FEMCZM,ceramic-like,oneD_v2_focused_ceramic_like_0018,1000.0,100.0,TARGET_RIGHT_CENSORED,20,1,0,1.0,7.162368110471287,32.743233345178716,32.743233345178716,32.743233345178716,2408.798061101165,2408.798061101165,4.999999999999999,3.713907572715565,99.99999999999999,28.088411859261843,5.3784250169839884,16.3132042203379,0.0736669095769369,598545.0513423305,SOURCE_NORMALIZED_DRIVE+V913_ZEROD_IMPLICIT_BACKSTRESS_V2,PRE_EVENT_RELOAD_SEPARATED_ONLY,RIGHT_CENSORED_NOT_PHYSICAL_ARREST,32.743233345178716,32.743233345178716,0.0,0.0,2408.798061101165,2408.798061101165,0.0,0.0,0,NOT_APPLICABLE,,,11.898412367063488,99.99999999999999,"[{""K_app_or_common_reference_MPa_sqrt_m"":32.743233345178716,""K_effective_local_equivalent_MPa_sqrt_m"":27.31722566827715,""K_native_MPa_sqrt_m"":32.743233345178716,""K_shield_MPa_sqrt_m"":NaN,""K_shield_status"":""NOT_REPRESENTED_IN_ZEROD_PREDICTIVE_STATE"",""backstress_Pa"":5152027615.093841,""chi_ret_max"":1756.689524343356,""chi_taylor_completion_max"":9.838049257486352e+21,""encounter_rate_s_by_system"":[1.0257492841952439e-08,1.1405677601403024e-08],""event_index"":0,""event_opening_m"":7.162368110471287e-06,""event_time_s"":300.8194606397951,""extension_before_m"":0.0,""front_width_m"":2.3319924384006783e-07,""mobile_density_m2"":9189237724559964.0,""native_KJ_MPa_sqrt_m"":32.743233345178716,""onset_ordinal"":0,""peierls_rate_s_by_system"":[2.239567037011151e-09,2.4902556584203817e-09],""peierls_velocity_m_s_by_system"":[1.1678208015484867e-17,1.2985422231246497e-17],""physical_avalanche_index"":0,""qualified_G_J_per_m2"":2408.798061101165,""reload_opening_m"":null,""resolved_emission_drive_Pa_by_system"":[5145152062.3274975,5173540124.635269],""retained_density_m2"":0.001686390904372538,""retained_equilibrium_fraction_max"":1.98548169591669e-19,""retention_encounter_time_s_min"":87675632.69340429,""source_multiplicity"":24071.451341712687,""source_opening_stress_Pa"":10897996302.343037,""taylor_completion_rate_s_by_system"":[57445392847.756035,57445392847.789825],""taylor_completion_time_s_min"":1.7407836389066914e-11,""timescale_source"":""ZEROD_PERSISTENT_V913_SOURCE_OWNED_RATES"",""tip_radius_m"":1.4367127485652082e-06,""transport_distance_m"":2e-06,""transport_time_s_min"":154018865492.67917}]",[99.99999999999999],"[11.898412367063488,2.2973400956248735,8.793474925600808,2.2973400956248735,4.5064059914624695,2.2973400956248735,2.2973400956248735,3.0331452806361257,2.2973400956248735,3.971193957862688,6.72967890578574,5.378224373166392,3.4566211875684423,7.524499294740751,9.78197748054008,10.385968784177136,6.798985526091555,2.2973400956248735,2.2973400956248735,1.6600312559301977]","[32.743233345178716,35.09047987669953,46.145518741353634,47.476696461459504,53.22207172967814,55.052530291823615,55.25889080436714,59.17374524173157,60.211761658554344,65.33647291727117,74.05443817412932,81.21123110040105,85.86188793010139,95.67236469857977,108.64084100890827,122.61762399544062,132.0618707817107,132.4931808002355,133.64110479347778,135.4108923554891]",MODEL_NATIVE_TRAJECTORY_NOT_RESISTANCE,3008666,NEW_TEMPERATURE_POINT,,,
FEMCZM,ceramic-like,oneD_v2_focused_ceramic_like_0018,1200.0,100.0,TARGET_RIGHT_CENSORED,20,1,0,1.0,6.694281304977155,30.60334395919669,30.60334395919669,30.60334395919669,2104.238845220527,2104.238845220527,4.999999999999999,3.713907572715565,99.99999999999999,27.620325053767708,5.2734148292836185,16.11639271169698,0.07456647161759049,598545.0513423305,SOURCE_NORMALIZED_DRIVE+V913_ZEROD_IMPLICIT_BACKSTRESS_V2,PRE_EVENT_RELOAD_SEPARATED_ONLY,RIGHT_CENSORED_NOT_PHYSICAL_ARREST,30.60334395919669,30.60334395919669,0.0,0.0,2104.238845220527,2104.238845220527,0.0,0.0,0,NOT_APPLICABLE,,,11.898412367063488,99.99999999999999,"[{""K_app_or_common_reference_MPa_sqrt_m"":30.60334395919669,""K_effective_local_equivalent_MPa_sqrt_m"":25.967484726090955,""K_native_MPa_sqrt_m"":30.60334395919669,""K_shield_MPa_sqrt_m"":NaN,""K_shield_status"":""NOT_REPRESENTED_IN_ZEROD_PREDICTIVE_STATE"",""backstress_Pa"":4861963994.992426,""chi_ret_max"":1657.8418252165882,""chi_taylor_completion_max"":4.58834977872856e+19,""encounter_rate_s_by_system"":[2.1402764034553947e-06,2.330843660482322e-06],""event_index"":0,""event_opening_m"":6.6942813049771545e-06,""event_time_s"":281.1598148090414,""extension_before_m"":0.0,""front_width_m"":2.471035912519093e-07,""mobile_density_m2"":8183642100563469.0,""native_KJ_MPa_sqrt_m"":30.60334395919669,""onset_ordinal"":0,""peierls_rate_s_by_system"":[4.6729669297620613e-07,5.089041455717961e-07],""peierls_velocity_m_s_by_system"":[2.582003145174334e-15,2.811901141627682e-15],""physical_avalanche_index"":0,""qualified_G_J_per_m2"":2104.238845220527,""reload_opening_m"":null,""resolved_emission_drive_Pa_by_system"":[4850443504.972096,4877325376.252895],""retained_density_m2"":0.3070474288389974,""retained_equilibrium_fraction_max"":3.93486516980316e-17,""retention_encounter_time_s_min"":429029.2038690702,""source_multiplicity"":24658.249758131235,""source_opening_stress_Pa"":10359527572.916098,""taylor_completion_rate_s_by_system"":[59235667799.18551,59235667803.04498],""taylor_completion_time_s_min"":1.6881720711327837e-11,""timescale_source"":""ZEROD_PERSISTENT_V913_SOURCE_OWNED_RATES"",""tip_radius_m"":1.3889224484267185e-06,""transport_distance_m"":2e-06,""transport_time_s_min"":711262558.413519}]",[99.99999999999999],"[11.898412367063488,2.2973400956248735,8.793474925600808,2.2973400956248735,4.5064059914624695,2.2973400956248735,2.2973400956248735,3.0331452806361257,2.2973400956248735,3.971193957862688,6.72967890578574,5.378224373166392,3.4566211875684423,7.524499294740751,9.78197748054008,10.385968784177136,6.798985526091555,2.2973400956248735,2.2973400956248735,1.6600312559301977]","[30.60334395919669,32.934942340764515,43.98689750163233,45.30627180091499,51.0485895146879,52.87341036956438,53.076896811067485,56.988877177391494,58.02309899931338,63.14493618698979,71.85793330979938,79.00636571603805,83.65104627834056,93.45768205933372,106.4177971677673,120.38381234598256,129.81719652404382,130.2413955337141,131.38691675588132,133.15430154681755]",MODEL_NATIVE_TRAJECTORY_NOT_RESISTANCE,3008666,NUMERIC_REPRODUCTION_PASS,30.60334395919669,0.0,1.0
