quantity,source_file,class_or_function,input_state,coordinate_frame,spatial_support_or_weighting,units,sign_convention,event_translation_behavior,wake_behind_current_tip_contributes
mobile population,campaign_calibrated_tip.py,_campaign_local_density_m2,"active mobile[system,bin]",tip-relative x>0,"all active bins; exp(-x/L), L=max(0.5 um, dx)=0.625 um",line count,unsigned,translated toward tip; crossing enters wake,False
retained/tangled population,campaign_calibrated_tip.py,_campaign_local_density_m2,"active retained[system,bin]",tip-relative x>0,"all active bins; exp(-x/L), L=max(0.5 um, dx)=0.625 um",line count,unsigned for backstress,translated; crossing enters wake,False
near-tip retained content,campaign_calibrated_tip.py,_campaign_backstress,mobile+retained active,tip-relative,exponential; first 0.625-2 um dominate,m^-2 after volume conversion,nonnegative,recentered continuously,False
source multiplicity,persistent_site_physical_width_v10222.py,physical_source_geometry/persistent_site_multiplicity,"radius, density-limited along-front width, rho_site0",tip-local scalar,near-tip density through mesh-independent width; no wake,sites/system,positive,recomputed continuously,False
active accumulated slip,unified_mpz.py,accumulated_slip,accepted inner-step slip increments,tip-relative,all active bins,line count,nonnegative,translated with active populations; profile not serialized by neutral observer,False
tip radius,unified_mpz.py,local_slip_count/blunted_radius,active accumulated slip,tip-relative,"all active bins; exp(-x/L), L=max(0.5 um, dx)=0.625 um",m,positive blunting,"slip convects into wake, natural resharpening",False
front width,persistent_site_physical_width_v10222.py,physical_source_geometry/effective_front_width_m,active unsigned near-tip density,orthogonal along-front scalar,rho^-1/2; bounded by explicit physical minimum/b and 50 um; ahead-tip dx is deliberately not a floor,m,positive,recomputed after translation,False
backstress,campaign_calibrated_tip.py,_campaign_backstress,active unsigned mobile+retained,tip-relative,"all active bins with exp[-x/max(0.5um,dx)]; L=0.625um",Pa,"positive, subtracts from emission drive",recomputed after every state update,False
signed shielding,signed_burgers_shared_v1025.py,_active_K,active signed retained; mobile fraction=0,tip-relative physical-x atlas,"all 80 active bins, extension-dependent measured kernel",Pa sqrt(m),signed; K_cleave=K_native-K_shield,active population translates; kernel follows crack extension,False
retained wake shielding,state_resolved_signed_engine_v10214.py,K_shield/_wake_K,wake signed retained,tip-relative wake,identically zero production wake operator,Pa sqrt(m),zero,wake persists/advects but no shielding feedback,False
opening tensor,anisotropic_emission_v10174.py,probe_tensor_ahead,2-D FEM stress tensor,"laboratory mesh, sector ahead of tip","0.25-1.75 times 10um probe, adaptive expansion",Pa,standard tension/shear,reprobed after geometry solve,False
channel tensors/resolved shears,anisotropic_emission_v10174.py,resolved_channel_drives,opening tensor and two reduced slip traces,laboratory tensor projected into tip frame,same finite-radius sector,Pa,signed shear chooses Burgers species,reprobed after geometry solve,False
Peierls transport,unified_mpz.py,_transport_rates,local emission stress profile and forest density,tip-relative active bins,all active bins,s^-1 and m/s,forward magnitude,advects mobile away from tip,False
encounter retention,unified_mpz.py,_transport_rates/_exchange,Peierls velocity and local retained forest,tip-relative active bins,all active bins,s^-1,mobile to retained,local exchange before transport,False
Taylor completion/release,unified_mpz.py,_transport_rates/_exchange,"Taylor barrier, stress, density multiplicity",tip-relative active bins,all active bins,s^-1,retained to mobile,local exchange before transport,False
cleavage barrier/rate,unified_front.py,lambda_cleave,"K_native, active shielding, radius",tip-local scalar,no direct dislocation bins beyond radius/shielding,"eV, s^-1",shielding subtracts K,integrated continuously; first passage B,False
emission barrier/rate,persistent_site_source_v10221.py,_persistent_emit,"unshielded opening, tensor factor, backstress, multiplicity",tip-local scalar per channel,near-tip active state through backstress/width/radius,"eV, s^-1",backstress subtracts drive,persistent sites not consumed/refreshed,False
cleavage first-passage action,kinetic_tip_cell.py,_integrate_coupled,multihit cleavage rate,scalar front state,time integral; max action substep 0.02,dimensionless,increasing,B subtracts one at checkpoint; MPZ not reset,False
PF structural solve,sharp_front.py,sharp_wake 2-D solve,"geometry, opening, elasticity, damage wake",laboratory frame,whole specimen,"N/m, J/m2, Pa sqrt(m)",root-signed J,geometry remesh/advance,False
