implementation,material_class,candidate_id,temperature_K,event_transaction_index,physical_avalanche_index,onset_role,pre_event_extension_um,pre_event_displacement_m,onset_native_drive_kind,onset_native_drive_MPa_sqrt_m,is_structural_G,right_censored_avalanche_after_onset
AUTONOMOUS_V913_ONE_D_DRIVER,ceramic-like,v913_zeroD_sobol_0077080,1100.0,0,0,INITIAL_ONSET_PRE_EVENT,0.0,5.889467466819569e-06,MODEL_NATIVE_EVENT_INDEXED_K,10.002558949421287,False,False
AUTONOMOUS_V913_ONE_D_DRIVER,ceramic-like,v913_zeroD_sobol_0077080,1100.0,1,1,REINITIATION_ONSET_PRE_EVENT,2.4335696912706477,5.932242441044563e-06,MODEL_NATIVE_EVENT_INDEXED_K,10.221098193400687,False,False
AUTONOMOUS_V913_ONE_D_DRIVER,ceramic-like,v913_zeroD_sobol_0077080,1100.0,5,2,REINITIATION_ONSET_PRE_EVENT,18.914682684690003,5.986382087955829e-06,MODEL_NATIVE_EVENT_INDEXED_K,10.547188023229474,False,True
AUTONOMOUS_V913_ONE_D_DRIVER,ceramic-like,v913_zeroD_sobol_0077080,1200.0,0,0,INITIAL_ONSET_PRE_EVENT,0.0,5.487164815463135e-06,MODEL_NATIVE_EVENT_INDEXED_K,9.319295817674286,False,False
AUTONOMOUS_V913_ONE_D_DRIVER,ceramic-like,v913_zeroD_sobol_0077080,1200.0,1,1,REINITIATION_ONSET_PRE_EVENT,2.4335696912706477,5.526460728407064e-06,MODEL_NATIVE_EVENT_INDEXED_K,9.521946941378717,False,False
AUTONOMOUS_V913_ONE_D_DRIVER,ceramic-like,v913_zeroD_sobol_0077080,1200.0,5,2,REINITIATION_ONSET_PRE_EVENT,18.914682684690003,5.565067826105563e-06,MODEL_NATIVE_EVENT_INDEXED_K,9.80488980849586,False,True
AUTONOMOUS_V913_ONE_D_DRIVER,ceramic-like,v913_zeroD_sobol_0077080,300.0,0,0,INITIAL_ONSET_PRE_EVENT,0.0,8.05469911376973e-06,MODEL_NATIVE_EVENT_INDEXED_K,13.679946983193243,False,False
AUTONOMOUS_V913_ONE_D_DRIVER,ceramic-like,v913_zeroD_sobol_0077080,300.0,1,1,REINITIATION_ONSET_PRE_EVENT,2.4335696912706477,8.117876393188124e-06,MODEL_NATIVE_EVENT_INDEXED_K,13.986888189629523,False,False
AUTONOMOUS_V913_ONE_D_DRIVER,ceramic-like,v913_zeroD_sobol_0077080,300.0,2,2,REINITIATION_ONSET_PRE_EVENT,8.269426255548096,8.11818648671744e-06,MODEL_NATIVE_EVENT_INDEXED_K,14.743358849798247,False,False
AUTONOMOUS_V913_ONE_D_DRIVER,ceramic-like,v913_zeroD_sobol_0077080,300.0,3,3,REINITIATION_ONSET_PRE_EVENT,10.566766351172998,8.118851172377395e-06,MODEL_NATIVE_EVENT_INDEXED_K,14.772471415251442,False,False
AUTONOMOUS_V913_ONE_D_DRIVER,ceramic-like,v913_zeroD_sobol_0077080,300.0,5,4,REINITIATION_ONSET_PRE_EVENT,18.914682684690003,8.125684515267833e-06,MODEL_NATIVE_EVENT_INDEXED_K,14.316346858714983,False,False
AUTONOMOUS_V913_ONE_D_DRIVER,ceramic-like,v913_zeroD_sobol_0077080,300.0,14,5,REINITIATION_ONSET_PRE_EVENT,47.46639350570406,8.127816873234172e-06,MODEL_NATIVE_EVENT_INDEXED_K,14.466035613881152,False,True
AUTONOMOUS_V913_ONE_D_DRIVER,ceramic-like,v913_zeroD_sobol_0077080,600.0,0,0,INITIAL_ONSET_PRE_EVENT,0.0,7.687030990145159e-06,MODEL_NATIVE_EVENT_INDEXED_K,13.055506471194986,False,False
AUTONOMOUS_V913_ONE_D_DRIVER,ceramic-like,v913_zeroD_sobol_0077080,600.0,1,1,REINITIATION_ONSET_PRE_EVENT,2.4335696912706477,7.740770300464996e-06,MODEL_NATIVE_EVENT_INDEXED_K,13.337144278897842,False,False
AUTONOMOUS_V913_ONE_D_DRIVER,ceramic-like,v913_zeroD_sobol_0077080,600.0,2,2,REINITIATION_ONSET_PRE_EVENT,8.269426255548096,7.740983302655265e-06,MODEL_NATIVE_EVENT_INDEXED_K,14.058323847089923,False,False
AUTONOMOUS_V913_ONE_D_DRIVER,ceramic-like,v913_zeroD_sobol_0077080,600.0,3,3,REINITIATION_ONSET_PRE_EVENT,10.566766351172998,7.741437149152707e-06,MODEL_NATIVE_EVENT_INDEXED_K,14.085756293687123,False,False
AUTONOMOUS_V913_ONE_D_DRIVER,ceramic-like,v913_zeroD_sobol_0077080,600.0,5,4,REINITIATION_ONSET_PRE_EVENT,18.914682684690003,7.746776968264825e-06,MODEL_NATIVE_EVENT_INDEXED_K,13.64876348649725,False,False
AUTONOMOUS_V913_ONE_D_DRIVER,ceramic-like,v913_zeroD_sobol_0077080,600.0,14,5,REINITIATION_ONSET_PRE_EVENT,47.46639350570406,7.74837877671921e-06,MODEL_NATIVE_EVENT_INDEXED_K,13.790704820501134,False,True
AUTONOMOUS_V913_ONE_D_DRIVER,ceramic-like,v913_zeroD_sobol_0077080,900.0,0,0,INITIAL_ONSET_PRE_EVENT,0.0,6.6658062295518685e-06,MODEL_NATIVE_EVENT_INDEXED_K,11.321077861818653,False,False
AUTONOMOUS_V913_ONE_D_DRIVER,ceramic-like,v913_zeroD_sobol_0077080,900.0,1,1,REINITIATION_ONSET_PRE_EVENT,2.4335696912706477,6.715876501710755e-06,MODEL_NATIVE_EVENT_INDEXED_K,11.571279134480383,False,False
AUTONOMOUS_V913_ONE_D_DRIVER,ceramic-like,v913_zeroD_sobol_0077080,900.0,2,2,REINITIATION_ONSET_PRE_EVENT,8.269426255548096,6.716049532545388e-06,MODEL_NATIVE_EVENT_INDEXED_K,12.196951680445277,False,False
AUTONOMOUS_V913_ONE_D_DRIVER,ceramic-like,v913_zeroD_sobol_0077080,900.0,3,3,REINITIATION_ONSET_PRE_EVENT,10.566766351172998,6.71639964833885e-06,MODEL_NATIVE_EVENT_INDEXED_K,12.220672569544975,False,False
AUTONOMOUS_V913_ONE_D_DRIVER,ceramic-like,v913_zeroD_sobol_0077080,900.0,5,4,REINITIATION_ONSET_PRE_EVENT,18.914682684690003,6.722189975544982e-06,MODEL_NATIVE_EVENT_INDEXED_K,11.843581074216324,False,False
AUTONOMOUS_V913_ONE_D_DRIVER,ceramic-like,v913_zeroD_sobol_0077080,900.0,14,5,REINITIATION_ONSET_PRE_EVENT,47.46639350570406,6.723515505428148e-06,MODEL_NATIVE_EVENT_INDEXED_K,11.966634616523239,False,True
AUTONOMOUS_V913_ONE_D_DRIVER,weak-T,v913_zeroD_sobol_0129902,1100.0,0,0,INITIAL_ONSET_PRE_EVENT,0.0,7.857765974224005e-06,MODEL_NATIVE_EVENT_INDEXED_K,13.345479504002892,False,False
AUTONOMOUS_V913_ONE_D_DRIVER,weak-T,v913_zeroD_sobol_0129902,1100.0,1,1,REINITIATION_ONSET_PRE_EVENT,2.4335696912706477,7.933773911741748e-06,MODEL_NATIVE_EVENT_INDEXED_K,13.6696844409269,False,False
AUTONOMOUS_V913_ONE_D_DRIVER,weak-T,v913_zeroD_sobol_0129902,1100.0,2,2,REINITIATION_ONSET_PRE_EVENT,8.269426255548096,8.120625128180862e-06,MODEL_NATIVE_EVENT_INDEXED_K,14.747787642640104,False,False
AUTONOMOUS_V913_ONE_D_DRIVER,weak-T,v913_zeroD_sobol_0129902,1100.0,3,3,REINITIATION_ONSET_PRE_EVENT,10.566766351172998,8.180951264901983e-06,MODEL_NATIVE_EVENT_INDEXED_K,14.88546422941031,False,False
AUTONOMOUS_V913_ONE_D_DRIVER,weak-T,v913_zeroD_sobol_0129902,1100.0,4,4,REINITIATION_ONSET_PRE_EVENT,14.803139908890111,8.502252636216184e-06,MODEL_NATIVE_EVENT_INDEXED_K,16.345606520829847,False,False
AUTONOMOUS_V913_ONE_D_DRIVER,weak-T,v913_zeroD_sobol_0129902,1100.0,5,5,REINITIATION_ONSET_PRE_EVENT,18.914682684690003,9.45059537353812e-06,MODEL_NATIVE_EVENT_INDEXED_K,16.65065892414594,False,True
AUTONOMOUS_V913_ONE_D_DRIVER,weak-T,v913_zeroD_sobol_0129902,1200.0,0,0,INITIAL_ONSET_PRE_EVENT,0.0,7.831043545756453e-06,MODEL_NATIVE_EVENT_INDEXED_K,13.300094642379278,False,False
AUTONOMOUS_V913_ONE_D_DRIVER,weak-T,v913_zeroD_sobol_0129902,1200.0,1,1,REINITIATION_ONSET_PRE_EVENT,2.4335696912706477,7.907214563542808e-06,MODEL_NATIVE_EVENT_INDEXED_K,13.623923380317537,False,False
AUTONOMOUS_V913_ONE_D_DRIVER,weak-T,v913_zeroD_sobol_0129902,1200.0,2,2,REINITIATION_ONSET_PRE_EVENT,8.269426255548096,8.0962421911864e-06,MODEL_NATIVE_EVENT_INDEXED_K,14.703506029928995,False,False
AUTONOMOUS_V913_ONE_D_DRIVER,weak-T,v913_zeroD_sobol_0129902,1200.0,3,3,REINITIATION_ONSET_PRE_EVENT,10.566766351172998,8.156875548928085e-06,MODEL_NATIVE_EVENT_INDEXED_K,14.841657806743497,False,False
AUTONOMOUS_V913_ONE_D_DRIVER,weak-T,v913_zeroD_sobol_0129902,1200.0,4,4,REINITIATION_ONSET_PRE_EVENT,14.803139908890111,8.47620948835995e-06,MODEL_NATIVE_EVENT_INDEXED_K,16.295538489963707,False,False
AUTONOMOUS_V913_ONE_D_DRIVER,weak-T,v913_zeroD_sobol_0129902,1200.0,5,5,REINITIATION_ONSET_PRE_EVENT,18.914682684690003,9.421062435927117e-06,MODEL_NATIVE_EVENT_INDEXED_K,16.598625919689333,False,True
AUTONOMOUS_V913_ONE_D_DRIVER,weak-T,v913_zeroD_sobol_0129902,300.0,0,0,INITIAL_ONSET_PRE_EVENT,0.0,7.655904491422165e-06,MODEL_NATIVE_EVENT_INDEXED_K,13.002641820847582,False,False
AUTONOMOUS_V913_ONE_D_DRIVER,weak-T,v913_zeroD_sobol_0129902,300.0,1,1,REINITIATION_ONSET_PRE_EVENT,2.4335696912706477,7.72203100940511e-06,MODEL_NATIVE_EVENT_INDEXED_K,13.304856971711509,False,False
AUTONOMOUS_V913_ONE_D_DRIVER,weak-T,v913_zeroD_sobol_0129902,300.0,2,2,REINITIATION_ONSET_PRE_EVENT,8.269426255548096,7.756077821303326e-06,MODEL_NATIVE_EVENT_INDEXED_K,14.085736854349298,False,False
AUTONOMOUS_V913_ONE_D_DRIVER,weak-T,v913_zeroD_sobol_0129902,300.0,3,3,REINITIATION_ONSET_PRE_EVENT,10.566766351172998,7.786456986060753e-06,MODEL_NATIVE_EVENT_INDEXED_K,14.167671116329284,False,False
AUTONOMOUS_V913_ONE_D_DRIVER,weak-T,v913_zeroD_sobol_0129902,300.0,4,4,REINITIATION_ONSET_PRE_EVENT,14.803139908890111,7.942475956533998e-06,MODEL_NATIVE_EVENT_INDEXED_K,15.269434153680137,False,False
AUTONOMOUS_V913_ONE_D_DRIVER,weak-T,v913_zeroD_sobol_0129902,300.0,5,5,REINITIATION_ONSET_PRE_EVENT,18.914682684690003,8.792158865699468e-06,MODEL_NATIVE_EVENT_INDEXED_K,15.490583682122045,False,True
AUTONOMOUS_V913_ONE_D_DRIVER,weak-T,v913_zeroD_sobol_0129902,600.0,0,0,INITIAL_ONSET_PRE_EVENT,0.0,7.906109140357371e-06,MODEL_NATIVE_EVENT_INDEXED_K,13.427584613127774,False,False
AUTONOMOUS_V913_ONE_D_DRIVER,weak-T,v913_zeroD_sobol_0129902,600.0,1,1,REINITIATION_ONSET_PRE_EVENT,2.4335696912706477,7.978592693386729e-06,MODEL_NATIVE_EVENT_INDEXED_K,13.746906026634932,False,False
AUTONOMOUS_V913_ONE_D_DRIVER,weak-T,v913_zeroD_sobol_0129902,600.0,2,2,REINITIATION_ONSET_PRE_EVENT,8.269426255548096,8.112065850576197e-06,MODEL_NATIVE_EVENT_INDEXED_K,14.732243222537523,False,False
AUTONOMOUS_V913_ONE_D_DRIVER,weak-T,v913_zeroD_sobol_0129902,600.0,3,3,REINITIATION_ONSET_PRE_EVENT,10.566766351172998,8.167902977634051e-06,MODEL_NATIVE_EVENT_INDEXED_K,14.86172251440766,False,False
AUTONOMOUS_V913_ONE_D_DRIVER,weak-T,v913_zeroD_sobol_0129902,600.0,4,4,REINITIATION_ONSET_PRE_EVENT,14.803139908890111,8.464663562764598e-06,MODEL_NATIVE_EVENT_INDEXED_K,16.273341412933025,False,False
AUTONOMOUS_V913_ONE_D_DRIVER,weak-T,v913_zeroD_sobol_0129902,600.0,5,5,REINITIATION_ONSET_PRE_EVENT,18.914682684690003,9.40584016315603e-06,MODEL_NATIVE_EVENT_INDEXED_K,16.57180635309659,False,True
AUTONOMOUS_V913_ONE_D_DRIVER,weak-T,v913_zeroD_sobol_0129902,900.0,0,0,INITIAL_ONSET_PRE_EVENT,0.0,7.899458491389532e-06,MODEL_NATIVE_EVENT_INDEXED_K,13.416289278069469,False,False
AUTONOMOUS_V913_ONE_D_DRIVER,weak-T,v913_zeroD_sobol_0129902,900.0,1,1,REINITIATION_ONSET_PRE_EVENT,2.4335696912706477,7.974952687966107e-06,MODEL_NATIVE_EVENT_INDEXED_K,13.740634392729467,False,False
AUTONOMOUS_V913_ONE_D_DRIVER,weak-T,v913_zeroD_sobol_0129902,900.0,2,2,REINITIATION_ONSET_PRE_EVENT,8.269426255548096,8.151553557419101e-06,MODEL_NATIVE_EVENT_INDEXED_K,14.803956459612467,False,False
AUTONOMOUS_V913_ONE_D_DRIVER,weak-T,v913_zeroD_sobol_0129902,900.0,3,3,REINITIATION_ONSET_PRE_EVENT,10.566766351172998,8.211032234337466e-06,MODEL_NATIVE_EVENT_INDEXED_K,14.940197374740107,False,False
AUTONOMOUS_V913_ONE_D_DRIVER,weak-T,v913_zeroD_sobol_0129902,900.0,4,4,REINITIATION_ONSET_PRE_EVENT,14.803139908890111,8.531786526079867e-06,MODEL_NATIVE_EVENT_INDEXED_K,16.402385513809303,False,False
AUTONOMOUS_V913_ONE_D_DRIVER,weak-T,v913_zeroD_sobol_0129902,900.0,5,5,REINITIATION_ONSET_PRE_EVENT,18.914682684690003,9.483841315584914e-06,MODEL_NATIVE_EVENT_INDEXED_K,16.709233735547038,False,True
AUTONOMOUS_V913_ONE_D_DRIVER,DBTT,v913_zeroD_sobol_0202500,1100.0,0,0,INITIAL_ONSET_PRE_EVENT,0.0,1.2824469287795836e-05,MODEL_NATIVE_EVENT_INDEXED_K,21.78083345717047,False,False
AUTONOMOUS_V913_ONE_D_DRIVER,DBTT,v913_zeroD_sobol_0202500,1100.0,1,1,REINITIATION_ONSET_PRE_EVENT,2.4335696912706477,1.3238293894983939e-05,MODEL_NATIVE_EVENT_INDEXED_K,22.809233297265916,False,False
AUTONOMOUS_V913_ONE_D_DRIVER,DBTT,v913_zeroD_sobol_0202500,1100.0,2,2,REINITIATION_ONSET_PRE_EVENT,8.269426255548096,1.7803359234347675e-05,MODEL_NATIVE_EVENT_INDEXED_K,32.3325060779665,False,False
AUTONOMOUS_V913_ONE_D_DRIVER,DBTT,v913_zeroD_sobol_0202500,1100.0,3,3,REINITIATION_ONSET_PRE_EVENT,10.566766351172998,1.7805260081999804e-05,MODEL_NATIVE_EVENT_INDEXED_K,32.39715693980862,False,False
AUTONOMOUS_V913_ONE_D_DRIVER,DBTT,v913_zeroD_sobol_0202500,1100.0,4,4,REINITIATION_ONSET_PRE_EVENT,14.803139908890111,2.1233112050338942e-05,MODEL_NATIVE_EVENT_INDEXED_K,40.8207224176285,False,False
AUTONOMOUS_V913_ONE_D_DRIVER,DBTT,v913_zeroD_sobol_0202500,1100.0,5,5,REINITIATION_ONSET_PRE_EVENT,18.914682684690003,2.3106785486953027e-05,MODEL_NATIVE_EVENT_INDEXED_K,40.71100166386871,False,True
AUTONOMOUS_V913_ONE_D_DRIVER,DBTT,v913_zeroD_sobol_0202500,1200.0,0,0,INITIAL_ONSET_PRE_EVENT,0.0,1.2584359393258443e-05,MODEL_NATIVE_EVENT_INDEXED_K,21.37303540276563,False,False
AUTONOMOUS_V913_ONE_D_DRIVER,DBTT,v913_zeroD_sobol_0202500,1200.0,1,1,REINITIATION_ONSET_PRE_EVENT,2.4335696912706477,1.2972308480574727e-05,MODEL_NATIVE_EVENT_INDEXED_K,22.350947401888682,False,False
AUTONOMOUS_V913_ONE_D_DRIVER,DBTT,v913_zeroD_sobol_0202500,1200.0,2,2,REINITIATION_ONSET_PRE_EVENT,8.269426255548096,1.7299471451879406e-05,MODEL_NATIVE_EVENT_INDEXED_K,31.417400418702115,False,False
AUTONOMOUS_V913_ONE_D_DRIVER,DBTT,v913_zeroD_sobol_0202500,1200.0,3,3,REINITIATION_ONSET_PRE_EVENT,10.566766351172998,1.7301595731887075e-05,MODEL_NATIVE_EVENT_INDEXED_K,31.4807259008661,False,False
AUTONOMOUS_V913_ONE_D_DRIVER,DBTT,v913_zeroD_sobol_0202500,1200.0,4,4,REINITIATION_ONSET_PRE_EVENT,14.803139908890111,2.0545663507077505e-05,MODEL_NATIVE_EVENT_INDEXED_K,39.49910050491268,False,False
AUTONOMOUS_V913_ONE_D_DRIVER,DBTT,v913_zeroD_sobol_0202500,1200.0,5,5,REINITIATION_ONSET_PRE_EVENT,18.914682684690003,2.2387755419975106e-05,MODEL_NATIVE_EVENT_INDEXED_K,39.44416884241727,False,True
AUTONOMOUS_V913_ONE_D_DRIVER,DBTT,v913_zeroD_sobol_0202500,300.0,0,0,INITIAL_ONSET_PRE_EVENT,0.0,1.3838921760192652e-05,MODEL_NATIVE_EVENT_INDEXED_K,23.50376014174811,False,False
AUTONOMOUS_V913_ONE_D_DRIVER,DBTT,v913_zeroD_sobol_0202500,300.0,1,1,REINITIATION_ONSET_PRE_EVENT,2.4335696912706477,1.3863850238398366e-05,MODEL_NATIVE_EVENT_INDEXED_K,23.887050476028705,False,True
AUTONOMOUS_V913_ONE_D_DRIVER,DBTT,v913_zeroD_sobol_0202500,600.0,0,0,INITIAL_ONSET_PRE_EVENT,0.0,1.3713041540182397e-05,MODEL_NATIVE_EVENT_INDEXED_K,23.289967582690362,False,False
AUTONOMOUS_V913_ONE_D_DRIVER,DBTT,v913_zeroD_sobol_0202500,600.0,1,1,REINITIATION_ONSET_PRE_EVENT,2.4335696912706477,1.3731424617038605e-05,MODEL_NATIVE_EVENT_INDEXED_K,23.65888460238281,False,True
AUTONOMOUS_V913_ONE_D_DRIVER,DBTT,v913_zeroD_sobol_0202500,900.0,0,0,INITIAL_ONSET_PRE_EVENT,0.0,1.3132559945485953e-05,MODEL_NATIVE_EVENT_INDEXED_K,22.304088740041664,False,False
AUTONOMOUS_V913_ONE_D_DRIVER,DBTT,v913_zeroD_sobol_0202500,900.0,1,1,REINITIATION_ONSET_PRE_EVENT,2.4335696912706477,1.3148626109763153e-05,MODEL_NATIVE_EVENT_INDEXED_K,22.65473805425541,False,True
AUTONOMOUS_V913_ONE_D_DRIVER,Peak,v913_zeroD_sobol_0242980,1100.0,0,0,INITIAL_ONSET_PRE_EVENT,0.0,1.211649793899972e-05,MODEL_NATIVE_EVENT_INDEXED_K,20.578428453538006,False,False
AUTONOMOUS_V913_ONE_D_DRIVER,Peak,v913_zeroD_sobol_0242980,1100.0,1,1,REINITIATION_ONSET_PRE_EVENT,2.4335696912706477,1.245776458836316e-05,MODEL_NATIVE_EVENT_INDEXED_K,21.46440176600551,False,False
AUTONOMOUS_V913_ONE_D_DRIVER,Peak,v913_zeroD_sobol_0242980,1100.0,5,2,REINITIATION_ONSET_PRE_EVENT,18.914682684690003,2.0083080939661912e-05,MODEL_NATIVE_EVENT_INDEXED_K,35.38364702488953,False,True
AUTONOMOUS_V913_ONE_D_DRIVER,Peak,v913_zeroD_sobol_0242980,1200.0,0,0,INITIAL_ONSET_PRE_EVENT,0.0,1.188785230591106e-05,MODEL_NATIVE_EVENT_INDEXED_K,20.19010108160125,False,False
AUTONOMOUS_V913_ONE_D_DRIVER,Peak,v913_zeroD_sobol_0242980,1200.0,1,1,REINITIATION_ONSET_PRE_EVENT,2.4335696912706477,1.22100914143211e-05,MODEL_NATIVE_EVENT_INDEXED_K,21.037667380667514,False,False
AUTONOMOUS_V913_ONE_D_DRIVER,Peak,v913_zeroD_sobol_0242980,1200.0,5,2,REINITIATION_ONSET_PRE_EVENT,18.914682684690003,1.971922722115104e-05,MODEL_NATIVE_EVENT_INDEXED_K,34.74258644343977,False,True
AUTONOMOUS_V913_ONE_D_DRIVER,Peak,v913_zeroD_sobol_0242980,300.0,0,0,INITIAL_ONSET_PRE_EVENT,0.0,1.393876093568349e-05,MODEL_NATIVE_EVENT_INDEXED_K,23.673325088652895,False,False
AUTONOMOUS_V913_ONE_D_DRIVER,Peak,v913_zeroD_sobol_0242980,300.0,1,1,REINITIATION_ONSET_PRE_EVENT,2.4335696912706477,1.398977204504755e-05,MODEL_NATIVE_EVENT_INDEXED_K,24.104010447446377,False,False
AUTONOMOUS_V913_ONE_D_DRIVER,Peak,v913_zeroD_sobol_0242980,300.0,2,2,REINITIATION_ONSET_PRE_EVENT,8.269426255548096,1.3989823237064155e-05,MODEL_NATIVE_EVENT_INDEXED_K,25.40678075907101,False,False
AUTONOMOUS_V913_ONE_D_DRIVER,Peak,v913_zeroD_sobol_0242980,300.0,3,3,REINITIATION_ONSET_PRE_EVENT,10.566766351172998,1.3989927472486046e-05,MODEL_NATIVE_EVENT_INDEXED_K,25.455055068859483,False,False
AUTONOMOUS_V913_ONE_D_DRIVER,Peak,v913_zeroD_sobol_0242980,300.0,5,4,REINITIATION_ONSET_PRE_EVENT,18.914682684690003,1.3992872268778699e-05,MODEL_NATIVE_EVENT_INDEXED_K,24.65353073616431,False,False
AUTONOMOUS_V913_ONE_D_DRIVER,Peak,v913_zeroD_sobol_0242980,300.0,14,5,REINITIATION_ONSET_PRE_EVENT,47.46639350570406,1.3993551132657964e-05,MODEL_NATIVE_EVENT_INDEXED_K,24.90597563982108,False,True
AUTONOMOUS_V913_ONE_D_DRIVER,Peak,v913_zeroD_sobol_0242980,600.0,0,0,INITIAL_ONSET_PRE_EVENT,0.0,1.3164789564556197e-05,MODEL_NATIVE_EVENT_INDEXED_K,22.35882690889712,False,False
AUTONOMOUS_V913_ONE_D_DRIVER,Peak,v913_zeroD_sobol_0242980,600.0,1,1,REINITIATION_ONSET_PRE_EVENT,2.4335696912706477,1.3211260759168431e-05,MODEL_NATIVE_EVENT_INDEXED_K,22.76265591301505,False,False
AUTONOMOUS_V913_ONE_D_DRIVER,Peak,v913_zeroD_sobol_0242980,600.0,2,2,REINITIATION_ONSET_PRE_EVENT,8.269426255548096,1.3211310009750028e-05,MODEL_NATIVE_EVENT_INDEXED_K,23.992930523136387,False,False
AUTONOMOUS_V913_ONE_D_DRIVER,Peak,v913_zeroD_sobol_0242980,600.0,3,3,REINITIATION_ONSET_PRE_EVENT,10.566766351172998,1.3211410444499419e-05,MODEL_NATIVE_EVENT_INDEXED_K,24.038522076932338,False,False
AUTONOMOUS_V913_ONE_D_DRIVER,Peak,v913_zeroD_sobol_0242980,600.0,5,4,REINITIATION_ONSET_PRE_EVENT,18.914682684690003,1.3214162264054057e-05,MODEL_NATIVE_EVENT_INDEXED_K,23.2815500114583,False,False
AUTONOMOUS_V913_ONE_D_DRIVER,Peak,v913_zeroD_sobol_0242980,600.0,14,5,REINITIATION_ONSET_PRE_EVENT,47.46639350570406,1.3214803168505318e-05,MODEL_NATIVE_EVENT_INDEXED_K,23.519945915065858,False,True
AUTONOMOUS_V913_ONE_D_DRIVER,Peak,v913_zeroD_sobol_0242980,900.0,0,0,INITIAL_ONSET_PRE_EVENT,0.0,1.2579373760040685e-05,MODEL_NATIVE_EVENT_INDEXED_K,21.3645678986251,False,False
AUTONOMOUS_V913_ONE_D_DRIVER,Peak,v913_zeroD_sobol_0242980,900.0,1,1,REINITIATION_ONSET_PRE_EVENT,2.4335696912706477,1.2687670633171802e-05,MODEL_NATIVE_EVENT_INDEXED_K,21.860523853495874,False,True
