implementation,material_class,candidate_id,temperature_K,physical_avalanche_index,first_event_transaction_index,last_event_transaction_index,event_transaction_count,start_extension_um,end_extension_um,extension_um,onset_native_drive_MPa_sqrt_m,classification,grouping_method,grouping_log_gap_decades,right_censored_at_target
AUTONOMOUS_V913_ONE_D_DRIVER,ceramic-like,v913_zeroD_sobol_0077080,1100.0,0,0,0,1,0.0,2.4335696912706477,2.4335696912706477,10.002558949421287,RELOAD_SEPARATED_PRECURSOR_EVENT,largest log-gap in positive source-defined external-displacement increments,1.2258060765979506,False
AUTONOMOUS_V913_ONE_D_DRIVER,ceramic-like,v913_zeroD_sobol_0077080,1100.0,1,1,4,4,2.4335696912706477,18.914682684690003,16.481112993419355,10.221098193400687,RELOAD_SEPARATED_AVALANCHE,largest log-gap in positive source-defined external-displacement increments,1.2258060765979506,False
AUTONOMOUS_V913_ONE_D_DRIVER,ceramic-like,v913_zeroD_sobol_0077080,1100.0,2,5,21,17,18.914682684690003,107.77927431065764,88.86459162596763,10.547188023229474,RIGHT_CENSORED_LONG_AVALANCHE,largest log-gap in positive source-defined external-displacement increments,1.2258060765979506,True
AUTONOMOUS_V913_ONE_D_DRIVER,ceramic-like,v913_zeroD_sobol_0077080,1200.0,0,0,0,1,0.0,2.4335696912706477,2.4335696912706477,9.319295817674286,RELOAD_SEPARATED_PRECURSOR_EVENT,largest log-gap in positive source-defined external-displacement increments,1.2072012222924666,False
AUTONOMOUS_V913_ONE_D_DRIVER,ceramic-like,v913_zeroD_sobol_0077080,1200.0,1,1,4,4,2.4335696912706477,18.914682684690003,16.481112993419355,9.521946941378717,RELOAD_SEPARATED_AVALANCHE,largest log-gap in positive source-defined external-displacement increments,1.2072012222924666,False
AUTONOMOUS_V913_ONE_D_DRIVER,ceramic-like,v913_zeroD_sobol_0077080,1200.0,2,5,21,17,18.914682684690003,107.77927431065764,88.86459162596763,9.80488980849586,RIGHT_CENSORED_LONG_AVALANCHE,largest log-gap in positive source-defined external-displacement increments,1.2072012222924666,True
AUTONOMOUS_V913_ONE_D_DRIVER,ceramic-like,v913_zeroD_sobol_0077080,300.0,0,0,0,1,0.0,2.4335696912706477,2.4335696912706477,13.679946983193243,RELOAD_SEPARATED_PRECURSOR_EVENT,largest log-gap in positive source-defined external-displacement increments,1.1696573118482352,False
AUTONOMOUS_V913_ONE_D_DRIVER,ceramic-like,v913_zeroD_sobol_0077080,300.0,1,1,1,1,2.4335696912706477,8.269426255548096,5.835856564277448,13.986888189629523,RELOAD_SEPARATED_PRECURSOR_EVENT,largest log-gap in positive source-defined external-displacement increments,1.1696573118482352,False
AUTONOMOUS_V913_ONE_D_DRIVER,ceramic-like,v913_zeroD_sobol_0077080,300.0,2,2,2,1,8.269426255548096,10.566766351172998,2.297340095624902,14.743358849798247,RELOAD_SEPARATED_PRECURSOR_EVENT,largest log-gap in positive source-defined external-displacement increments,1.1696573118482352,False
AUTONOMOUS_V913_ONE_D_DRIVER,ceramic-like,v913_zeroD_sobol_0077080,300.0,3,3,4,2,10.566766351172998,18.914682684690003,8.347916333517006,14.772471415251442,RELOAD_SEPARATED_AVALANCHE,largest log-gap in positive source-defined external-displacement increments,1.1696573118482352,False
AUTONOMOUS_V913_ONE_D_DRIVER,ceramic-like,v913_zeroD_sobol_0077080,300.0,4,5,13,9,18.914682684690003,47.46639350570406,28.55171082101406,14.316346858714983,RELOAD_SEPARATED_AVALANCHE,largest log-gap in positive source-defined external-displacement increments,1.1696573118482352,False
AUTONOMOUS_V913_ONE_D_DRIVER,ceramic-like,v913_zeroD_sobol_0077080,300.0,5,14,21,8,47.46639350570406,107.77927431065764,60.31288080495358,14.466035613881152,RIGHT_CENSORED_LONG_AVALANCHE,largest log-gap in positive source-defined external-displacement increments,1.1696573118482352,True
AUTONOMOUS_V913_ONE_D_DRIVER,ceramic-like,v913_zeroD_sobol_0077080,600.0,0,0,0,1,0.0,2.4335696912706477,2.4335696912706477,13.055506471194986,RELOAD_SEPARATED_PRECURSOR_EVENT,largest log-gap in positive source-defined external-displacement increments,1.229783947580053,False
AUTONOMOUS_V913_ONE_D_DRIVER,ceramic-like,v913_zeroD_sobol_0077080,600.0,1,1,1,1,2.4335696912706477,8.269426255548096,5.835856564277448,13.337144278897842,RELOAD_SEPARATED_PRECURSOR_EVENT,largest log-gap in positive source-defined external-displacement increments,1.229783947580053,False
AUTONOMOUS_V913_ONE_D_DRIVER,ceramic-like,v913_zeroD_sobol_0077080,600.0,2,2,2,1,8.269426255548096,10.566766351172998,2.297340095624902,14.058323847089923,RELOAD_SEPARATED_PRECURSOR_EVENT,largest log-gap in positive source-defined external-displacement increments,1.229783947580053,False
AUTONOMOUS_V913_ONE_D_DRIVER,ceramic-like,v913_zeroD_sobol_0077080,600.0,3,3,4,2,10.566766351172998,18.914682684690003,8.347916333517006,14.085756293687123,RELOAD_SEPARATED_AVALANCHE,largest log-gap in positive source-defined external-displacement increments,1.229783947580053,False
AUTONOMOUS_V913_ONE_D_DRIVER,ceramic-like,v913_zeroD_sobol_0077080,600.0,4,5,13,9,18.914682684690003,47.46639350570406,28.55171082101406,13.64876348649725,RELOAD_SEPARATED_AVALANCHE,largest log-gap in positive source-defined external-displacement increments,1.229783947580053,False
AUTONOMOUS_V913_ONE_D_DRIVER,ceramic-like,v913_zeroD_sobol_0077080,600.0,5,14,21,8,47.46639350570406,107.77927431065764,60.31288080495358,13.790704820501134,RIGHT_CENSORED_LONG_AVALANCHE,largest log-gap in positive source-defined external-displacement increments,1.229783947580053,True
AUTONOMOUS_V913_ONE_D_DRIVER,ceramic-like,v913_zeroD_sobol_0077080,900.0,0,0,0,1,0.0,2.4335696912706477,2.4335696912706477,11.321077861818653,RELOAD_SEPARATED_PRECURSOR_EVENT,largest log-gap in positive source-defined external-displacement increments,1.2844286661125999,False
AUTONOMOUS_V913_ONE_D_DRIVER,ceramic-like,v913_zeroD_sobol_0077080,900.0,1,1,1,1,2.4335696912706477,8.269426255548096,5.835856564277448,11.571279134480383,RELOAD_SEPARATED_PRECURSOR_EVENT,largest log-gap in positive source-defined external-displacement increments,1.2844286661125999,False
AUTONOMOUS_V913_ONE_D_DRIVER,ceramic-like,v913_zeroD_sobol_0077080,900.0,2,2,2,1,8.269426255548096,10.566766351172998,2.297340095624902,12.196951680445277,RELOAD_SEPARATED_PRECURSOR_EVENT,largest log-gap in positive source-defined external-displacement increments,1.2844286661125999,False
AUTONOMOUS_V913_ONE_D_DRIVER,ceramic-like,v913_zeroD_sobol_0077080,900.0,3,3,4,2,10.566766351172998,18.914682684690003,8.347916333517006,12.220672569544975,RELOAD_SEPARATED_AVALANCHE,largest log-gap in positive source-defined external-displacement increments,1.2844286661125999,False
AUTONOMOUS_V913_ONE_D_DRIVER,ceramic-like,v913_zeroD_sobol_0077080,900.0,4,5,13,9,18.914682684690003,47.46639350570406,28.55171082101406,11.843581074216324,RELOAD_SEPARATED_AVALANCHE,largest log-gap in positive source-defined external-displacement increments,1.2844286661125999,False
AUTONOMOUS_V913_ONE_D_DRIVER,ceramic-like,v913_zeroD_sobol_0077080,900.0,5,14,21,8,47.46639350570406,107.77927431065764,60.31288080495358,11.966634616523239,RIGHT_CENSORED_LONG_AVALANCHE,largest log-gap in positive source-defined external-displacement increments,1.2844286661125999,True
AUTONOMOUS_V913_ONE_D_DRIVER,weak-T,v913_zeroD_sobol_0129902,1100.0,0,0,0,1,0.0,2.4335696912706477,2.4335696912706477,13.345479504002892,RELOAD_SEPARATED_PRECURSOR_EVENT,largest log-gap in positive source-defined external-displacement increments,4.549661070707219,False
AUTONOMOUS_V913_ONE_D_DRIVER,weak-T,v913_zeroD_sobol_0129902,1100.0,1,1,1,1,2.4335696912706477,8.269426255548096,5.835856564277448,13.6696844409269,RELOAD_SEPARATED_PRECURSOR_EVENT,largest log-gap in positive source-defined external-displacement increments,4.549661070707219,False
AUTONOMOUS_V913_ONE_D_DRIVER,weak-T,v913_zeroD_sobol_0129902,1100.0,2,2,2,1,8.269426255548096,10.566766351172998,2.297340095624902,14.747787642640104,RELOAD_SEPARATED_PRECURSOR_EVENT,largest log-gap in positive source-defined external-displacement increments,4.549661070707219,False
AUTONOMOUS_V913_ONE_D_DRIVER,weak-T,v913_zeroD_sobol_0129902,1100.0,3,3,3,1,10.566766351172998,14.803139908890111,4.236373557717114,14.88546422941031,RELOAD_SEPARATED_PRECURSOR_EVENT,largest log-gap in positive source-defined external-displacement increments,4.549661070707219,False
AUTONOMOUS_V913_ONE_D_DRIVER,weak-T,v913_zeroD_sobol_0129902,1100.0,4,4,4,1,14.803139908890111,18.914682684690003,4.111542775799892,16.345606520829847,RELOAD_SEPARATED_PRECURSOR_EVENT,largest log-gap in positive source-defined external-displacement increments,4.549661070707219,False
AUTONOMOUS_V913_ONE_D_DRIVER,weak-T,v913_zeroD_sobol_0129902,1100.0,5,5,21,17,18.914682684690003,107.77927431065764,88.86459162596763,16.65065892414594,RIGHT_CENSORED_LONG_AVALANCHE,largest log-gap in positive source-defined external-displacement increments,4.549661070707219,True
AUTONOMOUS_V913_ONE_D_DRIVER,weak-T,v913_zeroD_sobol_0129902,1200.0,0,0,0,1,0.0,2.4335696912706477,2.4335696912706477,13.300094642379278,RELOAD_SEPARATED_PRECURSOR_EVENT,largest log-gap in positive source-defined external-displacement increments,4.525038810929078,False
AUTONOMOUS_V913_ONE_D_DRIVER,weak-T,v913_zeroD_sobol_0129902,1200.0,1,1,1,1,2.4335696912706477,8.269426255548096,5.835856564277448,13.623923380317537,RELOAD_SEPARATED_PRECURSOR_EVENT,largest log-gap in positive source-defined external-displacement increments,4.525038810929078,False
AUTONOMOUS_V913_ONE_D_DRIVER,weak-T,v913_zeroD_sobol_0129902,1200.0,2,2,2,1,8.269426255548096,10.566766351172998,2.297340095624902,14.703506029928995,RELOAD_SEPARATED_PRECURSOR_EVENT,largest log-gap in positive source-defined external-displacement increments,4.525038810929078,False
AUTONOMOUS_V913_ONE_D_DRIVER,weak-T,v913_zeroD_sobol_0129902,1200.0,3,3,3,1,10.566766351172998,14.803139908890111,4.236373557717114,14.841657806743497,RELOAD_SEPARATED_PRECURSOR_EVENT,largest log-gap in positive source-defined external-displacement increments,4.525038810929078,False
AUTONOMOUS_V913_ONE_D_DRIVER,weak-T,v913_zeroD_sobol_0129902,1200.0,4,4,4,1,14.803139908890111,18.914682684690003,4.111542775799892,16.295538489963707,RELOAD_SEPARATED_PRECURSOR_EVENT,largest log-gap in positive source-defined external-displacement increments,4.525038810929078,False
AUTONOMOUS_V913_ONE_D_DRIVER,weak-T,v913_zeroD_sobol_0129902,1200.0,5,5,21,17,18.914682684690003,107.77927431065764,88.86459162596763,16.598625919689333,RIGHT_CENSORED_LONG_AVALANCHE,largest log-gap in positive source-defined external-displacement increments,4.525038810929078,True
AUTONOMOUS_V913_ONE_D_DRIVER,weak-T,v913_zeroD_sobol_0129902,300.0,0,0,0,1,0.0,2.4335696912706477,2.4335696912706477,13.002641820847582,RELOAD_SEPARATED_PRECURSOR_EVENT,largest log-gap in positive source-defined external-displacement increments,3.471365805561213,False
AUTONOMOUS_V913_ONE_D_DRIVER,weak-T,v913_zeroD_sobol_0129902,300.0,1,1,1,1,2.4335696912706477,8.269426255548096,5.835856564277448,13.304856971711509,RELOAD_SEPARATED_PRECURSOR_EVENT,largest log-gap in positive source-defined external-displacement increments,3.471365805561213,False
AUTONOMOUS_V913_ONE_D_DRIVER,weak-T,v913_zeroD_sobol_0129902,300.0,2,2,2,1,8.269426255548096,10.566766351172998,2.297340095624902,14.085736854349298,RELOAD_SEPARATED_PRECURSOR_EVENT,largest log-gap in positive source-defined external-displacement increments,3.471365805561213,False
AUTONOMOUS_V913_ONE_D_DRIVER,weak-T,v913_zeroD_sobol_0129902,300.0,3,3,3,1,10.566766351172998,14.803139908890111,4.236373557717114,14.167671116329284,RELOAD_SEPARATED_PRECURSOR_EVENT,largest log-gap in positive source-defined external-displacement increments,3.471365805561213,False
AUTONOMOUS_V913_ONE_D_DRIVER,weak-T,v913_zeroD_sobol_0129902,300.0,4,4,4,1,14.803139908890111,18.914682684690003,4.111542775799892,15.269434153680137,RELOAD_SEPARATED_PRECURSOR_EVENT,largest log-gap in positive source-defined external-displacement increments,3.471365805561213,False
AUTONOMOUS_V913_ONE_D_DRIVER,weak-T,v913_zeroD_sobol_0129902,300.0,5,5,21,17,18.914682684690003,107.77927431065764,88.86459162596763,15.490583682122045,RIGHT_CENSORED_LONG_AVALANCHE,largest log-gap in positive source-defined external-displacement increments,3.471365805561213,True
AUTONOMOUS_V913_ONE_D_DRIVER,weak-T,v913_zeroD_sobol_0129902,600.0,0,0,0,1,0.0,2.4335696912706477,2.4335696912706477,13.427584613127774,RELOAD_SEPARATED_PRECURSOR_EVENT,largest log-gap in positive source-defined external-displacement increments,4.447337689349773,False
AUTONOMOUS_V913_ONE_D_DRIVER,weak-T,v913_zeroD_sobol_0129902,600.0,1,1,1,1,2.4335696912706477,8.269426255548096,5.835856564277448,13.746906026634932,RELOAD_SEPARATED_PRECURSOR_EVENT,largest log-gap in positive source-defined external-displacement increments,4.447337689349773,False
AUTONOMOUS_V913_ONE_D_DRIVER,weak-T,v913_zeroD_sobol_0129902,600.0,2,2,2,1,8.269426255548096,10.566766351172998,2.297340095624902,14.732243222537523,RELOAD_SEPARATED_PRECURSOR_EVENT,largest log-gap in positive source-defined external-displacement increments,4.447337689349773,False
AUTONOMOUS_V913_ONE_D_DRIVER,weak-T,v913_zeroD_sobol_0129902,600.0,3,3,3,1,10.566766351172998,14.803139908890111,4.236373557717114,14.86172251440766,RELOAD_SEPARATED_PRECURSOR_EVENT,largest log-gap in positive source-defined external-displacement increments,4.447337689349773,False
AUTONOMOUS_V913_ONE_D_DRIVER,weak-T,v913_zeroD_sobol_0129902,600.0,4,4,4,1,14.803139908890111,18.914682684690003,4.111542775799892,16.273341412933025,RELOAD_SEPARATED_PRECURSOR_EVENT,largest log-gap in positive source-defined external-displacement increments,4.447337689349773,False
AUTONOMOUS_V913_ONE_D_DRIVER,weak-T,v913_zeroD_sobol_0129902,600.0,5,5,21,17,18.914682684690003,107.77927431065764,88.86459162596763,16.57180635309659,RIGHT_CENSORED_LONG_AVALANCHE,largest log-gap in positive source-defined external-displacement increments,4.447337689349773,True
AUTONOMOUS_V913_ONE_D_DRIVER,weak-T,v913_zeroD_sobol_0129902,900.0,0,0,0,1,0.0,2.4335696912706477,2.4335696912706477,13.416289278069469,RELOAD_SEPARATED_PRECURSOR_EVENT,largest log-gap in positive source-defined external-displacement increments,4.571389992551483,False
AUTONOMOUS_V913_ONE_D_DRIVER,weak-T,v913_zeroD_sobol_0129902,900.0,1,1,1,1,2.4335696912706477,8.269426255548096,5.835856564277448,13.740634392729467,RELOAD_SEPARATED_PRECURSOR_EVENT,largest log-gap in positive source-defined external-displacement increments,4.571389992551483,False
AUTONOMOUS_V913_ONE_D_DRIVER,weak-T,v913_zeroD_sobol_0129902,900.0,2,2,2,1,8.269426255548096,10.566766351172998,2.297340095624902,14.803956459612467,RELOAD_SEPARATED_PRECURSOR_EVENT,largest log-gap in positive source-defined external-displacement increments,4.571389992551483,False
AUTONOMOUS_V913_ONE_D_DRIVER,weak-T,v913_zeroD_sobol_0129902,900.0,3,3,3,1,10.566766351172998,14.803139908890111,4.236373557717114,14.940197374740107,RELOAD_SEPARATED_PRECURSOR_EVENT,largest log-gap in positive source-defined external-displacement increments,4.571389992551483,False
AUTONOMOUS_V913_ONE_D_DRIVER,weak-T,v913_zeroD_sobol_0129902,900.0,4,4,4,1,14.803139908890111,18.914682684690003,4.111542775799892,16.402385513809303,RELOAD_SEPARATED_PRECURSOR_EVENT,largest log-gap in positive source-defined external-displacement increments,4.571389992551483,False
AUTONOMOUS_V913_ONE_D_DRIVER,weak-T,v913_zeroD_sobol_0129902,900.0,5,5,21,17,18.914682684690003,107.77927431065764,88.86459162596763,16.709233735547038,RIGHT_CENSORED_LONG_AVALANCHE,largest log-gap in positive source-defined external-displacement increments,4.571389992551483,True
AUTONOMOUS_V913_ONE_D_DRIVER,DBTT,v913_zeroD_sobol_0202500,1100.0,0,0,0,1,0.0,2.4335696912706477,2.4335696912706477,21.78083345717047,RELOAD_SEPARATED_PRECURSOR_EVENT,largest log-gap in positive source-defined external-displacement increments,4.134107973118352,False
AUTONOMOUS_V913_ONE_D_DRIVER,DBTT,v913_zeroD_sobol_0202500,1100.0,1,1,1,1,2.4335696912706477,8.269426255548096,5.835856564277448,22.809233297265916,RELOAD_SEPARATED_PRECURSOR_EVENT,largest log-gap in positive source-defined external-displacement increments,4.134107973118352,False
AUTONOMOUS_V913_ONE_D_DRIVER,DBTT,v913_zeroD_sobol_0202500,1100.0,2,2,2,1,8.269426255548096,10.566766351172998,2.297340095624902,32.3325060779665,RELOAD_SEPARATED_PRECURSOR_EVENT,largest log-gap in positive source-defined external-displacement increments,4.134107973118352,False
AUTONOMOUS_V913_ONE_D_DRIVER,DBTT,v913_zeroD_sobol_0202500,1100.0,3,3,3,1,10.566766351172998,14.803139908890111,4.236373557717114,32.39715693980862,RELOAD_SEPARATED_PRECURSOR_EVENT,largest log-gap in positive source-defined external-displacement increments,4.134107973118352,False
AUTONOMOUS_V913_ONE_D_DRIVER,DBTT,v913_zeroD_sobol_0202500,1100.0,4,4,4,1,14.803139908890111,18.914682684690003,4.111542775799892,40.8207224176285,RELOAD_SEPARATED_PRECURSOR_EVENT,largest log-gap in positive source-defined external-displacement increments,4.134107973118352,False
AUTONOMOUS_V913_ONE_D_DRIVER,DBTT,v913_zeroD_sobol_0202500,1100.0,5,5,21,17,18.914682684690003,107.77927431065764,88.86459162596763,40.71100166386871,RIGHT_CENSORED_LONG_AVALANCHE,largest log-gap in positive source-defined external-displacement increments,4.134107973118352,True
AUTONOMOUS_V913_ONE_D_DRIVER,DBTT,v913_zeroD_sobol_0202500,1200.0,0,0,0,1,0.0,2.4335696912706477,2.4335696912706477,21.37303540276563,RELOAD_SEPARATED_PRECURSOR_EVENT,largest log-gap in positive source-defined external-displacement increments,4.182372424233522,False
AUTONOMOUS_V913_ONE_D_DRIVER,DBTT,v913_zeroD_sobol_0202500,1200.0,1,1,1,1,2.4335696912706477,8.269426255548096,5.835856564277448,22.350947401888682,RELOAD_SEPARATED_PRECURSOR_EVENT,largest log-gap in positive source-defined external-displacement increments,4.182372424233522,False
AUTONOMOUS_V913_ONE_D_DRIVER,DBTT,v913_zeroD_sobol_0202500,1200.0,2,2,2,1,8.269426255548096,10.566766351172998,2.297340095624902,31.417400418702115,RELOAD_SEPARATED_PRECURSOR_EVENT,largest log-gap in positive source-defined external-displacement increments,4.182372424233522,False
AUTONOMOUS_V913_ONE_D_DRIVER,DBTT,v913_zeroD_sobol_0202500,1200.0,3,3,3,1,10.566766351172998,14.803139908890111,4.236373557717114,31.4807259008661,RELOAD_SEPARATED_PRECURSOR_EVENT,largest log-gap in positive source-defined external-displacement increments,4.182372424233522,False
AUTONOMOUS_V913_ONE_D_DRIVER,DBTT,v913_zeroD_sobol_0202500,1200.0,4,4,4,1,14.803139908890111,18.914682684690003,4.111542775799892,39.49910050491268,RELOAD_SEPARATED_PRECURSOR_EVENT,largest log-gap in positive source-defined external-displacement increments,4.182372424233522,False
AUTONOMOUS_V913_ONE_D_DRIVER,DBTT,v913_zeroD_sobol_0202500,1200.0,5,5,21,17,18.914682684690003,107.77927431065764,88.86459162596763,39.44416884241727,RIGHT_CENSORED_LONG_AVALANCHE,largest log-gap in positive source-defined external-displacement increments,4.182372424233522,True
AUTONOMOUS_V913_ONE_D_DRIVER,DBTT,v913_zeroD_sobol_0202500,300.0,0,0,0,1,0.0,2.4335696912706477,2.4335696912706477,23.50376014174811,RELOAD_SEPARATED_PRECURSOR_EVENT,largest log-gap in positive source-defined external-displacement increments,1.5589202452538684,False
AUTONOMOUS_V913_ONE_D_DRIVER,DBTT,v913_zeroD_sobol_0202500,300.0,1,1,21,21,2.4335696912706477,107.77927431065764,105.34570461938699,23.887050476028705,RIGHT_CENSORED_LONG_AVALANCHE,largest log-gap in positive source-defined external-displacement increments,1.5589202452538684,True
AUTONOMOUS_V913_ONE_D_DRIVER,DBTT,v913_zeroD_sobol_0202500,600.0,0,0,0,1,0.0,2.4335696912706477,2.4335696912706477,23.289967582690362,RELOAD_SEPARATED_PRECURSOR_EVENT,largest log-gap in positive source-defined external-displacement increments,1.6822761146174718,False
AUTONOMOUS_V913_ONE_D_DRIVER,DBTT,v913_zeroD_sobol_0202500,600.0,1,1,21,21,2.4335696912706477,107.77927431065764,105.34570461938699,23.65888460238281,RIGHT_CENSORED_LONG_AVALANCHE,largest log-gap in positive source-defined external-displacement increments,1.6822761146174718,True
AUTONOMOUS_V913_ONE_D_DRIVER,DBTT,v913_zeroD_sobol_0202500,900.0,0,0,0,1,0.0,2.4335696912706477,2.4335696912706477,22.304088740041664,RELOAD_SEPARATED_PRECURSOR_EVENT,largest log-gap in positive source-defined external-displacement increments,1.7184554093025977,False
AUTONOMOUS_V913_ONE_D_DRIVER,DBTT,v913_zeroD_sobol_0202500,900.0,1,1,21,21,2.4335696912706477,107.77927431065764,105.34570461938699,22.65473805425541,RIGHT_CENSORED_LONG_AVALANCHE,largest log-gap in positive source-defined external-displacement increments,1.7184554093025977,True
AUTONOMOUS_V913_ONE_D_DRIVER,Peak,v913_zeroD_sobol_0242980,1100.0,0,0,0,1,0.0,2.4335696912706477,2.4335696912706477,20.578428453538006,RELOAD_SEPARATED_PRECURSOR_EVENT,largest log-gap in positive source-defined external-displacement increments,3.9822010027942625,False
AUTONOMOUS_V913_ONE_D_DRIVER,Peak,v913_zeroD_sobol_0242980,1100.0,1,1,4,4,2.4335696912706477,18.914682684690003,16.481112993419355,21.46440176600551,RELOAD_SEPARATED_AVALANCHE,largest log-gap in positive source-defined external-displacement increments,3.9822010027942625,False
AUTONOMOUS_V913_ONE_D_DRIVER,Peak,v913_zeroD_sobol_0242980,1100.0,2,5,21,17,18.914682684690003,107.77927431065764,88.86459162596763,35.38364702488953,RIGHT_CENSORED_LONG_AVALANCHE,largest log-gap in positive source-defined external-displacement increments,3.9822010027942625,True
AUTONOMOUS_V913_ONE_D_DRIVER,Peak,v913_zeroD_sobol_0242980,1200.0,0,0,0,1,0.0,2.4335696912706477,2.4335696912706477,20.19010108160125,RELOAD_SEPARATED_PRECURSOR_EVENT,largest log-gap in positive source-defined external-displacement increments,3.8889307374615134,False
AUTONOMOUS_V913_ONE_D_DRIVER,Peak,v913_zeroD_sobol_0242980,1200.0,1,1,4,4,2.4335696912706477,18.914682684690003,16.481112993419355,21.037667380667514,RELOAD_SEPARATED_AVALANCHE,largest log-gap in positive source-defined external-displacement increments,3.8889307374615134,False
AUTONOMOUS_V913_ONE_D_DRIVER,Peak,v913_zeroD_sobol_0242980,1200.0,2,5,21,17,18.914682684690003,107.77927431065764,88.86459162596763,34.74258644343977,RIGHT_CENSORED_LONG_AVALANCHE,largest log-gap in positive source-defined external-displacement increments,3.8889307374615134,True
AUTONOMOUS_V913_ONE_D_DRIVER,Peak,v913_zeroD_sobol_0242980,300.0,0,0,0,1,0.0,2.4335696912706477,2.4335696912706477,23.673325088652895,RELOAD_SEPARATED_PRECURSOR_EVENT,largest log-gap in positive source-defined external-displacement increments,1.6720454288629245,False
AUTONOMOUS_V913_ONE_D_DRIVER,Peak,v913_zeroD_sobol_0242980,300.0,1,1,1,1,2.4335696912706477,8.269426255548096,5.835856564277448,24.104010447446377,RELOAD_SEPARATED_PRECURSOR_EVENT,largest log-gap in positive source-defined external-displacement increments,1.6720454288629245,False
AUTONOMOUS_V913_ONE_D_DRIVER,Peak,v913_zeroD_sobol_0242980,300.0,2,2,2,1,8.269426255548096,10.566766351172998,2.297340095624902,25.40678075907101,RELOAD_SEPARATED_PRECURSOR_EVENT,largest log-gap in positive source-defined external-displacement increments,1.6720454288629245,False
AUTONOMOUS_V913_ONE_D_DRIVER,Peak,v913_zeroD_sobol_0242980,300.0,3,3,4,2,10.566766351172998,18.914682684690003,8.347916333517006,25.455055068859483,RELOAD_SEPARATED_AVALANCHE,largest log-gap in positive source-defined external-displacement increments,1.6720454288629245,False
AUTONOMOUS_V913_ONE_D_DRIVER,Peak,v913_zeroD_sobol_0242980,300.0,4,5,13,9,18.914682684690003,47.46639350570406,28.55171082101406,24.65353073616431,RELOAD_SEPARATED_AVALANCHE,largest log-gap in positive source-defined external-displacement increments,1.6720454288629245,False
AUTONOMOUS_V913_ONE_D_DRIVER,Peak,v913_zeroD_sobol_0242980,300.0,5,14,21,8,47.46639350570406,107.77927431065764,60.31288080495358,24.90597563982108,RIGHT_CENSORED_LONG_AVALANCHE,largest log-gap in positive source-defined external-displacement increments,1.6720454288629245,True
AUTONOMOUS_V913_ONE_D_DRIVER,Peak,v913_zeroD_sobol_0242980,600.0,0,0,0,1,0.0,2.4335696912706477,2.4335696912706477,22.35882690889712,RELOAD_SEPARATED_PRECURSOR_EVENT,largest log-gap in positive source-defined external-displacement increments,1.6552425303511757,False
AUTONOMOUS_V913_ONE_D_DRIVER,Peak,v913_zeroD_sobol_0242980,600.0,1,1,1,1,2.4335696912706477,8.269426255548096,5.835856564277448,22.76265591301505,RELOAD_SEPARATED_PRECURSOR_EVENT,largest log-gap in positive source-defined external-displacement increments,1.6552425303511757,False
AUTONOMOUS_V913_ONE_D_DRIVER,Peak,v913_zeroD_sobol_0242980,600.0,2,2,2,1,8.269426255548096,10.566766351172998,2.297340095624902,23.992930523136387,RELOAD_SEPARATED_PRECURSOR_EVENT,largest log-gap in positive source-defined external-displacement increments,1.6552425303511757,False
AUTONOMOUS_V913_ONE_D_DRIVER,Peak,v913_zeroD_sobol_0242980,600.0,3,3,4,2,10.566766351172998,18.914682684690003,8.347916333517006,24.038522076932338,RELOAD_SEPARATED_AVALANCHE,largest log-gap in positive source-defined external-displacement increments,1.6552425303511757,False
AUTONOMOUS_V913_ONE_D_DRIVER,Peak,v913_zeroD_sobol_0242980,600.0,4,5,13,9,18.914682684690003,47.46639350570406,28.55171082101406,23.2815500114583,RELOAD_SEPARATED_AVALANCHE,largest log-gap in positive source-defined external-displacement increments,1.6552425303511757,False
AUTONOMOUS_V913_ONE_D_DRIVER,Peak,v913_zeroD_sobol_0242980,600.0,5,14,21,8,47.46639350570406,107.77927431065764,60.31288080495358,23.519945915065858,RIGHT_CENSORED_LONG_AVALANCHE,largest log-gap in positive source-defined external-displacement increments,1.6552425303511757,True
AUTONOMOUS_V913_ONE_D_DRIVER,Peak,v913_zeroD_sobol_0242980,900.0,0,0,0,1,0.0,2.4335696912706477,2.4335696912706477,21.3645678986251,RELOAD_SEPARATED_PRECURSOR_EVENT,largest log-gap in positive source-defined external-displacement increments,2.0568292832121378,False
AUTONOMOUS_V913_ONE_D_DRIVER,Peak,v913_zeroD_sobol_0242980,900.0,1,1,21,21,2.4335696912706477,107.77927431065764,105.34570461938699,21.860523853495874,RIGHT_CENSORED_LONG_AVALANCHE,largest log-gap in positive source-defined external-displacement increments,2.0568292832121378,True
